provider_symbol,symbol,sector,industry,source
20MICRONS.NS,20MICRONS,Basic Materials,Other Industrial Metals & Mining,
21STCENMGM.NS,21STCENMGM,Financial Services,Capital Markets,
360ONE.NS,360ONE,Financial Services,Asset Management,
3IINFOLTD.NS,3IINFOLTD,Technology,Information Technology Services,
3MINDIA.NS,3MINDIA,Industrials,Conglomerates,
5PAISA.NS,5PAISA,Financial Services,Capital Markets,
63MOONS.NS,63MOONS,Technology,Software—Application,
A2ZINFRA.NS,A2ZINFRA,Industrials,Engineering & Construction,
AAATECH.NS,AAATECH,Technology,Information Technology Services,
AADHARHFC.NS,AADHARHFC,Financial Services,Mortgage Finance,
AAKASH.NS,AAKASH,Energy,Oil & Gas Equipment & Services,
AAREYDRUGS.NS,AAREYDRUGS,Healthcare,Drug Manufacturers—Specialty & Generic,
AARON.NS,AARON,Industrials,Specialty Industrial Machinery,
AARTECH.NS,AARTECH,Industrials,Electrical Equipment & Parts,
AARTIDRUGS.NS,AARTIDRUGS,Healthcare,Drug Manufacturers—Specialty & Generic,
AARTIIND.NS,AARTIIND,Basic Materials,Specialty Chemicals,
AARTIPHARM.NS,AARTIPHARM,Healthcare,Drug Manufacturers—Specialty & Generic,
AARTISURF.NS,AARTISURF,Basic Materials,Specialty Chemicals,
AARVI.NS,AARVI,Industrials,Staffing & Employment Services,
AAVAS.NS,AAVAS,Financial Services,Mortgage Finance,
ABAN.NS,ABAN,Energy,Oil & Gas Drilling,
ABB.NS,ABB,Industrials,Specialty Industrial Machinery,
ABBOTINDIA.NS,ABBOTINDIA,Healthcare,Drug Manufacturers—Specialty & Generic,
ABCAPITAL.NS,ABCAPITAL,Financial Services,Financial Conglomerates,
ABCOTS.NS,ABCOTS,Consumer Cyclical,Textile Manufacturing,
ABDL.NS,ABDL,Consumer Defensive,Beverages—Wineries & Distilleries,
ABFRL.NS,ABFRL,Consumer Cyclical,Apparel Manufacturing,
ABINFRA.NS,ABINFRA,Industrials,Engineering & Construction,
ABLBL.NS,ABLBL,Consumer Cyclical,Apparel Retail,
ABMINTLLTD.NS,ABMINTLLTD,Basic Materials,Specialty Chemicals,
ABREL.NS,ABREL,Real Estate,Real Estate Services,
ABSLAMC.NS,ABSLAMC,Financial Services,Asset Management,
ACC.NS,ACC,Basic Materials,Building Materials,
ACCELYA.NS,ACCELYA,Technology,Information Technology Services,
ACCURACY.NS,ACCURACY,Industrials,Integrated Freight & Logistics,
ACE.NS,ACE,Industrials,Farm & Heavy Construction Machinery,
ACEINTEG.NS,ACEINTEG,Industrials,Staffing & Employment Services,
ACI.NS,ACI,Basic Materials,Chemicals,
ACL.NS,ACL,Basic Materials,Building Materials,
ACMESOLAR.NS,ACMESOLAR,Utilities,Utilities—Renewable,
ACUTAAS.NS,ACUTAAS,Basic Materials,Specialty Chemicals,
ADANIENSOL.NS,ADANIENSOL,Utilities,Utilities—Independent Power Producers,
ADANIENT.NS,ADANIENT,Industrials,,
ADANIGREEN.NS,ADANIGREEN,Utilities,Utilities—Renewable,
ADANIPORTS.NS,ADANIPORTS,Industrials,,
ADANIPOWER.NS,ADANIPOWER,Utilities,Utilities—Independent Power Producers,
ADFFOODS.NS,ADFFOODS,Consumer Defensive,Packaged Foods,
ADL.NS,ADL,Consumer Cyclical,"Furnishings, Fixtures & Appliances",
ADOR.NS,ADOR,Industrials,Specialty Industrial Machinery,
ADROITINFO.NS,ADROITINFO,Technology,Information Technology Services,
ADSL.NS,ADSL,Technology,Information Technology Services,
ADVAIT.NS,ADVAIT,Industrials,Specialty Industrial Machinery,
ADVANCE.NS,ADVANCE,Basic Materials,Agricultural Inputs,
ADVANIHOTR.NS,ADVANIHOTR,Consumer Cyclical,Lodging,
ADVENTHTL.NS,ADVENTHTL,Consumer Cyclical,Lodging,
ADVENZYMES.NS,ADVENZYMES,Basic Materials,Specialty Chemicals,
AEGISLOG.NS,AEGISLOG,Energy,Oil & Gas Refining & Marketing,
AEGISVOPAK.NS,AEGISVOPAK,Energy,Oil & Gas Equipment & Services,
AEPL.NS,AEPL,Industrials,Electrical Equipment & Parts,
AEQUS.NS,AEQUS,Industrials,Aerospace & Defense,
AEROENTER.NS,AEROENTER,Basic Materials,Steel,
AEROFLEX.NS,AEROFLEX,Industrials,Metal Fabrication,
AERONEU.NS,AERONEU,Consumer Cyclical,Packaging & Containers,
AEROPLANE.NS,AEROPLANE,Consumer Defensive,Farm Products,
AETHER.NS,AETHER,Basic Materials,Specialty Chemicals,
AFCONS.NS,AFCONS,Industrials,Engineering & Construction,
AFFLE.NS,AFFLE,Communication Services,Advertising Agencies,
AFFORDABLE.NS,AFFORDABLE,Industrials,Specialty Industrial Machinery,
AFIL.NS,AFIL,Financial Services,Credit Services,
AFSL.NS,AFSL,Financial Services,Capital Markets,
AGARIND.NS,AGARIND,Basic Materials,Specialty Chemicals,
AGARWALEYE.NS,AGARWALEYE,Healthcare,Medical Instruments & Supplies,
AGI.NS,AGI,Consumer Cyclical,Packaging & Containers,
AGIIL.NS,AGIIL,Real Estate,Real Estate—Development,
AGROPHOS.NS,AGROPHOS,Basic Materials,Agricultural Inputs,
AGSTRA.NS,AGSTRA,Technology,Software—Infrastructure,
AHCL.NS,AHCL,Healthcare,Drug Manufacturers—Specialty & Generic,
AHLADA.NS,AHLADA,Industrials,Building Products & Equipment,
AHLEAST.NS,AHLEAST,Consumer Cyclical,Lodging,
AHLUCONT.NS,AHLUCONT,Industrials,Engineering & Construction,
AHLWEST.NS,AHLWEST,Consumer Cyclical,Lodging,
AIAENG.NS,AIAENG,Industrials,Specialty Industrial Machinery,
AIIL.NS,AIIL,Financial Services,Capital Markets,
AIRAN.NS,AIRAN,Technology,Information Technology Services,
AIROLAM.NS,AIROLAM,Consumer Cyclical,"Furnishings, Fixtures & Appliances",
AJANTPHARM.NS,AJANTPHARM,Healthcare,Drug Manufacturers—Specialty & Generic,
AJAXENGG.NS,AJAXENGG,Industrials,Farm & Heavy Construction Machinery,
AJMERA.NS,AJMERA,Real Estate,Real Estate—Development,
AJOONI.NS,AJOONI,Consumer Defensive,Packaged Foods,
AKASH.NS,AKASH,Industrials,Engineering & Construction,
AKG.NS,AKG,Industrials,Industrial Distribution,
AKI.NS,AKI,Consumer Cyclical,Footwear & Accessories,
AKSHAR.NS,AKSHAR,Consumer Cyclical,Textile Manufacturing,
AKSHARCHEM.NS,AKSHARCHEM,Basic Materials,Specialty Chemicals,
AKSHOPTFBR.NS,AKSHOPTFBR,Technology,Communication Equipment,
AKUMS.NS,AKUMS,Healthcare,Drug Manufacturers—Specialty & Generic,
ALANKIT.NS,ALANKIT,Technology,Information Technology Services,
ALBERTDAVD.NS,ALBERTDAVD,Healthcare,Drug Manufacturers—Specialty & Generic,
ALEMBICLTD.NS,ALEMBICLTD,Real Estate,Real Estate—Development,
ALGOQUANT.NS,ALGOQUANT,Financial Services,Capital Markets,
ALICON.NS,ALICON,Industrials,Metal Fabrication,
ALIVUS.NS,ALIVUS,Healthcare,Drug Manufacturers—Specialty & Generic,
ALKALI.NS,ALKALI,Basic Materials,Specialty Chemicals,
ALKEM.NS,ALKEM,Healthcare,Drug Manufacturers—Specialty & Generic,
ALKYLAMINE.NS,ALKYLAMINE,Basic Materials,Specialty Chemicals,
ALLCARGO.NS,ALLCARGO,Industrials,Integrated Freight & Logistics,
ALLDIGI.NS,ALLDIGI,Industrials,Specialty Business Services,
ALLTIME.NS,ALLTIME,Consumer Defensive,Household & Personal Products,
ALMONDZ.NS,ALMONDZ,Financial Services,Capital Markets,
ALOKINDS.NS,ALOKINDS,Consumer Cyclical,Textile Manufacturing,
ALPA.NS,ALPA,Healthcare,Drug Manufacturers—Specialty & Generic,
ALPHAGEO.NS,ALPHAGEO,Energy,Oil & Gas Equipment & Services,
AMAGI.NS,AMAGI,Technology,Software—Application,
AMANTA.NS,AMANTA,Healthcare,Drug Manufacturers—Specialty & Generic,
AMBALALSA.NS,AMBALALSA,Healthcare,Drug Manufacturers—Specialty & Generic,
AMBER.NS,AMBER,Consumer Cyclical,"Furnishings, Fixtures & Appliances",
AMBICAAGAR.NS,AMBICAAGAR,Consumer Defensive,Household & Personal Products,
AMBIKCO.NS,AMBIKCO,Consumer Cyclical,Textile Manufacturing,
AMBUJACEM.NS,AMBUJACEM,Basic Materials,Building Materials,
AMDIND.NS,AMDIND,Consumer Cyclical,Packaging & Containers,
AMJLAND.NS,AMJLAND,Real Estate,Real Estate—Development,
AMNPLST.NS,AMNPLST,Basic Materials,Chemicals,
AMRUTANJAN.NS,AMRUTANJAN,Healthcare,Drug Manufacturers—Specialty & Generic,
ANANDRATHI.NS,ANANDRATHI,Financial Services,Asset Management,
ANANTRAJ.NS,ANANTRAJ,Real Estate,Real Estate—Development,
ANDHRAPAP.NS,ANDHRAPAP,Basic Materials,Paper & Paper Products,
ANDHRSUGAR.NS,ANDHRSUGAR,Basic Materials,Chemicals,
ANGELONE.NS,ANGELONE,Financial Services,Capital Markets,
ANIKINDS.NS,ANIKINDS,Consumer Defensive,Food Distribution,
ANMOL.NS,ANMOL,Energy,Thermal Coal,
ANSALAPI.NS,ANSALAPI,Real Estate,Real Estate—Development,
ANTELOPUS.NS,ANTELOPUS,Energy,Oil & Gas E&P,
ANTGRAPHIC.NS,ANTGRAPHIC,Consumer Cyclical,Packaging & Containers,
ANTHEM.NS,ANTHEM,Healthcare,Biotechnology,
ANUHPHR.NS,ANUHPHR,Healthcare,Drug Manufacturers—Specialty & Generic,
ANUP.NS,ANUP,Industrials,Specialty Industrial Machinery,
ANURAS.NS,ANURAS,Basic Materials,Specialty Chemicals,
APARINDS.NS,APARINDS,Industrials,Electrical Equipment & Parts,
APCL.NS,APCL,Basic Materials,Building Materials,
APCOTEXIND.NS,APCOTEXIND,Basic Materials,Specialty Chemicals,
APEX.NS,APEX,Consumer Defensive,Farm Products,
APLAPOLLO.NS,APLAPOLLO,Basic Materials,Steel,
APLLTD.NS,APLLTD,Healthcare,Drug Manufacturers—Specialty & Generic,
APOLLO.NS,APOLLO,Industrials,Aerospace & Defense,
APOLLOHOSP.NS,APOLLOHOSP,Healthcare,,
APOLLOPIPE.NS,APOLLOPIPE,Industrials,Building Products & Equipment,
APOLLOTYRE.NS,APOLLOTYRE,Consumer Cyclical,Auto Parts,
APOLSINHOT.NS,APOLSINHOT,Industrials,Specialty Business Services,
APTECHT.NS,APTECHT,Consumer Defensive,Education & Training Services,
APTUS.NS,APTUS,Financial Services,Mortgage Finance,
AQYLON.NS,AQYLON,Communication Services,Broadcasting,
ARCHIDPLY.NS,ARCHIDPLY,Basic Materials,Lumber & Wood Production,
ARCHIES.NS,ARCHIES,Consumer Cyclical,Specialty Retail,
ARE&M.NS,ARE&M,Industrials,Electrical Equipment & Parts,
ARENTERP.NS,ARENTERP,Basic Materials,Other Industrial Metals & Mining,
ARFIN.NS,ARFIN,Basic Materials,Aluminum,
ARIES.NS,ARIES,Basic Materials,Agricultural Inputs,
ARIHANT.NS,ARIHANT,Real Estate,Real Estate—Development,
ARIHANTCAP.NS,ARIHANTCAP,Financial Services,Capital Markets,
ARIHANTSUP.NS,ARIHANTSUP,Real Estate,Real Estate—Development,
ARIS.NS,ARIS,Industrials,Engineering & Construction,
ARKADE.NS,ARKADE,Real Estate,Real Estate—Development,
ARMANFIN.NS,ARMANFIN,Financial Services,Credit Services,
AROGRANITE.NS,AROGRANITE,Industrials,Building Products & Equipment,
ARROWGREEN.NS,ARROWGREEN,Consumer Cyclical,Packaging & Containers,
ARSHIYA.NS,ARSHIYA,Industrials,Integrated Freight & Logistics,
ARSSBL.NS,ARSSBL,Financial Services,Financial Conglomerates,
ARTNIRMAN.NS,ARTNIRMAN,Real Estate,Real Estate—Development,
ARVEE.NS,ARVEE,Basic Materials,Specialty Chemicals,
ARVIND.NS,ARVIND,Consumer Cyclical,Textile Manufacturing,
ARVINDFASN.NS,ARVINDFASN,Consumer Cyclical,Apparel Retail,
ARVSMART.NS,ARVSMART,Real Estate,Real Estate—Development,
ASAHIINDIA.NS,ASAHIINDIA,Consumer Cyclical,Auto Parts,
ASAHISONG.NS,ASAHISONG,Basic Materials,Specialty Chemicals,
ASAL.NS,ASAL,Consumer Cyclical,Auto Parts,
ASALCBR.NS,ASALCBR,Consumer Defensive,Beverages—Wineries & Distilleries,
ASHAPURMIN.NS,ASHAPURMIN,Basic Materials,Other Industrial Metals & Mining,
ASHIANA.NS,ASHIANA,Real Estate,Real Estate—Development,
ASHIMASYN.NS,ASHIMASYN,Real Estate,Real Estate—Development,
ASHOKA.NS,ASHOKA,Industrials,Engineering & Construction,
ASHOKAMET.NS,ASHOKAMET,Basic Materials,Steel,
ASHOKLEY.NS,ASHOKLEY,Industrials,Farm & Heavy Construction Machinery,
ASIANENE.NS,ASIANENE,Energy,Oil & Gas Equipment & Services,
ASIANHOTNR.NS,ASIANHOTNR,Consumer Cyclical,Lodging,
ASIANPAINT.NS,ASIANPAINT,Basic Materials,,
ASIANTILES.NS,ASIANTILES,Industrials,Building Products & Equipment,
ASKAUTOLTD.NS,ASKAUTOLTD,Consumer Cyclical,Auto Parts,
ASMS.NS,ASMS,Technology,Information Technology Services,
ASPINWALL.NS,ASPINWALL,Consumer Defensive,Farm Products,
ASTEC.NS,ASTEC,Basic Materials,Agricultural Inputs,
ASTERDM.NS,ASTERDM,Healthcare,Medical Care Facilities,
ASTRAL.NS,ASTRAL,Industrials,Building Products & Equipment,
ASTRAMICRO.NS,ASTRAMICRO,Technology,Communication Equipment,
ASTRAZEN.NS,ASTRAZEN,Healthcare,Drug Manufacturers—Specialty & Generic,
ASTRON.NS,ASTRON,Basic Materials,Paper & Paper Products,
ATALREAL.NS,ATALREAL,Industrials,Engineering & Construction,
ATAM.NS,ATAM,Industrials,Specialty Industrial Machinery,
ATGL.NS,ATGL,Utilities,Utilities—Regulated Gas,
ATHERENERG.NS,ATHERENERG,Consumer Cyclical,Auto Manufacturers,
ATL.NS,ATL,Industrials,Integrated Freight & Logistics,
ATLANTAA.NS,ATLANTAA,Industrials,Infrastructure Operations,
ATLANTAELE.NS,ATLANTAELE,Industrials,Electrical Equipment & Parts,
ATLASCYCLE.NS,ATLASCYCLE,Consumer Cyclical,Leisure,
ATUL.NS,ATUL,Basic Materials,Specialty Chemicals,
ATULAUTO.NS,ATULAUTO,Consumer Cyclical,Auto Manufacturers,
AUBANK.NS,AUBANK,Financial Services,Banks—Regional,
AURIGROW.NS,AURIGROW,Industrials,Electrical Equipment & Parts,
AURIONPRO.NS,AURIONPRO,Technology,Software—Application,
AUROPHARMA.NS,AUROPHARMA,Healthcare,Drug Manufacturers—Specialty & Generic,
AURUM.NS,AURUM,Real Estate,Real Estate Services,
AURUS.NS,AURUS,Consumer Cyclical,Luxury Goods,
AUSOMENT.NS,AUSOMENT,Financial Services,Capital Markets,
AUTOAXLES.NS,AUTOAXLES,Consumer Cyclical,Auto Parts,
AUTOIND.NS,AUTOIND,Consumer Cyclical,Auto Parts,
AVADHSUGAR.NS,AVADHSUGAR,Consumer Defensive,Confectioners,
AVALON.NS,AVALON,Technology,Electronic Components,
AVANTEL.NS,AVANTEL,Technology,Communication Equipment,
AVANTIFEED.NS,AVANTIFEED,Consumer Defensive,Packaged Foods,
AVG.NS,AVG,Industrials,Integrated Freight & Logistics,
AVL.NS,AVL,Consumer Cyclical,Specialty Retail,
AVONMORE.NS,AVONMORE,Financial Services,Capital Markets,
AVROIND.NS,AVROIND,Consumer Cyclical,"Furnishings, Fixtures & Appliances",
AVTNPL.NS,AVTNPL,Basic Materials,Specialty Chemicals,
AWFIS.NS,AWFIS,Industrials,Rental & Leasing Services,
AWHCL.NS,AWHCL,Industrials,Waste Management,
AWL.NS,AWL,Consumer Defensive,Packaged Foods,
AXISBANK.NS,AXISBANK,Financial Services,,
AXISCADES.NS,AXISCADES,Industrials,Engineering & Construction,
AXITA.NS,AXITA,Consumer Cyclical,Textile Manufacturing,
AYE.NS,AYE,Financial Services,Credit Services,
AYMSYNTEX.NS,AYMSYNTEX,Consumer Cyclical,Textile Manufacturing,
AZAD.NS,AZAD,Industrials,Specialty Industrial Machinery,
BAFNAPH.NS,BAFNAPH,Healthcare,Drug Manufacturers—Specialty & Generic,
BAGFILMS.NS,BAGFILMS,Communication Services,Broadcasting,
BAIDFIN.NS,BAIDFIN,Financial Services,Credit Services,
BAJAJ-AUTO.NS,BAJAJ-AUTO,Consumer Cyclical,,
BAJAJCON.NS,BAJAJCON,Consumer Defensive,Household & Personal Products,
BAJAJELEC.NS,BAJAJELEC,Consumer Cyclical,"Furnishings, Fixtures & Appliances",
BAJAJFINSV.NS,BAJAJFINSV,Financial Services,,
BAJAJHCARE.NS,BAJAJHCARE,Healthcare,Drug Manufacturers—Specialty & Generic,
BAJAJHFL.NS,BAJAJHFL,Financial Services,Mortgage Finance,
BAJAJHIND.NS,BAJAJHIND,Consumer Defensive,Confectioners,
BAJAJHLDNG.NS,BAJAJHLDNG,Financial Services,Asset Management,
BAJAJINDEF.NS,BAJAJINDEF,Industrials,Farm & Heavy Construction Machinery,
BAJEL.NS,BAJEL,Utilities,Utilities—Regulated Electric,
BAJFINANCE.NS,BAJFINANCE,Financial Services,,
BALAJEE.NS,BALAJEE,Consumer Cyclical,Packaging & Containers,
BALAJITELE.NS,BALAJITELE,Communication Services,Entertainment,
BALAMINES.NS,BALAMINES,Basic Materials,Specialty Chemicals,
BALAXI.NS,BALAXI,Healthcare,Drug Manufacturers—Specialty & Generic,
BALKRISHNA.NS,BALKRISHNA,Consumer Cyclical,Packaging & Containers,
BALKRISIND.NS,BALKRISIND,Consumer Cyclical,Auto Parts,
BALMLAWRIE.NS,BALMLAWRIE,Industrials,Conglomerates,
BALPHARMA.NS,BALPHARMA,Healthcare,Drug Manufacturers—Specialty & Generic,
BALRAMCHIN.NS,BALRAMCHIN,Consumer Defensive,Confectioners,
BALUFORGE.NS,BALUFORGE,Industrials,Metal Fabrication,
BANARBEADS.NS,BANARBEADS,Consumer Cyclical,Footwear & Accessories,
BANARISUG.NS,BANARISUG,Consumer Defensive,Confectioners,
BANCOINDIA.NS,BANCOINDIA,Consumer Cyclical,Auto Parts,
BANDHANBNK.NS,BANDHANBNK,Financial Services,Banks—Regional,
BANG.NS,BANG,Consumer Cyclical,Apparel Manufacturing,
BANKA.NS,BANKA,Industrials,Pollution & Treatment Controls,
BANKBARODA.NS,BANKBARODA,Financial Services,Banks—Regional,
BANKINDIA.NS,BANKINDIA,Financial Services,Banks—Regional,
BANSALWIRE.NS,BANSALWIRE,Basic Materials,Steel,
BANSWRAS.NS,BANSWRAS,Consumer Cyclical,Textile Manufacturing,
BASF.NS,BASF,Basic Materials,Specialty Chemicals,
BASML.NS,BASML,Consumer Cyclical,Textile Manufacturing,
BATAINDIA.NS,BATAINDIA,Consumer Cyclical,Footwear & Accessories,
BATLIBOI.NS,BATLIBOI,Industrials,Specialty Industrial Machinery,
BAYERCROP.NS,BAYERCROP,Basic Materials,Agricultural Inputs,
BBL.NS,BBL,Industrials,Electrical Equipment & Parts,
BBOX.NS,BBOX,Technology,Software—Application,
BBTC.NS,BBTC,Consumer Defensive,Packaged Foods,
BBTCL.NS,BBTCL,Consumer Cyclical,Packaging & Containers,
BCG.NS,BCG,Communication Services,Advertising Agencies,
BCLIND.NS,BCLIND,Consumer Defensive,Beverages—Wineries & Distilleries,
BCONCEPTS.NS,BCONCEPTS,Consumer Cyclical,Footwear & Accessories,
BCPL.NS,BCPL,Industrials,Infrastructure Operations,
BDL.NS,BDL,Industrials,Aerospace & Defense,
BEARDSELL.NS,BEARDSELL,Industrials,Building Products & Equipment,
BECTORFOOD.NS,BECTORFOOD,Consumer Defensive,Packaged Foods,
BEDMUTHA.NS,BEDMUTHA,Basic Materials,Steel,
BEL.NS,BEL,Industrials,Aerospace & Defense,
BELLACASA.NS,BELLACASA,Consumer Cyclical,Textile Manufacturing,
BELRISE.NS,BELRISE,Consumer Cyclical,Auto Parts,
BEML.NS,BEML,Industrials,Conglomerates,
BEPL.NS,BEPL,Basic Materials,Chemicals,
BERGEPAINT.NS,BERGEPAINT,Basic Materials,Specialty Chemicals,
BESTAGRO.NS,BESTAGRO,Basic Materials,Agricultural Inputs,
BETA.NS,BETA,Healthcare,Drug Manufacturers—Specialty & Generic,
BFINVEST.NS,BFINVEST,Financial Services,Asset Management,
BFUTILITIE.NS,BFUTILITIE,Industrials,Infrastructure Operations,
BGRENERGY.NS,BGRENERGY,Industrials,Engineering & Construction,
BHAGCHEM.NS,BHAGCHEM,Basic Materials,Agricultural Inputs,
BHAGERIA.NS,BHAGERIA,Basic Materials,Specialty Chemicals,
BHAGYANGR.NS,BHAGYANGR,Basic Materials,Copper,
BHANDARI.NS,BHANDARI,Consumer Cyclical,Apparel Manufacturing,
BHARATCOAL.NS,BHARATCOAL,Basic Materials,Coking Coal,
BHARATFORG.NS,BHARATFORG,Consumer Cyclical,Auto Parts,
BHARATGEAR.NS,BHARATGEAR,Consumer Cyclical,Auto Parts,
BHARATRAS.NS,BHARATRAS,Basic Materials,Agricultural Inputs,
BHARATSE.NS,BHARATSE,Consumer Cyclical,Auto Parts,
BHARATWIRE.NS,BHARATWIRE,Basic Materials,Steel,
BHARTIARTL.NS,BHARTIARTL,Communication Services,,
BHARTIHEXA.NS,BHARTIHEXA,Communication Services,Telecom Services,
BHEL.NS,BHEL,Industrials,Specialty Industrial Machinery,
BIGBLOC.NS,BIGBLOC,Industrials,Building Products & Equipment,
BIKAJI.NS,BIKAJI,Consumer Defensive,Packaged Foods,
BIL.NS,BIL,Consumer Cyclical,Footwear & Accessories,
BILVYAPAR.NS,BILVYAPAR,Basic Materials,Specialty Chemicals,
BIMETAL.NS,BIMETAL,Consumer Cyclical,Auto Parts,
BIOCON.NS,BIOCON,Healthcare,Biotechnology,
BIOFILCHEM.NS,BIOFILCHEM,Healthcare,Drug Manufacturers—Specialty & Generic,
BIRLACABLE.NS,BIRLACABLE,Technology,Communication Equipment,
BIRLACORPN.NS,BIRLACORPN,Basic Materials,Building Materials,
BIRLAMONEY.NS,BIRLAMONEY,Financial Services,Capital Markets,
BIRLANU.NS,BIRLANU,Industrials,Building Products & Equipment,
BLACKBUCK.NS,BLACKBUCK,Technology,Software—Application,
BLAL.NS,BLAL,Financial Services,Shell Companies,
BLBLIMITED.NS,BLBLIMITED,Financial Services,Capital Markets,
BLISSGVS.NS,BLISSGVS,Healthcare,Drug Manufacturers—Specialty & Generic,
BLKASHYAP.NS,BLKASHYAP,Industrials,Engineering & Construction,
BLS.NS,BLS,Industrials,Specialty Business Services,
BLSE.NS,BLSE,Industrials,Specialty Business Services,
BLUECHIP.NS,BLUECHIP,Financial Services,Capital Markets,
BLUECOAST.NS,BLUECOAST,Consumer Cyclical,Lodging,
BLUEDART.NS,BLUEDART,Industrials,Integrated Freight & Logistics,
BLUEJET.NS,BLUEJET,Healthcare,Biotechnology,
BLUESTARCO.NS,BLUESTARCO,Industrials,Building Products & Equipment,
BLUESTONE.NS,BLUESTONE,Consumer Cyclical,Luxury Goods,
BLUSPRING.NS,BLUSPRING,Industrials,Specialty Business Services,
BMWVENTLTD.NS,BMWVENTLTD,Basic Materials,Steel,
BODALCHEM.NS,BODALCHEM,Basic Materials,Specialty Chemicals,
BOHRAIND.NS,BOHRAIND,Basic Materials,Agricultural Inputs,
BOMDYEING.NS,BOMDYEING,Consumer Cyclical,Textile Manufacturing,
BONLON.NS,BONLON,Basic Materials,Other Industrial Metals & Mining,
BORANA.NS,BORANA,Consumer Cyclical,Textile Manufacturing,
BOROLTD.NS,BOROLTD,Consumer Cyclical,"Furnishings, Fixtures & Appliances",
BORORENEW.NS,BORORENEW,Technology,Solar,
BOROSCI.NS,BOROSCI,Consumer Cyclical,Packaging & Containers,
BOSCHLTD.NS,BOSCHLTD,Consumer Cyclical,Auto Parts,
BPCL.NS,BPCL,Energy,,
BPL.NS,BPL,Technology,Consumer Electronics,
BRIGADE.NS,BRIGADE,Real Estate,Real Estate—Development,
BRIGHOTEL.NS,BRIGHOTEL,Consumer Cyclical,Lodging,
BRITANNIA.NS,BRITANNIA,Consumer Defensive,,
BRNL.NS,BRNL,Industrials,Infrastructure Operations,
BROOKS.NS,BROOKS,Healthcare,Drug Manufacturers—Specialty & Generic,
BSE.NS,BSE,Financial Services,Financial Data & Stock Exchanges,
BSHSL.NS,BSHSL,Basic Materials,Agricultural Inputs,
BSL.NS,BSL,Consumer Cyclical,Textile Manufacturing,
BSOFT.NS,BSOFT,Technology,Information Technology Services,
BTML.NS,BTML,Communication Services,Entertainment,
BTTL.NS,BTTL,Consumer Cyclical,Textile Manufacturing,
BUILDPRO.NS,BUILDPRO,Consumer Cyclical,Home Improvement Retail,
BUTTERFLY.NS,BUTTERFLY,Consumer Cyclical,"Furnishings, Fixtures & Appliances",
BVCL.NS,BVCL,Basic Materials,Building Materials,
BYKE.NS,BYKE,Consumer Cyclical,Lodging,
CALSOFT.NS,CALSOFT,Technology,Software—Application,
CAMLINFINE.NS,CAMLINFINE,Basic Materials,Specialty Chemicals,
CAMPUS.NS,CAMPUS,Consumer Cyclical,Footwear & Accessories,
CAMS.NS,CAMS,Technology,Information Technology Services,
CANBK.NS,CANBK,Financial Services,Banks—Regional,
CANFINHOME.NS,CANFINHOME,Financial Services,Mortgage Finance,
CANHLIFE.NS,CANHLIFE,Financial Services,Insurance—Life,
CANTABIL.NS,CANTABIL,Consumer Cyclical,Apparel Manufacturing,
CAPACITE.NS,CAPACITE,Industrials,Engineering & Construction,
CAPILLARY.NS,CAPILLARY,Technology,Software—Infrastructure,
CAPITALSFB.NS,CAPITALSFB,Financial Services,Banks—Regional,
CAPLIPOINT.NS,CAPLIPOINT,Healthcare,Drug Manufacturers—Specialty & Generic,
CAPTRUST.NS,CAPTRUST,Financial Services,Credit Services,
CARBORUNIV.NS,CARBORUNIV,Industrials,Conglomerates,
CARERATING.NS,CARERATING,Financial Services,Financial Data & Stock Exchanges,
CARRARO.NS,CARRARO,Consumer Cyclical,Auto Parts,
CARTRADE.NS,CARTRADE,Consumer Cyclical,Auto & Truck Dealerships,
CARYSIL.NS,CARYSIL,Consumer Cyclical,"Furnishings, Fixtures & Appliances",
CASTROLIND.NS,CASTROLIND,Energy,Oil & Gas Refining & Marketing,
CCAVENUE.NS,CCAVENUE,Technology,Software—Infrastructure,
CCCL.NS,CCCL,Industrials,Engineering & Construction,
CCHHL.NS,CCHHL,Consumer Cyclical,Lodging,
CCL.NS,CCL,Consumer Defensive,Packaged Foods,
CDSL.NS,CDSL,Financial Services,Capital Markets,
CEATLTD.NS,CEATLTD,Consumer Cyclical,Auto Parts,
CEIGALL.NS,CEIGALL,Industrials,Engineering & Construction,
CEINSYS.NS,CEINSYS,Industrials,Engineering & Construction,
CELEBRITY.NS,CELEBRITY,Consumer Cyclical,Apparel Manufacturing,
CELLO.NS,CELLO,Consumer Cyclical,"Furnishings, Fixtures & Appliances",
CEMPRO.NS,CEMPRO,Industrials,Engineering & Construction,
CENTENKA.NS,CENTENKA,Consumer Cyclical,Textile Manufacturing,
CENTEXT.NS,CENTEXT,Basic Materials,Aluminum,
CENTRALBK.NS,CENTRALBK,Financial Services,Banks—Regional,
CENTRUM.NS,CENTRUM,Financial Services,Financial Conglomerates,
CENTUM.NS,CENTUM,Technology,Electronic Components,
CENTURYPLY.NS,CENTURYPLY,Basic Materials,Lumber & Wood Production,
CERA.NS,CERA,Industrials,Building Products & Equipment,
CEREBRAINT.NS,CEREBRAINT,Industrials,Waste Management,
CESC.NS,CESC,Utilities,Utilities—Regulated Electric,
CEWATER.NS,CEWATER,Utilities,Utilities—Regulated Water,
CGCL.NS,CGCL,Financial Services,Credit Services,
CGPOWER.NS,CGPOWER,Industrials,Electrical Equipment & Parts,
CHALET.NS,CHALET,Consumer Cyclical,Lodging,
CHAMBLFERT.NS,CHAMBLFERT,Basic Materials,Agricultural Inputs,
CHEMBOND.NS,CHEMBOND,Basic Materials,Specialty Chemicals,
CHEMBONDCH.NS,CHEMBONDCH,Basic Materials,Specialty Chemicals,
CHEMCON.NS,CHEMCON,Basic Materials,Specialty Chemicals,
CHEMFAB.NS,CHEMFAB,Basic Materials,Specialty Chemicals,
CHEMPLASTS.NS,CHEMPLASTS,Basic Materials,Chemicals,
CHENNPETRO.NS,CHENNPETRO,Energy,Oil & Gas Refining & Marketing,
CHEVIOT.NS,CHEVIOT,Consumer Cyclical,Textile Manufacturing,
CHOICEIN.NS,CHOICEIN,Financial Services,Capital Markets,
CHOLAFIN.NS,CHOLAFIN,Financial Services,Credit Services,
CHOLAHLDNG.NS,CHOLAHLDNG,Financial Services,Credit Services,
CIEINDIA.NS,CIEINDIA,Consumer Cyclical,Auto Parts,
CIFL.NS,CIFL,Financial Services,Credit Services,
CINELINE.NS,CINELINE,Communication Services,Entertainment,
CINEVISTA.NS,CINEVISTA,Communication Services,Entertainment,
CIPLA.NS,CIPLA,Healthcare,,
CLCIND.NS,CLCIND,Consumer Cyclical,Textile Manufacturing,
CLEAN.NS,CLEAN,Basic Materials,Specialty Chemicals,
CLEANMAX.NS,CLEANMAX,Utilities,Utilities—Renewable,
CLEDUCATE.NS,CLEDUCATE,Consumer Defensive,Education & Training Services,
CLSEL.NS,CLSEL,Consumer Defensive,Packaged Foods,
CMPDI.NS,CMPDI,Basic Materials,Other Industrial Metals & Mining,
CMSINFO.NS,CMSINFO,Industrials,Specialty Business Services,
CNL.NS,CNL,Technology,Electronics & Computer Distribution,
COALINDIA.NS,COALINDIA,Energy,,
COASTCORP.NS,COASTCORP,Consumer Defensive,Packaged Foods,
COCHINSHIP.NS,COCHINSHIP,Industrials,Aerospace & Defense,
COCKERILL.NS,COCKERILL,Industrials,Metal Fabrication,
COFFEEDAY.NS,COFFEEDAY,Consumer Cyclical,Restaurants,
COFORGE.NS,COFORGE,Technology,Information Technology Services,
COHANCE.NS,COHANCE,Healthcare,Drug Manufacturers—Specialty & Generic,
COLPAL.NS,COLPAL,Consumer Defensive,Household & Personal Products,
COMPINFO.NS,COMPINFO,Technology,Electronics & Computer Distribution,
COMPUSOFT.NS,COMPUSOFT,Consumer Defensive,Education & Training Services,
COMSYN.NS,COMSYN,Consumer Cyclical,Packaging & Containers,
CONCOR.NS,CONCOR,Industrials,Railroads,
CONCORDBIO.NS,CONCORDBIO,Healthcare,Biotechnology,
CONFIPET.NS,CONFIPET,Energy,Oil & Gas Refining & Marketing,
CONSOFINVT.NS,CONSOFINVT,Financial Services,Capital Markets,
CONTROLPR.NS,CONTROLPR,Industrials,Business Equipment & Supplies,
CORALFINAC.NS,CORALFINAC,Real Estate,Real Estate Services,
CORDSCABLE.NS,CORDSCABLE,Industrials,Electrical Equipment & Parts,
COROMANDEL.NS,COROMANDEL,Basic Materials,Agricultural Inputs,
CORONA.NS,CORONA,Healthcare,Drug Manufacturers—General,
COSMOFIRST.NS,COSMOFIRST,Consumer Cyclical,Packaging & Containers,
COUNCODOS.NS,COUNCODOS,Real Estate,Real Estate—Development,
CPCAP.NS,CPCAP,Financial Services,Credit Services,
CPPLUS.NS,CPPLUS,Industrials,Building Products & Equipment,
CRAFTSMAN.NS,CRAFTSMAN,Consumer Cyclical,Auto Parts,
CRAMC.NS,CRAMC,Financial Services,Asset Management,
CREATIVEYE.NS,CREATIVEYE,Communication Services,Entertainment,
CREDITACC.NS,CREDITACC,Financial Services,Credit Services,
CREST.NS,CREST,Financial Services,Financial Conglomerates,
CRISIL.NS,CRISIL,Financial Services,Financial Data & Stock Exchanges,
CRIZAC.NS,CRIZAC,Consumer Defensive,Education & Training Services,
CROMPTON.NS,CROMPTON,Consumer Cyclical,"Furnishings, Fixtures & Appliances",
CROWN.NS,CROWN,Industrials,Rental & Leasing Services,
CSBBANK.NS,CSBBANK,Financial Services,Banks—Regional,
CSLFINANCE.NS,CSLFINANCE,Financial Services,Credit Services,
CTE.NS,CTE,Technology,Information Technology Services,
CUB.NS,CUB,Financial Services,Banks—Regional,
CUBEXTUB.NS,CUBEXTUB,Basic Materials,Copper,
CUMMINSIND.NS,CUMMINSIND,Industrials,Specialty Industrial Machinery,
CUPID.NS,CUPID,Consumer Defensive,Household & Personal Products,
CURAA.NS,CURAA,Technology,Software—Application,
CYBERMEDIA.NS,CYBERMEDIA,Communication Services,Publishing,
CYBERTECH.NS,CYBERTECH,Technology,Information Technology Services,
CYIENT.NS,CYIENT,Industrials,Conglomerates,
CYIENTDLM.NS,CYIENTDLM,Industrials,Aerospace & Defense,
DABUR.NS,DABUR,Consumer Defensive,Household & Personal Products,
DALBHARAT.NS,DALBHARAT,Basic Materials,Building Materials,
DALMIASUG.NS,DALMIASUG,Consumer Defensive,Confectioners,
DAMCAPITAL.NS,DAMCAPITAL,Financial Services,Capital Markets,
DAMODARIND.NS,DAMODARIND,Consumer Cyclical,Textile Manufacturing,
DANGEE.NS,DANGEE,Consumer Cyclical,Restaurants,
DATAMATICS.NS,DATAMATICS,Technology,Information Technology Services,
DATAPATTNS.NS,DATAPATTNS,Industrials,Aerospace & Defense,
DAVANGERE.NS,DAVANGERE,Consumer Defensive,Confectioners,
DBCORP.NS,DBCORP,Communication Services,Publishing,
DBEIL.NS,DBEIL,Industrials,Engineering & Construction,
DBL.NS,DBL,Industrials,Engineering & Construction,
DBOL.NS,DBOL,Consumer Defensive,Farm Products,
DBREALTY.NS,DBREALTY,Real Estate,Real Estate—Development,
DBSTOCKBRO.NS,DBSTOCKBRO,Financial Services,Capital Markets,
DCAL.NS,DCAL,Healthcare,Biotechnology,
DCBBANK.NS,DCBBANK,Financial Services,Banks—Regional,
DCI.NS,DCI,Technology,Electronics & Computer Distribution,
DCM.NS,DCM,Industrials,Metal Fabrication,
DCMFINSERV.NS,DCMFINSERV,Financial Services,Credit Services,
DCMNVL.NS,DCMNVL,Consumer Cyclical,Textile Manufacturing,
DCMSHRIRAM.NS,DCMSHRIRAM,Industrials,Conglomerates,
DCMSIL.NS,DCMSIL,Industrials,Industrial Distribution,
DCMSRIND.NS,DCMSRIND,Consumer Defensive,Confectioners,
DCW.NS,DCW,Basic Materials,Chemicals,
DCXINDIA.NS,DCXINDIA,Industrials,Aerospace & Defense,
DDEVPLSTIK.NS,DDEVPLSTIK,Basic Materials,Specialty Chemicals,
DECCANCE.NS,DECCANCE,Basic Materials,Building Materials,
DEEDEV.NS,DEEDEV,Industrials,Metal Fabrication,
DEEPAKFERT.NS,DEEPAKFERT,Basic Materials,Chemicals,
DEEPAKNTR.NS,DEEPAKNTR,Basic Materials,Chemicals,
DEEPINDS.NS,DEEPINDS,Energy,Oil & Gas E&P,
DELHIVERY.NS,DELHIVERY,Industrials,Integrated Freight & Logistics,
DELPHIFX.NS,DELPHIFX,Financial Services,Capital Markets,
DELTACORP.NS,DELTACORP,Consumer Cyclical,Resorts & Casinos,
DELTAMAGNT.NS,DELTAMAGNT,Consumer Cyclical,Textile Manufacturing,
DEN.NS,DEN,Communication Services,Entertainment,
DENORA.NS,DENORA,Industrials,Electrical Equipment & Parts,
DENTA.NS,DENTA,Industrials,Engineering & Construction,
DEVIT.NS,DEVIT,Technology,Information Technology Services,
DEVX.NS,DEVX,Real Estate,Real Estate Services,
DEVYANI.NS,DEVYANI,Consumer Cyclical,Restaurants,
DGCONTENT.NS,DGCONTENT,Communication Services,Internet Content & Information,
DHAMPURSUG.NS,DHAMPURSUG,Consumer Defensive,Confectioners,
DHANBANK.NS,DHANBANK,Financial Services,Banks—Regional,
DHANUKA.NS,DHANUKA,Basic Materials,Agricultural Inputs,
DHARAN.NS,DHARAN,Real Estate,Real Estate—Development,
DHARMAJ.NS,DHARMAJ,Basic Materials,Agricultural Inputs,
DHRUV.NS,DHRUV,Industrials,Engineering & Construction,
DHUNINV.NS,DHUNINV,Financial Services,Capital Markets,
DIACABS.NS,DIACABS,Industrials,Specialty Industrial Machinery,
DIAMINESQ.NS,DIAMINESQ,Basic Materials,Chemicals,
DIAMONDYD.NS,DIAMONDYD,Consumer Defensive,Packaged Foods,
DICIND.NS,DICIND,Basic Materials,Specialty Chemicals,
DIFFNKG.NS,DIFFNKG,Industrials,Specialty Industrial Machinery,
DIGIDRIVE.NS,DIGIDRIVE,Consumer Cyclical,Internet Retail,
DIGISPICE.NS,DIGISPICE,Financial Services,Financial Conglomerates,
DIGITIDE.NS,DIGITIDE,Industrials,Specialty Business Services,
DIGJAMLMTD.NS,DIGJAMLMTD,Consumer Cyclical,Textile Manufacturing,
DIL.NS,DIL,Industrials,Farm & Heavy Construction Machinery,
DISHTV.NS,DISHTV,Communication Services,Entertainment,
DIVGIITTS.NS,DIVGIITTS,Consumer Cyclical,Auto Parts,
DIVISLAB.NS,DIVISLAB,Healthcare,,
DIXON.NS,DIXON,Technology,Consumer Electronics,
DJML.NS,DJML,Industrials,Specialty Business Services,
DLF.NS,DLF,Real Estate,Real Estate—Development,
DLINKINDIA.NS,DLINKINDIA,Technology,Communication Equipment,
DMART.NS,DMART,Consumer Defensive,,
DMCC.NS,DMCC,Basic Materials,Chemicals,
DNAMEDIA.NS,DNAMEDIA,Communication Services,Publishing,
DODLA.NS,DODLA,Consumer Defensive,Food Distribution,
DOLATALGO.NS,DOLATALGO,Financial Services,Capital Markets,
DOLLAR.NS,DOLLAR,Consumer Cyclical,Apparel Manufacturing,
DOLPHIN.NS,DOLPHIN,Energy,Oil & Gas Equipment & Services,
DOMS.NS,DOMS,Industrials,Business Equipment & Supplies,
DONEAR.NS,DONEAR,Consumer Cyclical,Textile Manufacturing,
DPABHUSHAN.NS,DPABHUSHAN,Consumer Cyclical,Luxury Goods,
DPSCLTD.NS,DPSCLTD,Utilities,Utilities—Regulated Electric,
DPWIRES.NS,DPWIRES,Industrials,Metal Fabrication,
DRCSYSTEMS.NS,DRCSYSTEMS,Technology,Information Technology Services,
DREAMFOLKS.NS,DREAMFOLKS,Industrials,Airports & Air Services,
DREDGECORP.NS,DREDGECORP,Industrials,Engineering & Construction,
DRREDDY.NS,DRREDDY,Healthcare,,
DSFCL.NS,DSFCL,Basic Materials,Specialty Chemicals,
DSSL.NS,DSSL,Technology,Information Technology Services,
DTIL.NS,DTIL,Consumer Defensive,Packaged Foods,
DUCON.NS,DUCON,Industrials,Specialty Industrial Machinery,
DVL.NS,DVL,Financial Services,Capital Markets,
DWARKESH.NS,DWARKESH,Consumer Defensive,Confectioners,
DYCL.NS,DYCL,Industrials,Electrical Equipment & Parts,
DYNAMATECH.NS,DYNAMATECH,Consumer Cyclical,Auto Parts,
DYNPRO.NS,DYNPRO,Basic Materials,Specialty Chemicals,
E2E.NS,E2E,Technology,Software—Infrastructure,
EASEMYTRIP.NS,EASEMYTRIP,Consumer Cyclical,Travel Services,
EASTSILK.NS,EASTSILK,Consumer Cyclical,Textile Manufacturing,
EBGNG.NS,EBGNG,Technology,Computer Hardware,
ECLERX.NS,ECLERX,Technology,Information Technology Services,
ECOSMOBLTY.NS,ECOSMOBLTY,Industrials,Rental & Leasing Services,
EDELWEISS.NS,EDELWEISS,Financial Services,Financial Conglomerates,
EDUCOMP.NS,EDUCOMP,Consumer Defensive,Education & Training Services,
EFCIL.NS,EFCIL,Real Estate,Real Estate Services,
EICHERMOT.NS,EICHERMOT,Consumer Cyclical,,
EIDPARRY.NS,EIDPARRY,Basic Materials,Agricultural Inputs,
EIEL.NS,EIEL,Industrials,Engineering & Construction,
EIFFL.NS,EIFFL,Consumer Defensive,Packaged Foods,
EIHAHOTELS.NS,EIHAHOTELS,Consumer Cyclical,Lodging,
EIHOTEL.NS,EIHOTEL,Consumer Cyclical,Lodging,
EIMCOELECO.NS,EIMCOELECO,Industrials,Farm & Heavy Construction Machinery,
EKC.NS,EKC,Industrials,Specialty Industrial Machinery,
ELANTAS.NS,ELANTAS,Basic Materials,Specialty Chemicals,
ELDEHSG.NS,ELDEHSG,Real Estate,Real Estate Services,
ELECON.NS,ELECON,Industrials,Specialty Industrial Machinery,
ELECTCAST.NS,ELECTCAST,Industrials,Building Products & Equipment,
ELECTHERM.NS,ELECTHERM,Basic Materials,Steel,
ELGIEQUIP.NS,ELGIEQUIP,Industrials,Specialty Industrial Machinery,
ELGIRUBCO.NS,ELGIRUBCO,Consumer Cyclical,Auto Parts,
ELIN.NS,ELIN,Industrials,Electrical Equipment & Parts,
ELLEN.NS,ELLEN,Basic Materials,Chemicals,
ELPROINTL.NS,ELPROINTL,Real Estate,Real Estate Services,
EMAMILTD.NS,EMAMILTD,Consumer Defensive,Household & Personal Products,
EMAMIPAP.NS,EMAMIPAP,Basic Materials,Paper & Paper Products,
EMAMIREAL.NS,EMAMIREAL,Real Estate,Real Estate—Development,
EMBDL.NS,EMBDL,Real Estate,Real Estate—Diversified,
EMCURE.NS,EMCURE,Healthcare,Drug Manufacturers—Specialty & Generic,
EMIL.NS,EMIL,Consumer Cyclical,Specialty Retail,
EMKAY.NS,EMKAY,Financial Services,Capital Markets,
EMMBI.NS,EMMBI,Consumer Cyclical,Packaging & Containers,
EMMVEE.NS,EMMVEE,Technology,Solar,
EMSLIMITED.NS,EMSLIMITED,Industrials,Engineering & Construction,
EMUDHRA.NS,EMUDHRA,Technology,Software—Application,
ENDURANCE.NS,ENDURANCE,Consumer Cyclical,Auto Parts,
ENERGYDEV.NS,ENERGYDEV,Utilities,Utilities—Regulated Electric,
ENGINERSIN.NS,ENGINERSIN,Industrials,Engineering & Construction,
ENIL.NS,ENIL,Communication Services,Broadcasting,
ENRIN.NS,ENRIN,Utilities,Utilities—Renewable,
ENTERO.NS,ENTERO,Healthcare,Medical Distribution,
EPACK.NS,EPACK,Consumer Cyclical,"Furnishings, Fixtures & Appliances",
EPACKPEB.NS,EPACKPEB,Industrials,Engineering & Construction,
EPIGRAL.NS,EPIGRAL,Basic Materials,Chemicals,
EPL.NS,EPL,Consumer Cyclical,Packaging & Containers,
EQUIPPP.NS,EQUIPPP,Technology,Information Technology Services,
EQUITASBNK.NS,EQUITASBNK,Financial Services,Banks—Regional,
ERIS.NS,ERIS,Healthcare,Drug Manufacturers—Specialty & Generic,
ESABINDIA.NS,ESABINDIA,Industrials,Tools & Accessories,
ESAFSFB.NS,ESAFSFB,Financial Services,Banks—Regional,
ESCORTS.NS,ESCORTS,Industrials,Farm & Heavy Construction Machinery,
ESSARSHPNG.NS,ESSARSHPNG,Industrials,Marine Shipping,
ESSENTIA.NS,ESSENTIA,Consumer Defensive,Food Distribution,
ESTER.NS,ESTER,Basic Materials,Specialty Chemicals,
ETERNAL.NS,ETERNAL,Consumer Cyclical,Internet Retail,
ETHOSLTD.NS,ETHOSLTD,Consumer Cyclical,Luxury Goods,
EUREKAFORB.NS,EUREKAFORB,Consumer Cyclical,"Furnishings, Fixtures & Appliances",
EUROBOND.NS,EUROBOND,Industrials,Building Products & Equipment,
EUROPRATIK.NS,EUROPRATIK,Basic Materials,Building Materials,
EUROTEXIND.NS,EUROTEXIND,Real Estate,Real Estate—Development,
EVEREADY.NS,EVEREADY,Industrials,Electrical Equipment & Parts,
EVERESTIND.NS,EVERESTIND,Industrials,Building Products & Equipment,
EXCELINDUS.NS,EXCELINDUS,Basic Materials,Specialty Chemicals,
EXCELSOFT.NS,EXCELSOFT,Technology,Software—Application,
EXICOM.NS,EXICOM,Industrials,Electrical Equipment & Parts,
EXIDEIND.NS,EXIDEIND,Consumer Cyclical,Auto Parts,
EXPLEOSOL.NS,EXPLEOSOL,Technology,Information Technology Services,
EXXARO.NS,EXXARO,Industrials,Building Products & Equipment,
FABTECH.NS,FABTECH,Healthcare,Health Information Services,
FACT.NS,FACT,Basic Materials,Agricultural Inputs,
FAIRCHEMOR.NS,FAIRCHEMOR,Basic Materials,Specialty Chemicals,
FAZE3Q.NS,FAZE3Q,Consumer Cyclical,Textile Manufacturing,
FCL.NS,FCL,Basic Materials,Specialty Chemicals,
FCONSUMER.NS,FCONSUMER,Consumer Defensive,Packaged Foods,
FCSSOFT.NS,FCSSOFT,Technology,Information Technology Services,
FDC.NS,FDC,Healthcare,Drug Manufacturers—Specialty & Generic,
FEDERALBNK.NS,FEDERALBNK,Financial Services,Banks—Regional,
FEDFINA.NS,FEDFINA,Financial Services,Credit Services,
FIBERWEB.NS,FIBERWEB,Consumer Cyclical,Textile Manufacturing,
FIEMIND.NS,FIEMIND,Consumer Cyclical,Auto Parts,
FILATEX.NS,FILATEX,Consumer Cyclical,Textile Manufacturing,
FILATFASH.NS,FILATFASH,Consumer Cyclical,Apparel Manufacturing,
FINCABLES.NS,FINCABLES,Industrials,Electrical Equipment & Parts,
FINEORG.NS,FINEORG,Basic Materials,Specialty Chemicals,
FINKURVE.NS,FINKURVE,Financial Services,Credit Services,
FINOPB.NS,FINOPB,Financial Services,Banks—Regional,
FINPIPE.NS,FINPIPE,Industrials,Building Products & Equipment,
FIRSTCRY.NS,FIRSTCRY,Consumer Cyclical,Internet Retail,
FISCHER.NS,FISCHER,Healthcare,Medical Devices,
FIVESTAR.NS,FIVESTAR,Financial Services,Credit Services,
FLAIR.NS,FLAIR,Industrials,Business Equipment & Supplies,
FLEXITUFF.NS,FLEXITUFF,Consumer Cyclical,Textile Manufacturing,
FLUOROCHEM.NS,FLUOROCHEM,Basic Materials,Specialty Chemicals,
FMGOETZE.NS,FMGOETZE,Consumer Cyclical,Auto Parts,
FMNL.NS,FMNL,Real Estate,Real Estate Services,
FOCUS.NS,FOCUS,Consumer Cyclical,"Furnishings, Fixtures & Appliances",
FOODSIN.NS,FOODSIN,Consumer Defensive,Packaged Foods,
FORCEMOT.NS,FORCEMOT,Consumer Cyclical,Auto Manufacturers,
FORTIS.NS,FORTIS,Healthcare,Medical Care Facilities,
FOSECOIND.NS,FOSECOIND,Basic Materials,Chemicals,
FRACTAL.NS,FRACTAL,Technology,Software—Infrastructure,
FSL.NS,FSL,Technology,Information Technology Services,
FUSION.NS,FUSION,Financial Services,Credit Services,
GABRIEL.NS,GABRIEL,Consumer Cyclical,Auto Parts,
GAEL.NS,GAEL,Consumer Defensive,Packaged Foods,
GAIL.NS,GAIL,Utilities,Utilities—Regulated Gas,
GALAPREC.NS,GALAPREC,Industrials,Specialty Industrial Machinery,
GALAXYSURF.NS,GALAXYSURF,Basic Materials,Specialty Chemicals,
GALLANTT.NS,GALLANTT,Basic Materials,Steel,
GANDHAR.NS,GANDHAR,Energy,Oil & Gas Refining & Marketing,
GANDHITUBE.NS,GANDHITUBE,Industrials,Metal Fabrication,
GANECOS.NS,GANECOS,Consumer Cyclical,Textile Manufacturing,
GANESHBE.NS,GANESHBE,Basic Materials,Specialty Chemicals,
GANESHCP.NS,GANESHCP,Consumer Defensive,Packaged Foods,
GANESHHOU.NS,GANESHHOU,Real Estate,Real Estate—Development,
GANGAFORGE.NS,GANGAFORGE,Industrials,Metal Fabrication,
GANGESSECU.NS,GANGESSECU,Consumer Defensive,Packaged Foods,
GARFIBRES.NS,GARFIBRES,Consumer Cyclical,Textile Manufacturing,
GARUDA.NS,GARUDA,Industrials,Engineering & Construction,
GATECH.NS,GATECH,Financial Services,Asset Management,
GATECHDVR.NS,GATECHDVR,Financial Services,Asset Management,
GATEWAY.NS,GATEWAY,Industrials,Integrated Freight & Logistics,
GAUDIUMIVF.NS,GAUDIUMIVF,Healthcare,Medical Care Facilities,
GAYAHWS.NS,GAYAHWS,Industrials,Infrastructure Operations,
GAYAPROJ.NS,GAYAPROJ,Industrials,Engineering & Construction,
GCSL.NS,GCSL,Financial Services,Capital Markets,
GEECEE.NS,GEECEE,Real Estate,Real Estate—Development,
GEEKAYWIRE.NS,GEEKAYWIRE,Industrials,Electrical Equipment & Parts,
GEMAROMA.NS,GEMAROMA,Basic Materials,Chemicals,
GENCON.NS,GENCON,Industrials,Engineering & Construction,
GENESYS.NS,GENESYS,Technology,Software—Application,
GENSOL.NS,GENSOL,Technology,Solar,
GENUSPAPER.NS,GENUSPAPER,Basic Materials,Paper & Paper Products,
GENUSPOWER.NS,GENUSPOWER,Industrials,Electrical Equipment & Parts,
GEOJITFSL.NS,GEOJITFSL,Financial Services,Capital Markets,
GESHIP.NS,GESHIP,Industrials,Marine Shipping,
GFLLIMITED.NS,GFLLIMITED,Financial Services,Asset Management,
GFSTEELS.NS,GFSTEELS,Basic Materials,Steel,
GHCL.NS,GHCL,Basic Materials,Chemicals,
GHCLTEXTIL.NS,GHCLTEXTIL,Consumer Cyclical,Textile Manufacturing,
GICHSGFIN.NS,GICHSGFIN,Financial Services,Mortgage Finance,
GICL.NS,GICL,Industrials,Integrated Freight & Logistics,
GICRE.NS,GICRE,Financial Services,Insurance—Reinsurance,
GILLANDERS.NS,GILLANDERS,Consumer Defensive,Farm Products,
GILLETTE.NS,GILLETTE,Consumer Defensive,Household & Personal Products,
GINNIFILA.NS,GINNIFILA,Consumer Cyclical,Textile Manufacturing,
GIPCL.NS,GIPCL,Utilities,Utilities—Regulated Electric,
GKENERGY.NS,GKENERGY,Utilities,Utilities—Renewable,
GKSL.NS,GKSL,Healthcare,Medical Care Facilities,
GKWLIMITED.NS,GKWLIMITED,Industrials,Specialty Business Services,
GLAND.NS,GLAND,Healthcare,Drug Manufacturers—Specialty & Generic,
GLAXO.NS,GLAXO,Healthcare,Drug Manufacturers—General,
GLENMARK.NS,GLENMARK,Healthcare,Drug Manufacturers—Specialty & Generic,
GLFL.NS,GLFL,Financial Services,Shell Companies,
GLOBAL.NS,GLOBAL,Consumer Defensive,Education & Training Services,
GLOBALE.NS,GLOBALE,Consumer Cyclical,Textile Manufacturing,
GLOBALVECT.NS,GLOBALVECT,Industrials,Airports & Air Services,
GLOBE.NS,GLOBE,Consumer Cyclical,Textile Manufacturing,
GLOBECIVIL.NS,GLOBECIVIL,Industrials,Engineering & Construction,
GLOBUSSPR.NS,GLOBUSSPR,Consumer Defensive,Beverages—Wineries & Distilleries,
GLOSTERLTD.NS,GLOSTERLTD,Consumer Cyclical,Textile Manufacturing,
GLOTTIS.NS,GLOTTIS,Industrials,Integrated Freight & Logistics,
GMBREW.NS,GMBREW,Consumer Defensive,Beverages—Wineries & Distilleries,
GMDCLTD.NS,GMDCLTD,Energy,Thermal Coal,
GMMPFAUDLR.NS,GMMPFAUDLR,Industrials,Specialty Industrial Machinery,
GMRAIRPORT.NS,GMRAIRPORT,Industrials,Airports & Air Services,
GMRP&UI.NS,GMRP&UI,Energy,Thermal Coal,
GNA.NS,GNA,Consumer Cyclical,Auto Parts,
GNFC.NS,GNFC,Basic Materials,Chemicals,
GOACARBON.NS,GOACARBON,Basic Materials,Specialty Chemicals,
GOCLCORP.NS,GOCLCORP,Basic Materials,Specialty Chemicals,
GOCOLORS.NS,GOCOLORS,Consumer Cyclical,Apparel Retail,
GODAVARIB.NS,GODAVARIB,Basic Materials,Chemicals,
GODFRYPHLP.NS,GODFRYPHLP,Consumer Defensive,Tobacco,
GODIGIT.NS,GODIGIT,Financial Services,Insurance—Property & Casualty,
GODREJAGRO.NS,GODREJAGRO,Consumer Defensive,Packaged Foods,
GODREJCP.NS,GODREJCP,Consumer Defensive,Household & Personal Products,
GODREJIND.NS,GODREJIND,Industrials,Conglomerates,
GODREJPROP.NS,GODREJPROP,Real Estate,Real Estate—Development,
GOKEX.NS,GOKEX,Consumer Cyclical,Apparel Manufacturing,
GOKUL.NS,GOKUL,Consumer Defensive,Packaged Foods,
GOKULAGRO.NS,GOKULAGRO,Consumer Defensive,Packaged Foods,
GOLDIAM.NS,GOLDIAM,Consumer Cyclical,Luxury Goods,
GOLDTECH.NS,GOLDTECH,Technology,Information Technology Services,
GOODLUCK.NS,GOODLUCK,Basic Materials,Steel,
GOODYEAR.NS,GOODYEAR,Consumer Cyclical,Auto Parts,
GOPAL.NS,GOPAL,Consumer Defensive,Packaged Foods,
GOYALALUM.NS,GOYALALUM,Basic Materials,Aluminum,
GPIL.NS,GPIL,Basic Materials,Steel,
GPPL.NS,GPPL,Industrials,Marine Shipping,
GPTHEALTH.NS,GPTHEALTH,Healthcare,Medical Care Facilities,
GPTINFRA.NS,GPTINFRA,Industrials,Engineering & Construction,
GRADIENTE.NS,GRADIENTE,Communication Services,Entertainment,
GRANULES.NS,GRANULES,Healthcare,Drug Manufacturers—Specialty & Generic,
GRAPHITE.NS,GRAPHITE,Industrials,Electrical Equipment & Parts,
GRASIM.NS,GRASIM,Basic Materials,,
GRAUWEIL.NS,GRAUWEIL,Basic Materials,Specialty Chemicals,
GRAVITA.NS,GRAVITA,Industrials,Metal Fabrication,
GREAVESCOT.NS,GREAVESCOT,Industrials,Specialty Industrial Machinery,
GREENLAM.NS,GREENLAM,Consumer Cyclical,"Furnishings, Fixtures & Appliances",
GREENPANEL.NS,GREENPANEL,Basic Materials,Lumber & Wood Production,
GREENPLY.NS,GREENPLY,Basic Materials,Lumber & Wood Production,
GREENPOWER.NS,GREENPOWER,Utilities,Utilities—Independent Power Producers,
GRINDWELL.NS,GRINDWELL,Industrials,Building Products & Equipment,
GRINFRA.NS,GRINFRA,Industrials,Engineering & Construction,
GRMOVER.NS,GRMOVER,Consumer Defensive,Packaged Foods,
GROBTEA.NS,GROBTEA,Consumer Defensive,Farm Products,
GROWW.NS,GROWW,Financial Services,Capital Markets,
GRPLTD.NS,GRPLTD,Consumer Cyclical,Auto Parts,
GRSE.NS,GRSE,Industrials,Aerospace & Defense,
GRWRHITECH.NS,GRWRHITECH,Basic Materials,Specialty Chemicals,
GSFC.NS,GSFC,Basic Materials,Agricultural Inputs,
GSLSU.NS,GSLSU,Basic Materials,Building Materials,
GSPCROP.NS,GSPCROP,Basic Materials,Agricultural Inputs,
GSS.NS,GSS,Technology,Information Technology Services,
GTECJAINX.NS,GTECJAINX,Consumer Defensive,Education & Training Services,
GTL.NS,GTL,Communication Services,Telecom Services,
GTLINFRA.NS,GTLINFRA,Technology,Communication Equipment,
GTPL.NS,GTPL,Communication Services,Entertainment,
GUFICBIO.NS,GUFICBIO,Healthcare,Drug Manufacturers—Specialty & Generic,
GUJALKALI.NS,GUJALKALI,Basic Materials,Chemicals,
GUJAPOLLO.NS,GUJAPOLLO,Industrials,Specialty Industrial Machinery,
GUJENERGY.NS,GUJENERGY,Utilities,Utilities—Regulated Gas,
GUJTHEM.NS,GUJTHEM,Healthcare,Drug Manufacturers—Specialty & Generic,
GULFOILLUB.NS,GULFOILLUB,Basic Materials,Specialty Chemicals,
GULFPETRO.NS,GULFPETRO,Energy,Oil & Gas Refining & Marketing,
GULPOLY.NS,GULPOLY,Basic Materials,Chemicals,
GVKPIL.NS,GVKPIL,Utilities,Utilities—Independent Power Producers,
GVPIL.NS,GVPIL,Industrials,Engineering & Construction,
GVPTECH.NS,GVPTECH,Technology,Information Technology Services,
GVT&D.NS,GVT&D,Industrials,Specialty Industrial Machinery,
HAL.NS,HAL,Industrials,Aerospace & Defense,
HALDER.NS,HALDER,Consumer Defensive,Farm Products,
HALEOSLABS.NS,HALEOSLABS,Healthcare,Biotechnology,
HAPPSTMNDS.NS,HAPPSTMNDS,Technology,Information Technology Services,
HAPPYFORGE.NS,HAPPYFORGE,Industrials,Metal Fabrication,
HARDWYN.NS,HARDWYN,Industrials,Building Products & Equipment,
HARIOMPIPE.NS,HARIOMPIPE,Basic Materials,Steel,
HARRMALAYA.NS,HARRMALAYA,Consumer Defensive,Farm Products,
HARSHA.NS,HARSHA,Industrials,Tools & Accessories,
HATHWAY.NS,HATHWAY,Communication Services,Entertainment,
HATSUN.NS,HATSUN,Consumer Defensive,Packaged Foods,
HAVELLS.NS,HAVELLS,Industrials,Electrical Equipment & Parts,
HAVISHA.NS,HAVISHA,Consumer Cyclical,Lodging,
HAWKINCOOK.NS,HAWKINCOOK,Consumer Cyclical,"Furnishings, Fixtures & Appliances",
HBLENGINE.NS,HBLENGINE,Industrials,Electrical Equipment & Parts,
HBSL.NS,HBSL,Financial Services,Capital Markets,
HCC.NS,HCC,Industrials,Engineering & Construction,
HCG.NS,HCG,Healthcare,Medical Care Facilities,
HCLTECH.NS,HCLTECH,Technology,,
HDBFS.NS,HDBFS,Financial Services,Credit Services,
HDFCAMC.NS,HDFCAMC,Financial Services,Asset Management,
HDFCBANK.NS,HDFCBANK,Financial Services,,
HDFCLIFE.NS,HDFCLIFE,Financial Services,,
HDIL.NS,HDIL,Real Estate,Real Estate—Diversified,
HEADSUP.NS,HEADSUP,Consumer Cyclical,Apparel Retail,
HEALTHX.NS,HEALTHX,Healthcare,Pharmaceutical Retailers,
HECPROJECT.NS,HECPROJECT,Industrials,Engineering & Construction,
HEG.NS,HEG,Industrials,Electrical Equipment & Parts,
HEIDELBERG.NS,HEIDELBERG,Basic Materials,Building Materials,
HEMIPROP.NS,HEMIPROP,Real Estate,Real Estate—Diversified,
HERANBA.NS,HERANBA,Basic Materials,Agricultural Inputs,
HERITGFOOD.NS,HERITGFOOD,Consumer Defensive,Packaged Foods,
HEROMOTOCO.NS,HEROMOTOCO,Consumer Cyclical,,
HESTERBIO.NS,HESTERBIO,Healthcare,Drug Manufacturers—Specialty & Generic,
HEXATRADEX.NS,HEXATRADEX,Financial Services,Credit Services,
HEXT.NS,HEXT,Technology,Information Technology Services,
HFCL.NS,HFCL,Technology,Communication Equipment,
HGINFRA.NS,HGINFRA,Industrials,Engineering & Construction,
HGM.NS,HGM,Technology,Information Technology Services,
HGS.NS,HGS,Industrials,Specialty Business Services,
HIKAL.NS,HIKAL,Healthcare,Drug Manufacturers—Specialty & Generic,
HILINFRA.NS,HILINFRA,Industrials,Infrastructure Operations,
HILTON.NS,HILTON,Industrials,Metal Fabrication,
HIMATSEIDE.NS,HIMATSEIDE,Consumer Cyclical,Textile Manufacturing,
HINDALCO.NS,HINDALCO,Basic Materials,,
HINDCOMPOS.NS,HINDCOMPOS,Consumer Cyclical,Auto Parts,
HINDCON.NS,HINDCON,Basic Materials,Specialty Chemicals,
HINDCOPPER.NS,HINDCOPPER,Basic Materials,Copper,
HINDOILEXP.NS,HINDOILEXP,Energy,Oil & Gas E&P,
HINDPETRO.NS,HINDPETRO,Energy,Oil & Gas Refining & Marketing,
HINDUNILVR.NS,HINDUNILVR,Consumer Defensive,,
HINDWAREAP.NS,HINDWAREAP,Consumer Cyclical,"Furnishings, Fixtures & Appliances",
HINDZINC.NS,HINDZINC,Basic Materials,Other Industrial Metals & Mining,
HIRECT.NS,HIRECT,Industrials,Electrical Equipment & Parts,
HISARMETAL.NS,HISARMETAL,Basic Materials,Steel,
HITECH.NS,HITECH,Basic Materials,Steel,
HITECHCORP.NS,HITECHCORP,Consumer Cyclical,Packaging & Containers,
HITECHGEAR.NS,HITECHGEAR,Consumer Cyclical,Auto Parts,
HLEGLAS.NS,HLEGLAS,Industrials,Specialty Industrial Machinery,
HLVLTD.NS,HLVLTD,Consumer Cyclical,Lodging,
HMAAGRO.NS,HMAAGRO,Consumer Defensive,Packaged Foods,
HMT.NS,HMT,Industrials,Farm & Heavy Construction Machinery,
HMVL.NS,HMVL,Communication Services,Publishing,
HNDFDS.NS,HNDFDS,Industrials,Conglomerates,
HOMEFIRST.NS,HOMEFIRST,Financial Services,Mortgage Finance,
HONASA.NS,HONASA,Consumer Defensive,Household & Personal Products,
HONAUT.NS,HONAUT,Industrials,Electrical Equipment & Parts,
HONDAPOWER.NS,HONDAPOWER,Industrials,Specialty Industrial Machinery,
HPAL.NS,HPAL,Basic Materials,Specialty Chemicals,
HPIL.NS,HPIL,Basic Materials,Specialty Chemicals,
HPL.NS,HPL,Industrials,Electrical Equipment & Parts,
HSCL.NS,HSCL,Basic Materials,Specialty Chemicals,
HTMEDIA.NS,HTMEDIA,Communication Services,Publishing,
HUBTOWN.NS,HUBTOWN,Real Estate,Real Estate—Development,
HUDCO.NS,HUDCO,Financial Services,Credit Services,
HUHTAMAKI.NS,HUHTAMAKI,Consumer Cyclical,Packaging & Containers,
HYBRIDFIN.NS,HYBRIDFIN,Financial Services,Capital Markets,
HYUNDAI.NS,HYUNDAI,Consumer Cyclical,Auto Manufacturers,
IBULLSLTD.NS,IBULLSLTD,Real Estate,Real Estate—Development,
ICEMAKE.NS,ICEMAKE,Industrials,Specialty Industrial Machinery,
ICICIAMC.NS,ICICIAMC,Financial Services,Asset Management,
ICICIBANK.NS,ICICIBANK,Financial Services,,
ICICIGI.NS,ICICIGI,Financial Services,Insurance—Diversified,
ICICIPRULI.NS,ICICIPRULI,Financial Services,Insurance—Life,
ICIL.NS,ICIL,Consumer Cyclical,Textile Manufacturing,
ICRA.NS,ICRA,Financial Services,Financial Data & Stock Exchanges,
IDBI.NS,IDBI,Financial Services,Banks—Regional,
IDEA.NS,IDEA,Communication Services,Telecom Services,
IDEAFORGE.NS,IDEAFORGE,Technology,Computer Hardware,
IDFCFIRSTB.NS,IDFCFIRSTB,Financial Services,Banks—Regional,
IEX.NS,IEX,Financial Services,Capital Markets,
IFBAGRO.NS,IFBAGRO,Consumer Defensive,Beverages—Wineries & Distilleries,
IFBIND.NS,IFBIND,Consumer Cyclical,"Furnishings, Fixtures & Appliances",
IFCI.NS,IFCI,Financial Services,Credit Services,
IFGLEXPOR.NS,IFGLEXPOR,Basic Materials,Building Materials,
IGARASHI.NS,IGARASHI,Consumer Cyclical,Auto Parts,
IGCL.NS,IGCL,Basic Materials,Agricultural Inputs,
IGIL.NS,IGIL,Basic Materials,Other Precious Metals & Mining,
IGL.NS,IGL,Utilities,Utilities—Regulated Gas,
IGPL.NS,IGPL,Basic Materials,Chemicals,
IIFL.NS,IIFL,Financial Services,Credit Services,
IIFLCAPS.NS,IIFLCAPS,Financial Services,Capital Markets,
IITL.NS,IITL,Financial Services,Credit Services,
IKIO.NS,IKIO,Technology,Electronic Components,
IKS.NS,IKS,Healthcare,Health Information Services,
IMAGICAA.NS,IMAGICAA,Communication Services,Entertainment,
IMFA.NS,IMFA,Basic Materials,Other Industrial Metals & Mining,
IMPAL.NS,IMPAL,Consumer Cyclical,Auto Parts,
IMPEXFERRO.NS,IMPEXFERRO,Basic Materials,Other Industrial Metals & Mining,
INA.NS,INA,Technology,Solar,
INCREDIBLE.NS,INCREDIBLE,Basic Materials,Steel,
INDBANK.NS,INDBANK,Financial Services,Capital Markets,
INDGN.NS,INDGN,Healthcare,Health Information Services,
INDHOTEL.NS,INDHOTEL,Consumer Cyclical,Lodging,
INDIACEM.NS,INDIACEM,Basic Materials,Building Materials,
INDIAGLYCO.NS,INDIAGLYCO,Basic Materials,Chemicals,
INDIAMART.NS,INDIAMART,Communication Services,Internet Content & Information,
INDIANB.NS,INDIANB,Financial Services,Banks—Regional,
INDIANCARD.NS,INDIANCARD,Consumer Cyclical,Textile Manufacturing,
INDIANHUME.NS,INDIANHUME,Industrials,Engineering & Construction,
INDIASHLTR.NS,INDIASHLTR,Financial Services,Mortgage Finance,
INDIGO.NS,INDIGO,Industrials,Airlines,
INDIGOPNTS.NS,INDIGOPNTS,Basic Materials,Specialty Chemicals,
INDIQUBE.NS,INDIQUBE,Real Estate,Real Estate Services,
INDNIPPON.NS,INDNIPPON,Consumer Cyclical,Auto Parts,
INDOAMIN.NS,INDOAMIN,Basic Materials,Chemicals,
INDOBORAX.NS,INDOBORAX,Basic Materials,Chemicals,
INDOCO.NS,INDOCO,Healthcare,Drug Manufacturers—Specialty & Generic,
INDOFARM.NS,INDOFARM,Industrials,Farm & Heavy Construction Machinery,
INDORAMA.NS,INDORAMA,Consumer Cyclical,Textile Manufacturing,
INDOSTAR.NS,INDOSTAR,Financial Services,Credit Services,
INDOTECH.NS,INDOTECH,Industrials,Electrical Equipment & Parts,
INDOTHAI.NS,INDOTHAI,Financial Services,Capital Markets,
INDOUS.NS,INDOUS,Basic Materials,Agricultural Inputs,
INDOWIND.NS,INDOWIND,Utilities,Utilities—Renewable,
INDRAMEDCO.NS,INDRAMEDCO,Healthcare,Medical Care Facilities,
INDSWFTLAB.NS,INDSWFTLAB,Healthcare,Drug Manufacturers—Specialty & Generic,
INDTERRAIN.NS,INDTERRAIN,Consumer Cyclical,Apparel Retail,
INDUSINDBK.NS,INDUSINDBK,Financial Services,,
INDUSTOWER.NS,INDUSTOWER,Communication Services,Telecom Services,
INFOBEAN.NS,INFOBEAN,Technology,Software—Application,
INFOMEDIA.NS,INFOMEDIA,Financial Services,Shell Companies,
INFY.NS,INFY,Technology,,
INGERRAND.NS,INGERRAND,Industrials,Specialty Industrial Machinery,
INNOVACAP.NS,INNOVACAP,Healthcare,Drug Manufacturers—Specialty & Generic,
INNOVANA.NS,INNOVANA,Technology,Software—Application,
INNOVISION.NS,INNOVISION,Industrials,Staffing & Employment Services,
INOXGREEN.NS,INOXGREEN,Utilities,Utilities—Renewable,
INOXINDIA.NS,INOXINDIA,Industrials,Specialty Industrial Machinery,
INOXWIND.NS,INOXWIND,Industrials,Specialty Industrial Machinery,
INSECTICID.NS,INSECTICID,Basic Materials,Agricultural Inputs,
INSPIRISYS.NS,INSPIRISYS,Technology,Information Technology Services,
INTELLECT.NS,INTELLECT,Technology,Software—Application,
INTENTECH.NS,INTENTECH,Technology,Software—Infrastructure,
INTERARCH.NS,INTERARCH,Industrials,Engineering & Construction,
INTLCONV.NS,INTLCONV,Industrials,Specialty Industrial Machinery,
INVENTURE.NS,INVENTURE,Financial Services,Capital Markets,
IOB.NS,IOB,Financial Services,Banks—Regional,
IOC.NS,IOC,Energy,Oil & Gas Refining & Marketing,
IOLCP.NS,IOLCP,Healthcare,Drug Manufacturers—Specialty & Generic,
IONEXCHANG.NS,IONEXCHANG,Industrials,Pollution & Treatment Controls,
IPCALAB.NS,IPCALAB,Healthcare,Drug Manufacturers—Specialty & Generic,
IPL.NS,IPL,Basic Materials,Agricultural Inputs,
IRB.NS,IRB,Industrials,Infrastructure Operations,
IRCON.NS,IRCON,Industrials,Engineering & Construction,
IRCTC.NS,IRCTC,Consumer Cyclical,Travel Services,
IREDA.NS,IREDA,Financial Services,Credit Services,
IRFC.NS,IRFC,Financial Services,Credit Services,
IRIS.NS,IRIS,Technology,Software—Application,
IRISDOREME.NS,IRISDOREME,Consumer Cyclical,Apparel Manufacturing,
IRMENERGY.NS,IRMENERGY,Utilities,Utilities—Regulated Gas,
ISFT.NS,ISFT,Consumer Cyclical,Internet Retail,
ISGEC.NS,ISGEC,Industrials,Specialty Industrial Machinery,
ISHANCH.NS,ISHANCH,Basic Materials,Chemicals,
ITC.NS,ITC,Consumer Defensive,,
ITCHOTELS.NS,ITCHOTELS,Consumer Cyclical,Resorts & Casinos,
ITDC.NS,ITDC,Consumer Cyclical,Lodging,
ITI.NS,ITI,Technology,Communication Equipment,
IVALUE.NS,IVALUE,Technology,Information Technology Services,
IVC.NS,IVC,Financial Services,Financial Conglomerates,
IVP.NS,IVP,Basic Materials,Specialty Chemicals,
IXIGO.NS,IXIGO,Consumer Cyclical,Travel Services,
IZMO.NS,IZMO,Technology,Software—Application,
J&KBANK.NS,J&KBANK,Financial Services,Banks—Regional,
JAGRAN.NS,JAGRAN,Communication Services,Publishing,
JAGSNPHARM.NS,JAGSNPHARM,Healthcare,Drug Manufacturers—Specialty & Generic,
JAIBALAJI.NS,JAIBALAJI,Basic Materials,Steel,
JAICORPLTD.NS,JAICORPLTD,Basic Materials,Specialty Chemicals,
JAINREC.NS,JAINREC,Basic Materials,Other Industrial Metals & Mining,
JAIPURKURT.NS,JAIPURKURT,Consumer Cyclical,Apparel Manufacturing,
JAMNAAUTO.NS,JAMNAAUTO,Consumer Cyclical,Auto Parts,
JARO.NS,JARO,Consumer Defensive,Education & Training Services,
JASH.NS,JASH,Industrials,Specialty Industrial Machinery,
JAYAGROGN.NS,JAYAGROGN,Basic Materials,Specialty Chemicals,
JAYBARMARU.NS,JAYBARMARU,Consumer Cyclical,Auto Parts,
JAYKAY.NS,JAYKAY,Industrials,Specialty Business Services,
JAYNECOIND.NS,JAYNECOIND,Basic Materials,Steel,
JAYSREETEA.NS,JAYSREETEA,Consumer Defensive,Farm Products,
JBCHEPHARM.NS,JBCHEPHARM,Healthcare,Drug Manufacturers—Specialty & Generic,
JBMA.NS,JBMA,Consumer Cyclical,Auto Parts,
JETFREIGHT.NS,JETFREIGHT,Industrials,Integrated Freight & Logistics,
JGCHEM.NS,JGCHEM,Basic Materials,Other Industrial Metals & Mining,
JHS.NS,JHS,Consumer Defensive,Household & Personal Products,
JINDALPHOT.NS,JINDALPHOT,Financial Services,Asset Management,
JINDALPOLY.NS,JINDALPOLY,Consumer Cyclical,Packaging & Containers,
JINDALSAW.NS,JINDALSAW,Basic Materials,Steel,
JINDALSTEL.NS,JINDALSTEL,Basic Materials,Steel,
JINDRILL.NS,JINDRILL,Energy,Oil & Gas Equipment & Services,
JINDWORLD.NS,JINDWORLD,Consumer Cyclical,Textile Manufacturing,
JIOFIN.NS,JIOFIN,Financial Services,Asset Management,
JISLDVREQS.NS,JISLDVREQS,Industrials,Conglomerates,
JISLJALEQS.NS,JISLJALEQS,Industrials,Conglomerates,
JITFINFRA.NS,JITFINFRA,Industrials,Engineering & Construction,
JKCEMENT.NS,JKCEMENT,Basic Materials,Building Materials,
JKIL.NS,JKIL,Industrials,Engineering & Construction,
JKIPL.NS,JKIPL,Industrials,Farm & Heavy Construction Machinery,
JKLAKSHMI.NS,JKLAKSHMI,Basic Materials,Building Materials,
JKPAPER.NS,JKPAPER,Basic Materials,Paper & Paper Products,
JKTYRE.NS,JKTYRE,Consumer Cyclical,Auto Parts,
JLHL.NS,JLHL,Healthcare,Medical Care Facilities,
JMA.NS,JMA,Consumer Cyclical,Auto Parts,
JMFINANCIL.NS,JMFINANCIL,Financial Services,Capital Markets,
JNKINDIA.NS,JNKINDIA,Industrials,Specialty Industrial Machinery,
JOCIL.NS,JOCIL,Basic Materials,Specialty Chemicals,
JPOLYINVST.NS,JPOLYINVST,Financial Services,Asset Management,
JPPOWER.NS,JPPOWER,Utilities,Utilities—Independent Power Producers,
JSFB.NS,JSFB,Financial Services,Banks—Regional,
JSL.NS,JSL,Basic Materials,Steel,
JSLL.NS,JSLL,Healthcare,Medical Care Facilities,
JSWCEMENT.NS,JSWCEMENT,Basic Materials,Building Materials,
JSWDULUX.NS,JSWDULUX,Basic Materials,Specialty Chemicals,
JSWENERGY.NS,JSWENERGY,Utilities,Utilities—Independent Power Producers,
JSWHL.NS,JSWHL,Financial Services,Asset Management,
JSWINFRA.NS,JSWINFRA,Industrials,Marine Shipping,
JSWSTEEL.NS,JSWSTEEL,Basic Materials,,
JTEKTINDIA.NS,JTEKTINDIA,Consumer Cyclical,Auto Parts,
JTLIND.NS,JTLIND,Basic Materials,Steel,
JUBLCPL.NS,JUBLCPL,Basic Materials,Specialty Chemicals,
JUBLFOOD.NS,JUBLFOOD,Consumer Cyclical,Restaurants,
JUBLINGREA.NS,JUBLINGREA,Basic Materials,Specialty Chemicals,
JUBLPHARMA.NS,JUBLPHARMA,Healthcare,Drug Manufacturers—Specialty & Generic,
JUNIPER.NS,JUNIPER,Consumer Cyclical,Lodging,
JUSTDIAL.NS,JUSTDIAL,Communication Services,Internet Content & Information,
JWL.NS,JWL,Industrials,Railroads,
JYOTHYLAB.NS,JYOTHYLAB,Consumer Defensive,Household & Personal Products,
JYOTICNC.NS,JYOTICNC,Industrials,Specialty Industrial Machinery,
JYOTISTRUC.NS,JYOTISTRUC,Industrials,Specialty Industrial Machinery,
KABRAEXTRU.NS,KABRAEXTRU,Industrials,Specialty Industrial Machinery,
KAJARIACER.NS,KAJARIACER,Industrials,Building Products & Equipment,
KAKATCEM.NS,KAKATCEM,Basic Materials,Building Materials,
KALAMANDIR.NS,KALAMANDIR,Consumer Cyclical,Apparel Retail,
KALPATARU.NS,KALPATARU,Real Estate,Real Estate—Development,
KALYANIFRG.NS,KALYANIFRG,Consumer Cyclical,Auto Parts,
KALYANKJIL.NS,KALYANKJIL,Consumer Cyclical,Luxury Goods,
KAMATHOTEL.NS,KAMATHOTEL,Consumer Cyclical,Lodging,
KAMDHENU.NS,KAMDHENU,Basic Materials,Steel,
KAMOPAINTS.NS,KAMOPAINTS,Basic Materials,Steel,
KANANIIND.NS,KANANIIND,Consumer Cyclical,Luxury Goods,
KANORICHEM.NS,KANORICHEM,Basic Materials,Chemicals,
KANPRPLA.NS,KANPRPLA,Consumer Cyclical,Packaging & Containers,
KANSAINER.NS,KANSAINER,Basic Materials,Specialty Chemicals,
KAPSTON.NS,KAPSTON,Industrials,Specialty Business Services,
KARMAENG.NS,KARMAENG,Utilities,Utilities—Renewable,
KARURVYSYA.NS,KARURVYSYA,Financial Services,Banks—Regional,
KAUSHALYA.NS,KAUSHALYA,Industrials,Engineering & Construction,
KAVDEFENCE.NS,KAVDEFENCE,Technology,Communication Equipment,
KAYA.NS,KAYA,Consumer Defensive,Household & Personal Products,
KAYNES.NS,KAYNES,Technology,Electronic Components,
KCP.NS,KCP,Basic Materials,Building Materials,
KCPSUGIND.NS,KCPSUGIND,Consumer Defensive,Confectioners,
KDDL.NS,KDDL,Consumer Cyclical,Luxury Goods,
KEC.NS,KEC,Industrials,Engineering & Construction,
KECL.NS,KECL,Industrials,Specialty Industrial Machinery,
KEEPLEARN.NS,KEEPLEARN,Consumer Defensive,Education & Training Services,
KEI.NS,KEI,Industrials,Electrical Equipment & Parts,
KELLTONTEC.NS,KELLTONTEC,Technology,Software—Application,
KENNAMET.NS,KENNAMET,Industrials,Tools & Accessories,
KERNEX.NS,KERNEX,Technology,Software—Application,
KESORAMIND.NS,KESORAMIND,Basic Materials,Building Materials,
KEYFINSERV.NS,KEYFINSERV,Financial Services,Capital Markets,
KFINTECH.NS,KFINTECH,Technology,Software—Application,
KHADIM.NS,KHADIM,Consumer Cyclical,Footwear & Accessories,
KHAICHEM.NS,KHAICHEM,Basic Materials,Agricultural Inputs,
KHAITANLTD.NS,KHAITANLTD,Industrials,Industrial Distribution,
KHANDSE.NS,KHANDSE,Financial Services,Capital Markets,
KICL.NS,KICL,Financial Services,Asset Management,
KILITCH.NS,KILITCH,Healthcare,Drug Manufacturers—Specialty & Generic,
KIMS.NS,KIMS,Healthcare,Medical Care Facilities,
KINGFA.NS,KINGFA,Basic Materials,Specialty Chemicals,
KIOCL.NS,KIOCL,Basic Materials,Steel,
KIRIINDUS.NS,KIRIINDUS,Basic Materials,Specialty Chemicals,
KIRLFER.NS,KIRLFER,Industrials,Metal Fabrication,
KIRLOSBROS.NS,KIRLOSBROS,Industrials,Specialty Industrial Machinery,
KIRLOSENG.NS,KIRLOSENG,Industrials,Specialty Industrial Machinery,
KIRLOSIND.NS,KIRLOSIND,Industrials,Metal Fabrication,
KIRLPNU.NS,KIRLPNU,Industrials,Specialty Industrial Machinery,
KISSHT.NS,KISSHT,Financial Services,Credit Services,
KITEX.NS,KITEX,Consumer Cyclical,Apparel Manufacturing,
KKCL.NS,KKCL,Consumer Cyclical,Apparel Manufacturing,
KMEW.NS,KMEW,Industrials,Marine Shipping,
KMSUGAR.NS,KMSUGAR,Consumer Defensive,Confectioners,
KNAGRI.NS,KNAGRI,Consumer Defensive,Farm Products,
KNRCON.NS,KNRCON,Industrials,Engineering & Construction,
KOHINOOR.NS,KOHINOOR,Consumer Defensive,Packaged Foods,
KOKUYOCMLN.NS,KOKUYOCMLN,Industrials,Business Equipment & Supplies,
KOLTEPATIL.NS,KOLTEPATIL,Real Estate,Real Estate—Development,
KOPRAN.NS,KOPRAN,Healthcare,Drug Manufacturers—General,
KOTAKBANK.NS,KOTAKBANK,Financial Services,,
KOTARISUG.NS,KOTARISUG,Consumer Defensive,Confectioners,
KOTHARIPET.NS,KOTHARIPET,Basic Materials,Specialty Chemicals,
KOTHARIPRO.NS,KOTHARIPRO,Industrials,Conglomerates,
KOTYARK.NS,KOTYARK,Basic Materials,Specialty Chemicals,
KOVAI.NS,KOVAI,Healthcare,Medical Care Facilities,
KPEL.NS,KPEL,Industrials,Engineering & Construction,
KPIGREEN.NS,KPIGREEN,Utilities,Utilities—Renewable,
KPIL.NS,KPIL,Industrials,Engineering & Construction,
KPITTECH.NS,KPITTECH,Technology,Software—Infrastructure,
KPRMILL.NS,KPRMILL,Consumer Cyclical,Textile Manufacturing,
KRBL.NS,KRBL,Consumer Defensive,Packaged Foods,
KREBSBIO.NS,KREBSBIO,Healthcare,Drug Manufacturers—Specialty & Generic,
KRIDHANINF.NS,KRIDHANINF,Basic Materials,Steel,
KRISHANA.NS,KRISHANA,Basic Materials,Agricultural Inputs,
KRISHIVAL.NS,KRISHIVAL,Consumer Defensive,Packaged Foods,
KRISHNADEF.NS,KRISHNADEF,Industrials,Specialty Industrial Machinery,
KRITI.NS,KRITI,Industrials,Building Products & Equipment,
KRITIKA.NS,KRITIKA,Basic Materials,Steel,
KRITINUT.NS,KRITINUT,Consumer Defensive,Packaged Foods,
KRN.NS,KRN,Technology,Electronic Components,
KRONOX.NS,KRONOX,Basic Materials,Specialty Chemicals,
KROSS.NS,KROSS,Consumer Cyclical,Auto Parts,
KRSNAA.NS,KRSNAA,Healthcare,Diagnostics & Research,
KRYSTAL.NS,KRYSTAL,Industrials,Specialty Business Services,
KSB.NS,KSB,Industrials,Specialty Industrial Machinery,
KSCL.NS,KSCL,Basic Materials,Agricultural Inputs,
KSHINTL.NS,KSHINTL,Industrials,Electrical Equipment & Parts,
KSHITIJPOL.NS,KSHITIJPOL,Industrials,Business Equipment & Supplies,
KSL.NS,KSL,Basic Materials,Steel,
KSOLVES.NS,KSOLVES,Technology,Software—Application,
KSR.NS,KSR,Consumer Cyclical,Footwear & Accessories,
KTKBANK.NS,KTKBANK,Financial Services,Banks—Regional,
KUANTUM.NS,KUANTUM,Basic Materials,Paper & Paper Products,
KWIL.NS,KWIL,Consumer Defensive,Packaged Foods,
LAGNAM.NS,LAGNAM,Consumer Cyclical,Textile Manufacturing,
LAL.NS,LAL,Consumer Cyclical,Apparel Manufacturing,
LALPATHLAB.NS,LALPATHLAB,Healthcare,Diagnostics & Research,
LAMBODHARA.NS,LAMBODHARA,Consumer Cyclical,Textile Manufacturing,
LANCORHOL.NS,LANCORHOL,Real Estate,Real Estate—Development,
LANDMARK.NS,LANDMARK,Consumer Cyclical,Auto & Truck Dealerships,
LANDSMILL.NS,LANDSMILL,Industrials,Conglomerates,
LAOPALA.NS,LAOPALA,Consumer Cyclical,"Furnishings, Fixtures & Appliances",
LASA.NS,LASA,Healthcare,Drug Manufacturers—Specialty & Generic,
LATENTVIEW.NS,LATENTVIEW,Industrials,Consulting Services,
LATTEYS.NS,LATTEYS,Industrials,Specialty Industrial Machinery,
LAURUSLABS.NS,LAURUSLABS,Healthcare,Drug Manufacturers—Specialty & Generic,
LAXMICOT.NS,LAXMICOT,Consumer Cyclical,Textile Manufacturing,
LAXMIDENTL.NS,LAXMIDENTL,Healthcare,Medical Instruments & Supplies,
LAXMIINDIA.NS,LAXMIINDIA,Financial Services,Credit Services,
LCCINFOTEC.NS,LCCINFOTEC,Consumer Defensive,Education & Training Services,
LEMERITE.NS,LEMERITE,Consumer Cyclical,Textile Manufacturing,
LEMONTREE.NS,LEMONTREE,Consumer Cyclical,Lodging,
LENSKART.NS,LENSKART,Healthcare,Medical Instruments & Supplies,
LEXUS.NS,LEXUS,Industrials,Building Products & Equipment,
LFIC.NS,LFIC,Financial Services,Asset Management,
LGBBROSLTD.NS,LGBBROSLTD,Consumer Cyclical,Auto Parts,
LGEINDIA.NS,LGEINDIA,Technology,Consumer Electronics,
LGHL.NS,LGHL,Consumer Cyclical,Luxury Goods,
LIBAS.NS,LIBAS,Consumer Cyclical,Apparel Manufacturing,
LIBERTSHOE.NS,LIBERTSHOE,Consumer Cyclical,Footwear & Accessories,
LICHSGFIN.NS,LICHSGFIN,Financial Services,Mortgage Finance,
LICI.NS,LICI,Financial Services,Insurance—Life,
LIKHITHA.NS,LIKHITHA,Energy,Oil & Gas Equipment & Services,
LINC.NS,LINC,Industrials,Business Equipment & Supplies,
LINCOLN.NS,LINCOLN,Healthcare,Drug Manufacturers—Specialty & Generic,
LINDEINDIA.NS,LINDEINDIA,Basic Materials,Specialty Chemicals,
LLOYDSENGG.NS,LLOYDSENGG,Industrials,Specialty Industrial Machinery,
LLOYDSENT.NS,LLOYDSENT,Basic Materials,Steel,
LLOYDSME.NS,LLOYDSME,Basic Materials,Steel,
LMW.NS,LMW,Industrials,Specialty Industrial Machinery,
LODHA.NS,LODHA,Real Estate,Real Estate—Development,
LOKESHMACH.NS,LOKESHMACH,Industrials,Specialty Industrial Machinery,
LORDSCHLO.NS,LORDSCHLO,Basic Materials,Chemicals,
LOTUSDEV.NS,LOTUSDEV,Industrials,Engineering & Construction,
LOTUSEYE.NS,LOTUSEYE,Healthcare,Medical Care Facilities,
LOVABLE.NS,LOVABLE,Consumer Cyclical,Apparel Manufacturing,
LOYALTEX.NS,LOYALTEX,Consumer Cyclical,Textile Manufacturing,
LPDC.NS,LPDC,Real Estate,Real Estate Services,
LT.NS,LT,Industrials,,
LTF.NS,LTF,Financial Services,Credit Services,
LTFOODS.NS,LTFOODS,Consumer Defensive,Packaged Foods,
LTM.NS,LTM,Technology,Information Technology Services,
LTTS.NS,LTTS,Technology,Information Technology Services,
LUMAXIND.NS,LUMAXIND,Consumer Cyclical,Auto Parts,
LUMAXTECH.NS,LUMAXTECH,Consumer Cyclical,Auto Parts,
LUPIN.NS,LUPIN,Healthcare,Drug Manufacturers—Specialty & Generic,
LUXIND.NS,LUXIND,Consumer Cyclical,Apparel Manufacturing,
LXCHEM.NS,LXCHEM,Basic Materials,Specialty Chemicals,
LYKALABS.NS,LYKALABS,Healthcare,Biotechnology,
M&M.NS,M&M,Consumer Cyclical,,
M&MFIN.NS,M&MFIN,Financial Services,Credit Services,
MAANALU.NS,MAANALU,Basic Materials,Aluminum,
MACPOWER.NS,MACPOWER,Industrials,Specialty Industrial Machinery,
MADHAV.NS,MADHAV,Industrials,Building Products & Equipment,
MADHUCON.NS,MADHUCON,Industrials,Engineering & Construction,
MADRASFERT.NS,MADRASFERT,Basic Materials,Agricultural Inputs,
MAFATIND.NS,MAFATIND,Consumer Cyclical,Textile Manufacturing,
MAGADSUGAR.NS,MAGADSUGAR,Consumer Defensive,Confectioners,
MAGNUM.NS,MAGNUM,Basic Materials,Paper & Paper Products,
MAHABANK.NS,MAHABANK,Financial Services,Banks—Regional,
MAHAPEXLTD.NS,MAHAPEXLTD,Financial Services,Credit Services,
MAHASTEEL.NS,MAHASTEEL,Basic Materials,Steel,
MAHEPC.NS,MAHEPC,Industrials,Farm & Heavy Construction Machinery,
MAHESHWARI.NS,MAHESHWARI,Industrials,Integrated Freight & Logistics,
MAHLIFE.NS,MAHLIFE,Real Estate,Real Estate—Development,
MAHLOG.NS,MAHLOG,Industrials,Integrated Freight & Logistics,
MAHSCOOTER.NS,MAHSCOOTER,Financial Services,Asset Management,
MAHSEAMLES.NS,MAHSEAMLES,Basic Materials,Steel,
MAITHANALL.NS,MAITHANALL,Basic Materials,Steel,
MAJESAUT.NS,MAJESAUT,Real Estate,Real Estate Services,
MALLCOM.NS,MALLCOM,Industrials,Security & Protection Services,
MALUPAPER.NS,MALUPAPER,Basic Materials,Paper & Paper Products,
MAMATA.NS,MAMATA,Industrials,Specialty Industrial Machinery,
MANAKALUCO.NS,MANAKALUCO,Basic Materials,Aluminum,
MANAKCOAT.NS,MANAKCOAT,Industrials,Metal Fabrication,
MANAKSIA.NS,MANAKSIA,Industrials,Metal Fabrication,
MANAKSTEEL.NS,MANAKSTEEL,Basic Materials,Steel,
MANALIPETC.NS,MANALIPETC,Basic Materials,Specialty Chemicals,
MANAPPURAM.NS,MANAPPURAM,Financial Services,Credit Services,
MANBA.NS,MANBA,Financial Services,Credit Services,
MANCREDIT.NS,MANCREDIT,Financial Services,Credit Services,
MANGALAM.NS,MANGALAM,Healthcare,Drug Manufacturers—Specialty & Generic,
MANGLMCEM.NS,MANGLMCEM,Basic Materials,Building Materials,
MANINDS.NS,MANINDS,Basic Materials,Steel,
MANINFRA.NS,MANINFRA,Industrials,Engineering & Construction,
MANKIND.NS,MANKIND,Healthcare,Drug Manufacturers—Specialty & Generic,
MANOMAY.NS,MANOMAY,Consumer Cyclical,Textile Manufacturing,
MANORAMA.NS,MANORAMA,Consumer Defensive,Packaged Foods,
MANORG.NS,MANORG,Basic Materials,Specialty Chemicals,
MANUGRAPH.NS,MANUGRAPH,Industrials,Specialty Industrial Machinery,
MANYAVAR.NS,MANYAVAR,Consumer Cyclical,Apparel Manufacturing,
MAPMYINDIA.NS,MAPMYINDIA,Technology,Software—Infrastructure,
MARALOVER.NS,MARALOVER,Consumer Cyclical,Textile Manufacturing,
MARATHON.NS,MARATHON,Real Estate,Real Estate—Development,
MARICO.NS,MARICO,Consumer Defensive,Household & Personal Products,
MARINE.NS,MARINE,Industrials,Electrical Equipment & Parts,
MARKOLINES.NS,MARKOLINES,Industrials,Infrastructure Operations,
MARKSANS.NS,MARKSANS,Healthcare,Drug Manufacturers—General,
MARSONS.NS,MARSONS,Industrials,Electrical Equipment & Parts,
MARUTI.NS,MARUTI,Consumer Cyclical,,
MASFIN.NS,MASFIN,Financial Services,Credit Services,
MASKINVEST.NS,MASKINVEST,Financial Services,Capital Markets,
MASTEK.NS,MASTEK,Technology,Information Technology Services,
MASTERTR.NS,MASTERTR,Financial Services,Capital Markets,
MATRIMONY.NS,MATRIMONY,Communication Services,Internet Content & Information,
MAWANASUG.NS,MAWANASUG,Consumer Defensive,Confectioners,
MAXESTATES.NS,MAXESTATES,Real Estate,Real Estate—Development,
MAXHEALTH.NS,MAXHEALTH,Healthcare,Medical Care Facilities,
MAXIND.NS,MAXIND,Healthcare,Medical Care Facilities,
MAYURUNIQ.NS,MAYURUNIQ,Consumer Cyclical,Textile Manufacturing,
MAZDA.NS,MAZDA,Industrials,Specialty Industrial Machinery,
MAZDOCK.NS,MAZDOCK,Industrials,Aerospace & Defense,
MBAPL.NS,MBAPL,Basic Materials,Agricultural Inputs,
MBEL.NS,MBEL,Industrials,Engineering & Construction,
MBLINFRA.NS,MBLINFRA,Industrials,Engineering & Construction,
MCL.NS,MCL,Basic Materials,Copper,
MCLEODRUSS.NS,MCLEODRUSS,Consumer Defensive,Packaged Foods,
MCLOUD.NS,MCLOUD,Technology,Information Technology Services,
MCX.NS,MCX,Financial Services,Financial Data & Stock Exchanges,
MEDANTA.NS,MEDANTA,Healthcare,Medical Care Facilities,
MEDIASSIST.NS,MEDIASSIST,Healthcare,Healthcare Plans,
MEDICAMEQ.NS,MEDICAMEQ,Healthcare,Drug Manufacturers—Specialty & Generic,
MEDICO.NS,MEDICO,Healthcare,Drug Manufacturers—Specialty & Generic,
MEDPLUS.NS,MEDPLUS,Healthcare,Pharmaceutical Retailers,
MEESHO.NS,MEESHO,Consumer Cyclical,Internet Retail,
MEGASTAR.NS,MEGASTAR,Consumer Defensive,Packaged Foods,
MEIL.NS,MEIL,Industrials,Electrical Equipment & Parts,
MENONBE.NS,MENONBE,Consumer Cyclical,Auto Parts,
MEP.NS,MEP,Industrials,Infrastructure Operations,
METROBRAND.NS,METROBRAND,Consumer Cyclical,Apparel Retail,
METROGLOBL.NS,METROGLOBL,Industrials,Conglomerates,
METROPOLIS.NS,METROPOLIS,Healthcare,Diagnostics & Research,
MFML.NS,MFML,Consumer Cyclical,Textile Manufacturing,
MFSL.NS,MFSL,Financial Services,Insurance—Life,
MGEL.NS,MGEL,Consumer Defensive,Farm Products,
MGL.NS,MGL,Utilities,Utilities—Regulated Gas,
MHLXMIRU.NS,MHLXMIRU,Consumer Cyclical,Textile Manufacturing,
MHRIL.NS,MHRIL,Consumer Cyclical,Resorts & Casinos,
MICEL.NS,MICEL,Technology,Electronic Components,
MIDHANI.NS,MIDHANI,Basic Materials,Steel,
MIDWESTLTD.NS,MIDWESTLTD,Basic Materials,Building Materials,
MINDACORP.NS,MINDACORP,Consumer Cyclical,Auto Parts,
MINDTECK.NS,MINDTECK,Technology,Information Technology Services,
MIRZAINT.NS,MIRZAINT,Consumer Cyclical,Footwear & Accessories,
MITCON.NS,MITCON,Industrials,Engineering & Construction,
MITTAL.NS,MITTAL,Consumer Cyclical,Textile Manufacturing,
MKPL.NS,MKPL,Consumer Defensive,Packaged Foods,
MMFL.NS,MMFL,Industrials,Metal Fabrication,
MMP.NS,MMP,Basic Materials,Aluminum,
MMTC.NS,MMTC,Industrials,Conglomerates,
MMWL.NS,MMWL,Communication Services,Entertainment,
MOBIKWIK.NS,MOBIKWIK,Technology,Software—Infrastructure,
MODINATUR.NS,MODINATUR,Consumer Defensive,Packaged Foods,
MODIRUBBER.NS,MODIRUBBER,Real Estate,Real Estate Services,
MODIS.NS,MODIS,Real Estate,Real Estate—Development,
MODISONLTD.NS,MODISONLTD,Industrials,Electrical Equipment & Parts,
MOHITIND.NS,MOHITIND,Consumer Cyclical,Textile Manufacturing,
MOIL.NS,MOIL,Basic Materials,Other Industrial Metals & Mining,
MOKSH.NS,MOKSH,Consumer Cyclical,Luxury Goods,
MOL.NS,MOL,Basic Materials,Agricultural Inputs,
MOLDTECH.NS,MOLDTECH,Industrials,Engineering & Construction,
MOLDTKPAC.NS,MOLDTKPAC,Consumer Cyclical,Packaging & Containers,
MONARCH.NS,MONARCH,Financial Services,Capital Markets,
MONEYBOXX.NS,MONEYBOXX,Financial Services,Credit Services,
MONTECARLO.NS,MONTECARLO,Consumer Cyclical,Apparel Manufacturing,
MORARJEE.NS,MORARJEE,Consumer Cyclical,Textile Manufacturing,
MOREPENLAB.NS,MOREPENLAB,Healthcare,Drug Manufacturers—Specialty & Generic,
MOSCHIP.NS,MOSCHIP,Technology,Semiconductor Equipment & Materials,
MOTHERSON.NS,MOTHERSON,Consumer Cyclical,Auto Parts,
MOTILALOFS.NS,MOTILALOFS,Financial Services,Capital Markets,
MOTISONS.NS,MOTISONS,Consumer Cyclical,Luxury Goods,
MOTOGENFIN.NS,MOTOGENFIN,Real Estate,Real Estate Services,
MPHASIS.NS,MPHASIS,Technology,Information Technology Services,
MPSLTD.NS,MPSLTD,Communication Services,Publishing,
MRF.NS,MRF,Consumer Cyclical,Auto Parts,
MRPL.NS,MRPL,Energy,Oil & Gas Refining & Marketing,
MSPL.NS,MSPL,Basic Materials,Steel,
MSTCLTD.NS,MSTCLTD,Industrials,Conglomerates,
MSUMI.NS,MSUMI,Consumer Cyclical,Auto Parts,
MTARTECH.NS,MTARTECH,Industrials,Specialty Industrial Machinery,
MTEDUCARE.NS,MTEDUCARE,Consumer Defensive,Education & Training Services,
MTNL.NS,MTNL,Communication Services,Telecom Services,
MUFIN.NS,MUFIN,Financial Services,Credit Services,
MUFTI.NS,MUFTI,Consumer Cyclical,Apparel Retail,
MUKANDLTD.NS,MUKANDLTD,Basic Materials,Steel,
MUKKA.NS,MUKKA,Consumer Defensive,Packaged Foods,
MUKTAARTS.NS,MUKTAARTS,Communication Services,Entertainment,
MUNJALAU.NS,MUNJALAU,Consumer Cyclical,Auto Parts,
MUNJALSHOW.NS,MUNJALSHOW,Consumer Cyclical,Auto Parts,
MURUDCERA.NS,MURUDCERA,Industrials,Building Products & Equipment,
MUTHOOTCAP.NS,MUTHOOTCAP,Financial Services,Credit Services,
MUTHOOTFIN.NS,MUTHOOTFIN,Financial Services,Credit Services,
MUTHOOTMF.NS,MUTHOOTMF,Financial Services,Credit Services,
MVGJL.NS,MVGJL,Consumer Cyclical,Luxury Goods,
MWL.NS,MWL,Basic Materials,Steel,
NACLIND.NS,NACLIND,Basic Materials,Agricultural Inputs,
NAGAFERT.NS,NAGAFERT,Basic Materials,Agricultural Inputs,
NAGREEKCAP.NS,NAGREEKCAP,Financial Services,Asset Management,
NAGREEKEXP.NS,NAGREEKEXP,Consumer Cyclical,Textile Manufacturing,
NAHARCAP.NS,NAHARCAP,Financial Services,Capital Markets,
NAHARINDUS.NS,NAHARINDUS,Consumer Cyclical,Textile Manufacturing,
NAHARPOLY.NS,NAHARPOLY,Consumer Cyclical,Packaging & Containers,
NAHARSPING.NS,NAHARSPING,Consumer Cyclical,Textile Manufacturing,
NARMADA.NS,NARMADA,Basic Materials,Agricultural Inputs,
NATCAPSUQ.NS,NATCAPSUQ,Healthcare,Drug Manufacturers—Specialty & Generic,
NATCOPHARM.NS,NATCOPHARM,Healthcare,Drug Manufacturers—Specialty & Generic,
NATHBIOGEN.NS,NATHBIOGEN,Basic Materials,Agricultural Inputs,
NATIONALUM.NS,NATIONALUM,Basic Materials,Aluminum,
NAUKRI.NS,NAUKRI,Communication Services,Internet Content & Information,
NAVA.NS,NAVA,Industrials,Conglomerates,
NAVINFLUOR.NS,NAVINFLUOR,Basic Materials,Chemicals,
NAVKARCORP.NS,NAVKARCORP,Industrials,Integrated Freight & Logistics,
NAVKARURB.NS,NAVKARURB,Basic Materials,Building Materials,
NAVNETEDUL.NS,NAVNETEDUL,Communication Services,Publishing,
NAZARA.NS,NAZARA,Communication Services,Electronic Gaming & Multimedia,
NBCC.NS,NBCC,Industrials,Engineering & Construction,
NBIFIN.NS,NBIFIN,Financial Services,Capital Markets,
NCC.NS,NCC,Industrials,Engineering & Construction,
NCLIND.NS,NCLIND,Basic Materials,Building Materials,
NDL.NS,NDL,Consumer Cyclical,Textile Manufacturing,
NDLVENTURE.NS,NDLVENTURE,Communication Services,Entertainment,
NDRAUTO.NS,NDRAUTO,Consumer Cyclical,Auto Parts,
NDTV.NS,NDTV,Communication Services,Broadcasting,
NECCLTD.NS,NECCLTD,Industrials,Trucking,
NECLIFE.NS,NECLIFE,Healthcare,Drug Manufacturers—Specialty & Generic,
NELCAST.NS,NELCAST,Industrials,Metal Fabrication,
NELCO.NS,NELCO,Technology,Communication Equipment,
NEOGEN.NS,NEOGEN,Basic Materials,Specialty Chemicals,
NEPHROPLUS.NS,NEPHROPLUS,Healthcare,Medical Care Facilities,
NESCO.NS,NESCO,Industrials,Conglomerates,
NESTLEIND.NS,NESTLEIND,Consumer Defensive,,
NETWEB.NS,NETWEB,Technology,Computer Hardware,
NETWORK18.NS,NETWORK18,Communication Services,Entertainment,
NEUEON.NS,NEUEON,Basic Materials,Steel,
NEULANDLAB.NS,NEULANDLAB,Healthcare,Drug Manufacturers—Specialty & Generic,
NEWGEN.NS,NEWGEN,Technology,Software—Infrastructure,
NEXTMEDIA.NS,NEXTMEDIA,Communication Services,Broadcasting,
NFL.NS,NFL,Basic Materials,Agricultural Inputs,
NGIL.NS,NGIL,Consumer Defensive,Packaged Foods,
NGLFINE.NS,NGLFINE,Healthcare,Drug Manufacturers—General,
NH.NS,NH,Healthcare,Medical Care Facilities,
NHPC.NS,NHPC,Utilities,Utilities—Renewable,
NIACL.NS,NIACL,Financial Services,Insurance—Diversified,
NIBE.NS,NIBE,Industrials,Conglomerates,
NIBL.NS,NIBL,Industrials,Tools & Accessories,
NIITLTD.NS,NIITLTD,Consumer Defensive,Education & Training Services,
NIITMTS.NS,NIITMTS,Consumer Defensive,Education & Training Services,
NILAINFRA.NS,NILAINFRA,Real Estate,Real Estate—Development,
NILASPACES.NS,NILASPACES,Real Estate,Real Estate—Development,
NILKAMAL.NS,NILKAMAL,Consumer Cyclical,"Furnishings, Fixtures & Appliances",
NIMBSPROJ.NS,NIMBSPROJ,Real Estate,Real Estate—Development,
NINSYS.NS,NINSYS,Technology,Information Technology Services,
NIPPOBATRY.NS,NIPPOBATRY,Industrials,Electrical Equipment & Parts,
NIRAJ.NS,NIRAJ,Industrials,Engineering & Construction,
NIRLON.NS,NIRLON,Real Estate,Real Estate Services,
NITCO.NS,NITCO,Industrials,Building Products & Equipment,
NITINSPIN.NS,NITINSPIN,Consumer Cyclical,Textile Manufacturing,
NITIRAJ.NS,NITIRAJ,Technology,Scientific & Technical Instruments,
NITTAGELA.NS,NITTAGELA,Basic Materials,Specialty Chemicals,
NIVABUPA.NS,NIVABUPA,Financial Services,Insurance—Life,
NKIND.NS,NKIND,Consumer Defensive,Household & Personal Products,
NLCINDIA.NS,NLCINDIA,Utilities,Utilities—Regulated Electric,
NMDC.NS,NMDC,Basic Materials,Steel,
NOCIL.NS,NOCIL,Basic Materials,Specialty Chemicals,
NOIDATOLL.NS,NOIDATOLL,Industrials,Infrastructure Operations,
NORBTEAEXP.NS,NORBTEAEXP,Consumer Defensive,Farm Products,
NORTHARC.NS,NORTHARC,Financial Services,Credit Services,
NOVAAGRI.NS,NOVAAGRI,Basic Materials,Agricultural Inputs,
NOVARTIND.NS,NOVARTIND,Healthcare,Drug Manufacturers—Specialty & Generic,
NPST.NS,NPST,Technology,Software—Application,
NRAIL.NS,NRAIL,Basic Materials,Paper & Paper Products,
NRBBEARING.NS,NRBBEARING,Consumer Cyclical,Auto Parts,
NRL.NS,NRL,Industrials,Waste Management,
NSIL.NS,NSIL,Financial Services,Asset Management,
NSLNISP.NS,NSLNISP,Basic Materials,Steel,
NTPC.NS,NTPC,Utilities,,
NTPCGREEN.NS,NTPCGREEN,Utilities,Utilities—Renewable,
NUCLEUS.NS,NUCLEUS,Technology,Software—Application,
NURECA.NS,NURECA,Healthcare,Medical Devices,
NUVAMA.NS,NUVAMA,Financial Services,Asset Management,
NUVOCO.NS,NUVOCO,Basic Materials,Building Materials,
NYKAA.NS,NYKAA,Consumer Cyclical,Internet Retail,
OAL.NS,OAL,Basic Materials,Specialty Chemicals,
OBCL.NS,OBCL,Industrials,Trucking,
OBEROIRLTY.NS,OBEROIRLTY,Real Estate,Real Estate—Development,
ODIGMA.NS,ODIGMA,Communication Services,Advertising Agencies,
OFSS.NS,OFSS,Technology,Software—Infrastructure,
OIL.NS,OIL,Energy,Oil & Gas Integrated,
OILCOUNTUB.NS,OILCOUNTUB,Energy,Oil & Gas Equipment & Services,
OLAELEC.NS,OLAELEC,Consumer Cyclical,Auto Manufacturers,
OLECTRA.NS,OLECTRA,Industrials,Farm & Heavy Construction Machinery,
OMAXAUTO.NS,OMAXAUTO,Consumer Cyclical,Auto Parts,
OMAXE.NS,OMAXE,Real Estate,Real Estate—Development,
OMFREIGHT.NS,OMFREIGHT,Industrials,Integrated Freight & Logistics,
OMINFRAL.NS,OMINFRAL,Industrials,Engineering & Construction,
OMNI.NS,OMNI,Industrials,Specialty Industrial Machinery,
OMPOWER.NS,OMPOWER,Industrials,Engineering & Construction,
ONELIFECAP.NS,ONELIFECAP,Financial Services,Capital Markets,
ONEPOINT.NS,ONEPOINT,Industrials,Specialty Business Services,
ONESOURCE.NS,ONESOURCE,Healthcare,Biotechnology,
ONGC.NS,ONGC,Energy,,
ONIDA.NS,ONIDA,Consumer Cyclical,"Furnishings, Fixtures & Appliances",
ONMOBILE.NS,ONMOBILE,Communication Services,Telecom Services,
ONWARDTEC.NS,ONWARDTEC,Technology,Information Technology Services,
OPTIEMUS.NS,OPTIEMUS,Technology,Electronics & Computer Distribution,
ORBTEXP.NS,ORBTEXP,Consumer Cyclical,Textile Manufacturing,
ORCHASP.NS,ORCHASP,Technology,Software—Application,
ORCHPHARMA.NS,ORCHPHARMA,Healthcare,Drug Manufacturers—Specialty & Generic,
ORICONENT.NS,ORICONENT,Consumer Cyclical,Packaging & Containers,
ORIENTALTL.NS,ORIENTALTL,Industrials,Building Products & Equipment,
ORIENTBELL.NS,ORIENTBELL,Industrials,Building Products & Equipment,
ORIENTCEM.NS,ORIENTCEM,Basic Materials,Building Materials,
ORIENTCER.NS,ORIENTCER,Basic Materials,Specialty Chemicals,
ORIENTELEC.NS,ORIENTELEC,Consumer Cyclical,"Furnishings, Fixtures & Appliances",
ORIENTHOT.NS,ORIENTHOT,Consumer Cyclical,Lodging,
ORIENTLTD.NS,ORIENTLTD,Consumer Cyclical,Packaging & Containers,
ORIENTPPR.NS,ORIENTPPR,Basic Materials,Paper & Paper Products,
ORIENTTECH.NS,ORIENTTECH,Technology,Information Technology Services,
ORISSAMINE.NS,ORISSAMINE,Basic Materials,Steel,
ORKLAINDIA.NS,ORKLAINDIA,Consumer Defensive,Packaged Foods,
ORTINGLOBE.NS,ORTINGLOBE,Healthcare,Drug Manufacturers—Specialty & Generic,
OSIAHYPER.NS,OSIAHYPER,Consumer Cyclical,Department Stores,
OSWALAGRO.NS,OSWALAGRO,Real Estate,Real Estate—Development,
OSWALGREEN.NS,OSWALGREEN,Financial Services,Asset Management,
OSWALPUMPS.NS,OSWALPUMPS,Industrials,Electrical Equipment & Parts,
OSWALSEEDS.NS,OSWALSEEDS,Basic Materials,Agricultural Inputs,
PACEDIGITK.NS,PACEDIGITK,Technology,Communication Equipment,
PAGEIND.NS,PAGEIND,Consumer Cyclical,Apparel Manufacturing,
PAISALO.NS,PAISALO,Financial Services,Credit Services,
PAKKA.NS,PAKKA,Basic Materials,Paper & Paper Products,
PALASHSECU.NS,PALASHSECU,Consumer Defensive,Packaged Foods,
PALREDTEC.NS,PALREDTEC,Technology,Consumer Electronics,
PANACEABIO.NS,PANACEABIO,Healthcare,Biotechnology,
PANACHE.NS,PANACHE,Technology,Communication Equipment,
PANAMAPET.NS,PANAMAPET,Energy,Oil & Gas Refining & Marketing,
PANSARI.NS,PANSARI,Real Estate,Real Estate—Development,
PAR.NS,PAR,Healthcare,Drug Manufacturers—Specialty & Generic,
PARACABLES.NS,PARACABLES,Technology,Communication Equipment,
PARADEEP.NS,PARADEEP,Basic Materials,Agricultural Inputs,
PARAGMILK.NS,PARAGMILK,Consumer Defensive,Packaged Foods,
PARAS.NS,PARAS,Industrials,Aerospace & Defense,
PARASPETRO.NS,PARASPETRO,Consumer Cyclical,Textile Manufacturing,
PARKHOSPS.NS,PARKHOSPS,Healthcare,Medical Care Facilities,
PARKHOTELS.NS,PARKHOTELS,Consumer Cyclical,Lodging,
PARSVNATH.NS,PARSVNATH,Real Estate,Real Estate—Development,
PASHUPATI.NS,PASHUPATI,Consumer Cyclical,Textile Manufacturing,
PASUPTAC.NS,PASUPTAC,Consumer Cyclical,Textile Manufacturing,
PATANJALI.NS,PATANJALI,Consumer Defensive,Packaged Foods,
PATELENG.NS,PATELENG,Industrials,Engineering & Construction,
PATELRMART.NS,PATELRMART,Consumer Cyclical,Department Stores,
PATINTLOG.NS,PATINTLOG,Industrials,Integrated Freight & Logistics,
PAUSHAKLTD.NS,PAUSHAKLTD,Basic Materials,Specialty Chemicals,
PAVNAIND.NS,PAVNAIND,Consumer Cyclical,Auto Parts,
PAYTM.NS,PAYTM,Technology,Software—Infrastructure,
PCBL.NS,PCBL,Basic Materials,Specialty Chemicals,
PCJEWELLER.NS,PCJEWELLER,Consumer Cyclical,Luxury Goods,
PDMJEPAPER.NS,PDMJEPAPER,Basic Materials,Paper & Paper Products,
PDSL.NS,PDSL,Industrials,Specialty Business Services,
PEARLPOLY.NS,PEARLPOLY,Consumer Cyclical,Packaging & Containers,
PENIND.NS,PENIND,Industrials,Specialty Industrial Machinery,
PENINLAND.NS,PENINLAND,Real Estate,Real Estate—Development,
PERSISTENT.NS,PERSISTENT,Technology,Information Technology Services,
PETRONET.NS,PETRONET,Energy,Oil & Gas Refining & Marketing,
PFC.NS,PFC,Financial Services,Credit Services,
PFIZER.NS,PFIZER,Healthcare,Drug Manufacturers—General,
PFOCUS.NS,PFOCUS,Communication Services,Entertainment,
PFS.NS,PFS,Financial Services,Credit Services,
PGEL.NS,PGEL,Technology,Electronic Components,
PGHH.NS,PGHH,Consumer Defensive,Household & Personal Products,
PGHL.NS,PGHL,Healthcare,Drug Manufacturers—Specialty & Generic,
PGIL.NS,PGIL,Consumer Cyclical,Apparel Manufacturing,
PHOENIXLTD.NS,PHOENIXLTD,Real Estate,Real Estate—Diversified,
PICCADIL.NS,PICCADIL,Consumer Defensive,Beverages—Wineries & Distilleries,
PIDILITIND.NS,PIDILITIND,Basic Materials,,
PIGL.NS,PIGL,Industrials,Engineering & Construction,
PIIND.NS,PIIND,Basic Materials,Agricultural Inputs,
PILANIINVS.NS,PILANIINVS,Financial Services,Asset Management,
PILITA.NS,PILITA,Consumer Cyclical,"Furnishings, Fixtures & Appliances",
PINELABS.NS,PINELABS,Technology,Software—Infrastructure,
PIONEEREMB.NS,PIONEEREMB,Consumer Cyclical,Textile Manufacturing,
PIRAMALFIN.NS,PIRAMALFIN,Financial Services,Credit Services,
PITTIENG.NS,PITTIENG,Industrials,Metal Fabrication,
PIXTRANS.NS,PIXTRANS,Industrials,Specialty Industrial Machinery,
PKTEA.NS,PKTEA,Consumer Defensive,Farm Products,
PLASTIBLEN.NS,PLASTIBLEN,Basic Materials,Specialty Chemicals,
PLATIND.NS,PLATIND,Basic Materials,Specialty Chemicals,
PLAZACABLE.NS,PLAZACABLE,Industrials,Electrical Equipment & Parts,
PNB.NS,PNB,Financial Services,Banks—Regional,
PNBGILTS.NS,PNBGILTS,Financial Services,Capital Markets,
PNBHOUSING.NS,PNBHOUSING,Financial Services,Mortgage Finance,
PNC.NS,PNC,Communication Services,Entertainment,
PNCINFRA.NS,PNCINFRA,Industrials,Engineering & Construction,
PNGJL.NS,PNGJL,Consumer Cyclical,Luxury Goods,
PNGSREVA.NS,PNGSREVA,Consumer Cyclical,Luxury Goods,
POCL.NS,POCL,Basic Materials,Specialty Chemicals,
PODDARMENT.NS,PODDARMENT,Basic Materials,Specialty Chemicals,
POKARNA.NS,POKARNA,Industrials,Building Products & Equipment,
POLICYBZR.NS,POLICYBZR,Financial Services,Insurance Brokers,
POLYCAB.NS,POLYCAB,Industrials,Electrical Equipment & Parts,
POLYMED.NS,POLYMED,Healthcare,Medical Instruments & Supplies,
POLYPLEX.NS,POLYPLEX,Basic Materials,Specialty Chemicals,
PONNIERODE.NS,PONNIERODE,Consumer Defensive,Confectioners,
POONAWALLA.NS,POONAWALLA,Financial Services,Credit Services,
POWERGRID.NS,POWERGRID,Utilities,,
POWERICA.NS,POWERICA,Industrials,Specialty Industrial Machinery,
POWERINDIA.NS,POWERINDIA,Industrials,Electrical Equipment & Parts,
POWERMECH.NS,POWERMECH,Industrials,Engineering & Construction,
PPAP.NS,PPAP,Consumer Cyclical,Auto Parts,
PPL.NS,PPL,Industrials,Building Products & Equipment,
PPLPHARMA.NS,PPLPHARMA,Healthcare,Drug Manufacturers—Specialty & Generic,
PRABHA.NS,PRABHA,Energy,Oil & Gas E&P,
PRAENG.NS,PRAENG,Real Estate,Real Estate—Development,
PRAJIND.NS,PRAJIND,Industrials,Engineering & Construction,
PRAKASH.NS,PRAKASH,Basic Materials,Steel,
PRAKASHSTL.NS,PRAKASHSTL,Basic Materials,Steel,
PRAXIS.NS,PRAXIS,Consumer Cyclical,Specialty Retail,
PRECAM.NS,PRECAM,Consumer Cyclical,Auto Parts,
PRECOT.NS,PRECOT,Consumer Cyclical,Textile Manufacturing,
PRECWIRE.NS,PRECWIRE,Industrials,Electrical Equipment & Parts,
PREMEXPLN.NS,PREMEXPLN,Basic Materials,Specialty Chemicals,
PREMIER.NS,PREMIER,Industrials,Specialty Industrial Machinery,
PREMIERENE.NS,PREMIERENE,Technology,Solar,
PREMIERPOL.NS,PREMIERPOL,Basic Materials,Specialty Chemicals,
PRESTIGE.NS,PRESTIGE,Real Estate,Real Estate—Diversified,
PRICOLLTD.NS,PRICOLLTD,Consumer Cyclical,Auto Parts,
PRIMESECU.NS,PRIMESECU,Financial Services,Capital Markets,
PRIMO.NS,PRIMO,Basic Materials,Chemicals,
PRINCEPIPE.NS,PRINCEPIPE,Industrials,Building Products & Equipment,
PRITI.NS,PRITI,Consumer Cyclical,"Furnishings, Fixtures & Appliances",
PRITIKAUTO.NS,PRITIKAUTO,Industrials,Specialty Industrial Machinery,
PRIVISCL.NS,PRIVISCL,Basic Materials,Specialty Chemicals,
PROSTARM.NS,PROSTARM,Industrials,Electrical Equipment & Parts,
PROTEAN.NS,PROTEAN,Technology,Information Technology Services,
PROZONER.NS,PROZONER,Real Estate,Real Estate—Diversified,
PRSMJOHNSN.NS,PRSMJOHNSN,Basic Materials,Building Materials,
PRUDENT.NS,PRUDENT,Financial Services,Asset Management,
PSB.NS,PSB,Financial Services,Banks—Regional,
PSPPROJECT.NS,PSPPROJECT,Industrials,Engineering & Construction,
PTC.NS,PTC,Utilities,Utilities—Independent Power Producers,
PTCIL.NS,PTCIL,Industrials,Metal Fabrication,
PTL.NS,PTL,Real Estate,Real Estate Services,
PUNJABCHEM.NS,PUNJABCHEM,Basic Materials,Chemicals,
PURVA.NS,PURVA,Real Estate,Real Estate—Development,
PVP.NS,PVP,Industrials,Conglomerates,
PVRINOX.NS,PVRINOX,Communication Services,Entertainment,
PVSL.NS,PVSL,Consumer Cyclical,Auto & Truck Dealerships,
PWL.NS,PWL,Consumer Defensive,Education & Training Services,
PYRAMID.NS,PYRAMID,Consumer Cyclical,Packaging & Containers,
QMSMEDI.NS,QMSMEDI,Healthcare,Medical Instruments & Supplies,
QPOWER.NS,QPOWER,Industrials,Electrical Equipment & Parts,
QUADFUTURE.NS,QUADFUTURE,Industrials,Railroads,
QUESS.NS,QUESS,Industrials,Staffing & Employment Services,
QUICKHEAL.NS,QUICKHEAL,Technology,Software—Application,
RACE.NS,RACE,Industrials,Waste Management,
RACLGEAR.NS,RACLGEAR,Consumer Cyclical,Auto Parts,
RADAAN.NS,RADAAN,Communication Services,Entertainment,
RADHIKAJWE.NS,RADHIKAJWE,Consumer Cyclical,Luxury Goods,
RADIANTCMS.NS,RADIANTCMS,Industrials,Specialty Business Services,
RADICO.NS,RADICO,Consumer Defensive,Beverages—Wineries & Distilleries,
RADIOCITY.NS,RADIOCITY,Communication Services,Broadcasting,
RAILTEL.NS,RAILTEL,Communication Services,Telecom Services,
RAIN.NS,RAIN,Basic Materials,Specialty Chemicals,
RAINBOW.NS,RAINBOW,Healthcare,Medical Care Facilities,
RAJESHEXPO.NS,RAJESHEXPO,Consumer Cyclical,Luxury Goods,
RAJMET.NS,RAJMET,Basic Materials,Copper,
RAJOOENG.NS,RAJOOENG,Industrials,Specialty Industrial Machinery,
RAJPALAYAM.NS,RAJPALAYAM,Consumer Cyclical,Textile Manufacturing,
RAJRATAN.NS,RAJRATAN,Basic Materials,Steel,
RAJRILTD.NS,RAJRILTD,Consumer Cyclical,Textile Manufacturing,
RAJSREESUG.NS,RAJSREESUG,Consumer Defensive,Confectioners,
RAJTV.NS,RAJTV,Communication Services,Broadcasting,
RALLIS.NS,RALLIS,Basic Materials,Agricultural Inputs,
RAMANEWS.NS,RAMANEWS,Consumer Defensive,Beverages—Non-Alcoholic,
RAMAPHO.NS,RAMAPHO,Basic Materials,Agricultural Inputs,
RAMASTEEL.NS,RAMASTEEL,Basic Materials,Steel,
RAMCOCEM.NS,RAMCOCEM,Basic Materials,Building Materials,
RAMCOIND.NS,RAMCOIND,Industrials,Building Products & Equipment,
RAMCOSYS.NS,RAMCOSYS,Technology,Software—Application,
RAMKY.NS,RAMKY,Industrials,Engineering & Construction,
RAMRAT.NS,RAMRAT,Industrials,Electrical Equipment & Parts,
RANASUG.NS,RANASUG,Consumer Defensive,Confectioners,
RANEHOLDIN.NS,RANEHOLDIN,Consumer Cyclical,Auto Parts,
RATEGAIN.NS,RATEGAIN,Technology,Software—Application,
RATNAMANI.NS,RATNAMANI,Basic Materials,Steel,
RATNAVEER.NS,RATNAVEER,Basic Materials,Steel,
RAYMOND.NS,RAYMOND,Industrials,Specialty Industrial Machinery,
RAYMONDLSL.NS,RAYMONDLSL,Consumer Cyclical,Apparel Manufacturing,
RAYMONDREL.NS,RAYMONDREL,Real Estate,Real Estate—Development,
RBA.NS,RBA,Consumer Cyclical,Restaurants,
RBLBANK.NS,RBLBANK,Financial Services,Banks—Regional,
RBZJEWEL.NS,RBZJEWEL,Consumer Cyclical,Luxury Goods,
RCF.NS,RCF,Basic Materials,Agricultural Inputs,
RCOM.NS,RCOM,Communication Services,Telecom Services,
RECLTD.NS,RECLTD,Financial Services,Credit Services,
REDINGTON.NS,REDINGTON,Technology,Information Technology Services,
REDTAPE.NS,REDTAPE,Consumer Cyclical,Footwear & Accessories,
REFEX.NS,REFEX,Energy,Thermal Coal,
REGAAL.NS,REGAAL,Consumer Defensive,Packaged Foods,
REGENCERAM.NS,REGENCERAM,Industrials,Building Products & Equipment,
RELAXO.NS,RELAXO,Consumer Cyclical,Footwear & Accessories,
RELCHEMQ.NS,RELCHEMQ,Consumer Cyclical,Textile Manufacturing,
RELIABLE.NS,RELIABLE,Technology,Information Technology Services,
RELIANCE.NS,RELIANCE,Energy,,
RELIGARE.NS,RELIGARE,Financial Services,Insurance—Life,
RELINFRA.NS,RELINFRA,Utilities,Utilities—Independent Power Producers,
RELTD.NS,RELTD,Technology,Solar,
REMSONSIND.NS,REMSONSIND,Consumer Cyclical,Auto Parts,
RENUKA.NS,RENUKA,Consumer Defensive,Confectioners,
REPCOHOME.NS,REPCOHOME,Financial Services,Mortgage Finance,
REPL.NS,REPL,Industrials,Consulting Services,
REPRO.NS,REPRO,Industrials,Specialty Business Services,
RESPONIND.NS,RESPONIND,Basic Materials,Specialty Chemicals,
RETAIL.NS,RETAIL,Consumer Defensive,Grocery Stores,
RGL.NS,RGL,Consumer Cyclical,Luxury Goods,
RHETAN.NS,RHETAN,Basic Materials,Steel,
RHFL.NS,RHFL,Financial Services,Mortgage Finance,
RHIM.NS,RHIM,Industrials,Metal Fabrication,
RHL.NS,RHL,Consumer Cyclical,Lodging,
RICOAUTO.NS,RICOAUTO,Consumer Cyclical,Auto Parts,
RIIL.NS,RIIL,Industrials,Engineering & Construction,
RISHABH.NS,RISHABH,Technology,Scientific & Technical Instruments,
RITCO.NS,RITCO,Industrials,Integrated Freight & Logistics,
RITES.NS,RITES,Industrials,Engineering & Construction,
RKDL.NS,RKDL,Consumer Defensive,Beverages—Wineries & Distilleries,
RKEC.NS,RKEC,Industrials,Engineering & Construction,
RKFORGE.NS,RKFORGE,Industrials,Metal Fabrication,
RKSWAMY.NS,RKSWAMY,Communication Services,Advertising Agencies,
RMC.NS,RMC,Industrials,Electrical Equipment & Parts,
RMDRIP.NS,RMDRIP,Industrials,Farm & Heavy Construction Machinery,
RML.NS,RML,Consumer Cyclical,Auto Parts,
RNBDENIMS.NS,RNBDENIMS,Consumer Cyclical,Textile Manufacturing,
ROHLTD.NS,ROHLTD,Consumer Cyclical,Lodging,
ROLEXRINGS.NS,ROLEXRINGS,Industrials,Metal Fabrication,
ROLLT.NS,ROLLT,Real Estate,Real Estate Services,
ROML.NS,ROML,Consumer Defensive,Packaged Foods,
ROSSARI.NS,ROSSARI,Basic Materials,Specialty Chemicals,
ROSSELLIND.NS,ROSSELLIND,Industrials,Conglomerates,
ROSSTECH.NS,ROSSTECH,Industrials,Aerospace & Defense,
ROTO.NS,ROTO,Industrials,Specialty Industrial Machinery,
ROUTE.NS,ROUTE,Communication Services,Telecom Services,
RPEL.NS,RPEL,Basic Materials,Chemicals,
RPGLIFE.NS,RPGLIFE,Healthcare,Drug Manufacturers—Specialty & Generic,
RPOWER.NS,RPOWER,Utilities,Utilities—Independent Power Producers,
RPPINFRA.NS,RPPINFRA,Industrials,Engineering & Construction,
RPPL.NS,RPPL,Consumer Cyclical,Packaging & Containers,
RPSGVENT.NS,RPSGVENT,Technology,Information Technology Services,
RPTECH.NS,RPTECH,Technology,Electronics & Computer Distribution,
RRKABEL.NS,RRKABEL,Industrials,Electrical Equipment & Parts,
RSL.NS,RSL,Basic Materials,Steel,
RSSOFTWARE.NS,RSSOFTWARE,Technology,Information Technology Services,
RSWM.NS,RSWM,Consumer Cyclical,Textile Manufacturing,
RSYSTEMS.NS,RSYSTEMS,Technology,Information Technology Services,
RTNINDIA.NS,RTNINDIA,Consumer Cyclical,Internet Retail,
RTNPOWER.NS,RTNPOWER,Utilities,Utilities—Independent Power Producers,
RUBFILA.NS,RUBFILA,Basic Materials,Specialty Chemicals,
RUBICON.NS,RUBICON,Healthcare,Drug Manufacturers—General,
RUBYMILLS.NS,RUBYMILLS,Consumer Cyclical,Textile Manufacturing,
RUCHINFRA.NS,RUCHINFRA,Industrials,Specialty Business Services,
RUCHIRA.NS,RUCHIRA,Basic Materials,Paper & Paper Products,
RUDRA.NS,RUDRA,Basic Materials,Steel,
RUPA.NS,RUPA,Consumer Cyclical,Apparel Manufacturing,
RUSHIL.NS,RUSHIL,Consumer Cyclical,"Furnishings, Fixtures & Appliances",
RUSTOMJEE.NS,RUSTOMJEE,Real Estate,Real Estate—Development,
RVHL.NS,RVHL,Real Estate,Real Estate—Development,
RVNL.NS,RVNL,Industrials,Engineering & Construction,
RVTH.NS,RVTH,Industrials,Farm & Heavy Construction Machinery,
S&SPOWER.NS,S&SPOWER,Industrials,Electrical Equipment & Parts,
SAATVIKGL.NS,SAATVIKGL,Technology,Solar,
SADBHAV.NS,SADBHAV,Industrials,Engineering & Construction,
SADBHIN.NS,SADBHIN,Industrials,Engineering & Construction,
SADHNANIQ.NS,SADHNANIQ,Basic Materials,Chemicals,
SAFARI.NS,SAFARI,Consumer Cyclical,Footwear & Accessories,
SAGARDEEP.NS,SAGARDEEP,Basic Materials,Copper,
SAGCEM.NS,SAGCEM,Basic Materials,Building Materials,
SAGILITY.NS,SAGILITY,Healthcare,Health Information Services,
SAHLIBHFI.NS,SAHLIBHFI,Financial Services,Credit Services,
SAHYADRI.NS,SAHYADRI,Industrials,Building Products & Equipment,
SAIL.NS,SAIL,Basic Materials,Steel,
SAILIFE.NS,SAILIFE,Healthcare,Diagnostics & Research,
SAIPARENT.NS,SAIPARENT,Healthcare,Drug Manufacturers—General,
SAKAR.NS,SAKAR,Healthcare,Drug Manufacturers—Specialty & Generic,
SAKHTISUG.NS,SAKHTISUG,Consumer Defensive,Confectioners,
SAKSOFT.NS,SAKSOFT,Technology,Information Technology Services,
SAKUMA.NS,SAKUMA,Consumer Defensive,Farm Products,
SALASAR.NS,SALASAR,Basic Materials,Steel,
SALONA.NS,SALONA,Consumer Cyclical,Textile Manufacturing,
SALSTEEL.NS,SALSTEEL,Basic Materials,Steel,
SALZERELEC.NS,SALZERELEC,Industrials,Electrical Equipment & Parts,
SAMBHAAV.NS,SAMBHAAV,Communication Services,Publishing,
SAMBHV.NS,SAMBHV,Basic Materials,Steel,
SAMHI.NS,SAMHI,Consumer Cyclical,Lodging,
SAMMAANCAP.NS,SAMMAANCAP,Financial Services,Mortgage Finance,
SAMPANN.NS,SAMPANN,Basic Materials,Specialty Chemicals,
SANATHAN.NS,SANATHAN,Consumer Cyclical,Textile Manufacturing,
SANDESH.NS,SANDESH,Communication Services,Publishing,
SANDHAR.NS,SANDHAR,Consumer Cyclical,Auto Parts,
SANDUMA.NS,SANDUMA,Basic Materials,Steel,
SANGAMIND.NS,SANGAMIND,Consumer Cyclical,Textile Manufacturing,
SANGHVIMOV.NS,SANGHVIMOV,Industrials,Rental & Leasing Services,
SANGINITA.NS,SANGINITA,Basic Materials,Chemicals,
SANOFI.NS,SANOFI,Healthcare,Drug Manufacturers—General,
SANOFICONR.NS,SANOFICONR,Healthcare,Drug Manufacturers—General,
SANSERA.NS,SANSERA,Consumer Cyclical,Auto Parts,
SANSTAR.NS,SANSTAR,Basic Materials,Chemicals,
SANWARIA.NS,SANWARIA,Consumer Defensive,Farm Products,
SAPPHIRE.NS,SAPPHIRE,Consumer Cyclical,Restaurants,
SARDAEN.NS,SARDAEN,Basic Materials,Steel,
SAREGAMA.NS,SAREGAMA,Communication Services,Entertainment,
SARLAPOLY.NS,SARLAPOLY,Consumer Cyclical,Textile Manufacturing,
SARVESHWAR.NS,SARVESHWAR,Consumer Defensive,Packaged Foods,
SASKEN.NS,SASKEN,Technology,Information Technology Services,
SATIA.NS,SATIA,Basic Materials,Paper & Paper Products,
SATIN.NS,SATIN,Financial Services,Credit Services,
SAURASHCEM.NS,SAURASHCEM,Basic Materials,Building Materials,
SAYAJIHOTL.NS,SAYAJIHOTL,Consumer Cyclical,Lodging,
SBC.NS,SBC,Industrials,Conglomerates,
SBCL.NS,SBCL,Industrials,Metal Fabrication,
SBFC.NS,SBFC,Financial Services,Credit Services,
SBGLP.NS,SBGLP,Real Estate,Real Estate—Development,
SBICARD.NS,SBICARD,Financial Services,Credit Services,
SBILIFE.NS,SBILIFE,Financial Services,,
SBIN.NS,SBIN,Financial Services,,
SCHAEFFLER.NS,SCHAEFFLER,Consumer Cyclical,Auto Parts,
SCHAND.NS,SCHAND,Communication Services,Publishing,
SCHNEIDER.NS,SCHNEIDER,Industrials,Electrical Equipment & Parts,
SCI.NS,SCI,Industrials,Marine Shipping,
SCILAL.NS,SCILAL,Real Estate,Real Estate Services,
SCODATUBES.NS,SCODATUBES,Basic Materials,Steel,
SCPL.NS,SCPL,Consumer Defensive,Packaged Foods,
SDBL.NS,SDBL,Consumer Defensive,Beverages—Brewers,
SEAMECLTD.NS,SEAMECLTD,Industrials,Marine Shipping,
SECMARK.NS,SECMARK,Industrials,Consulting Services,
SECURKLOUD.NS,SECURKLOUD,Technology,Software—Application,
SEDEMAC.NS,SEDEMAC,Consumer Cyclical,Auto Parts,
SEJALLTD.NS,SEJALLTD,Industrials,Building Products & Equipment,
SELMC.NS,SELMC,Consumer Cyclical,Textile Manufacturing,
SEMAC.NS,SEMAC,Industrials,Engineering & Construction,
SENCO.NS,SENCO,Consumer Cyclical,Luxury Goods,
SENORES.NS,SENORES,Healthcare,Drug Manufacturers—General,
SEPC.NS,SEPC,Industrials,Engineering & Construction,
SERVOTECH.NS,SERVOTECH,Industrials,Electrical Equipment & Parts,
SESHAPAPER.NS,SESHAPAPER,Basic Materials,Paper & Paper Products,
SETCO.NS,SETCO,Consumer Cyclical,Auto Parts,
SETL.NS,SETL,Industrials,Specialty Industrial Machinery,
SEYAIND.NS,SEYAIND,Basic Materials,Specialty Chemicals,
SFL.NS,SFL,Consumer Cyclical,"Furnishings, Fixtures & Appliances",
SGFIN.NS,SGFIN,Financial Services,Capital Markets,
SGIL.NS,SGIL,Industrials,Metal Fabrication,
SGL.NS,SGL,Consumer Cyclical,Textile Manufacturing,
SGMART.NS,SGMART,Industrials,Industrial Distribution,
SHADOWFAX.NS,SHADOWFAX,Industrials,Integrated Freight & Logistics,
SHAH.NS,SHAH,Basic Materials,Steel,
SHAHALLOYS.NS,SHAHALLOYS,Basic Materials,Steel,
SHAILY.NS,SHAILY,Basic Materials,Specialty Chemicals,
SHAKTIPUMP.NS,SHAKTIPUMP,Industrials,Specialty Industrial Machinery,
SHALBY.NS,SHALBY,Healthcare,Medical Care Facilities,
SHALPAINTS.NS,SHALPAINTS,Basic Materials,Specialty Chemicals,
SHANKARA.NS,SHANKARA,Consumer Cyclical,Home Improvement Retail,
SHANTI.NS,SHANTI,Consumer Defensive,Farm Products,
SHANTIGEAR.NS,SHANTIGEAR,Industrials,Specialty Industrial Machinery,
SHANTIGOLD.NS,SHANTIGOLD,Consumer Cyclical,Luxury Goods,
SHARDACROP.NS,SHARDACROP,Basic Materials,Agricultural Inputs,
SHARDAMOTR.NS,SHARDAMOTR,Consumer Cyclical,Auto Parts,
SHARDUL.NS,SHARDUL,Financial Services,Capital Markets,
SHAREINDIA.NS,SHAREINDIA,Financial Services,Capital Markets,
SHEKHAWATI.NS,SHEKHAWATI,Consumer Cyclical,Textile Manufacturing,
SHEMAROO.NS,SHEMAROO,Communication Services,Entertainment,
SHILCTECH.NS,SHILCTECH,Industrials,Electrical Equipment & Parts,
SHILPAMED.NS,SHILPAMED,Healthcare,Drug Manufacturers—Specialty & Generic,
SHIVALIK.NS,SHIVALIK,Basic Materials,Agricultural Inputs,
SHIVAMAUTO.NS,SHIVAMAUTO,Consumer Cyclical,Auto Parts,
SHIVAMILLS.NS,SHIVAMILLS,Consumer Cyclical,Textile Manufacturing,
SHIVATEX.NS,SHIVATEX,Consumer Cyclical,Textile Manufacturing,
SHIVAUM.NS,SHIVAUM,Basic Materials,Steel,
SHK.NS,SHK,Basic Materials,Specialty Chemicals,
SHOPERSTOP.NS,SHOPERSTOP,Consumer Cyclical,Department Stores,
SHRADHA.NS,SHRADHA,Real Estate,Real Estate—Development,
SHREDIGCEM.NS,SHREDIGCEM,Basic Materials,Building Materials,
SHREECEM.NS,SHREECEM,Basic Materials,Building Materials,
SHREEJISPG.NS,SHREEJISPG,Industrials,Marine Shipping,
SHREEPUSHK.NS,SHREEPUSHK,Basic Materials,Specialty Chemicals,
SHREERAMA.NS,SHREERAMA,Consumer Cyclical,Packaging & Containers,
SHRENIK.NS,SHRENIK,Basic Materials,Paper & Paper Products,
SHREYANIND.NS,SHREYANIND,Basic Materials,Paper & Paper Products,
SHRINGARMS.NS,SHRINGARMS,Consumer Cyclical,Luxury Goods,
SHRIPISTON.NS,SHRIPISTON,Consumer Cyclical,Auto Parts,
SHRIRAMFIN.NS,SHRIRAMFIN,Financial Services,Credit Services,
SHRIRAMPPS.NS,SHRIRAMPPS,Real Estate,Real Estate—Development,
SHYAMCENT.NS,SHYAMCENT,Basic Materials,Steel,
SHYAMMETL.NS,SHYAMMETL,Basic Materials,Steel,
SHYAMTEL.NS,SHYAMTEL,Technology,Communication Equipment,
SICAGEN.NS,SICAGEN,Basic Materials,Steel,
SICALLOG.NS,SICALLOG,Industrials,Integrated Freight & Logistics,
SIEMENS.NS,SIEMENS,Industrials,Specialty Industrial Machinery,
SIGACHI.NS,SIGACHI,Healthcare,Drug Manufacturers—Specialty & Generic,
SIGIND.NS,SIGIND,Industrials,Conglomerates,
SIGMA.NS,SIGMA,Technology,Information Technology Services,
SIGMAADV.NS,SIGMAADV,Industrials,Aerospace & Defense,
SIGNATURE.NS,SIGNATURE,Real Estate,Real Estate—Development,
SIGNPOST.NS,SIGNPOST,Communication Services,Advertising Agencies,
SIKKO.NS,SIKKO,Basic Materials,Agricultural Inputs,
SIL.NS,SIL,Consumer Cyclical,Textile Manufacturing,
SILGO.NS,SILGO,Consumer Cyclical,Luxury Goods,
SILINV.NS,SILINV,Financial Services,Asset Management,
SILLYMONKS.NS,SILLYMONKS,Communication Services,Entertainment,
SILVERTUC.NS,SILVERTUC,Technology,Information Technology Services,
SIMBHALS.NS,SIMBHALS,Consumer Defensive,Confectioners,
SIMPLEXINF.NS,SIMPLEXINF,Industrials,Engineering & Construction,
SINCLAIR.NS,SINCLAIR,Consumer Cyclical,Lodging,
SINDHUTRAD.NS,SINDHUTRAD,Industrials,Conglomerates,
SINTERCOM.NS,SINTERCOM,Consumer Cyclical,Auto Parts,
SIRCA.NS,SIRCA,Basic Materials,Specialty Chemicals,
SIS.NS,SIS,Industrials,Security & Protection Services,
SITINET.NS,SITINET,Communication Services,Entertainment,
SIYSIL.NS,SIYSIL,Consumer Cyclical,Textile Manufacturing,
SJS.NS,SJS,Consumer Cyclical,Auto Parts,
SJVN.NS,SJVN,Utilities,Utilities—Renewable,
SKFINDIA.NS,SKFINDIA,Industrials,Tools & Accessories,
SKFINDUS.NS,SKFINDUS,Industrials,Tools & Accessories,
SKIL.NS,SKIL,Industrials,Engineering & Construction,
SKIPPER.NS,SKIPPER,Industrials,Engineering & Construction,
SKMEGGPROD.NS,SKMEGGPROD,Consumer Defensive,Packaged Foods,
SKYGOLD.NS,SKYGOLD,Consumer Cyclical,Luxury Goods,
SMARTLINK.NS,SMARTLINK,Technology,Communication Equipment,
SMARTWORKS.NS,SMARTWORKS,Real Estate,Real Estate Services,
SMCGLOBAL.NS,SMCGLOBAL,Financial Services,Capital Markets,
SMLMAH.NS,SMLMAH,Consumer Cyclical,Auto Manufacturers,
SMLT.NS,SMLT,Industrials,Metal Fabrication,
SMSPHARMA.NS,SMSPHARMA,Healthcare,Drug Manufacturers—General,
SNOWMAN.NS,SNOWMAN,Industrials,Integrated Freight & Logistics,
SOBHA.NS,SOBHA,Real Estate,Real Estate—Development,
SOFTTECH.NS,SOFTTECH,Technology,Software—Application,
SOLARA.NS,SOLARA,Healthcare,Drug Manufacturers—Specialty & Generic,
SOLARINDS.NS,SOLARINDS,Basic Materials,Specialty Chemicals,
SOLARWORLD.NS,SOLARWORLD,Technology,Solar,
SOLEX.NS,SOLEX,Technology,Solar,
SOMANYCERA.NS,SOMANYCERA,Industrials,Building Products & Equipment,
SOMATEX.NS,SOMATEX,Consumer Cyclical,Textile Manufacturing,
SOMICONVEY.NS,SOMICONVEY,Industrials,Specialty Industrial Machinery,
SONACOMS.NS,SONACOMS,Consumer Cyclical,Auto Parts,
SONAMLTD.NS,SONAMLTD,Consumer Cyclical,"Furnishings, Fixtures & Appliances",
SONATSOFTW.NS,SONATSOFTW,Technology,Information Technology Services,
SOTL.NS,SOTL,Basic Materials,Specialty Chemicals,
SOUTHBANK.NS,SOUTHBANK,Financial Services,Banks—Regional,
SOUTHWEST.NS,SOUTHWEST,Energy,Oil & Gas Equipment & Services,
SPAL.NS,SPAL,Consumer Cyclical,Apparel Manufacturing,
SPANDANA.NS,SPANDANA,Financial Services,Credit Services,
SPARC.NS,SPARC,Healthcare,Drug Manufacturers—Specialty & Generic,
SPCENET.NS,SPCENET,Financial Services,Capital Markets,
SPECIALITY.NS,SPECIALITY,Consumer Cyclical,Restaurants,
SPECTRUM.NS,SPECTRUM,Industrials,Electrical Equipment & Parts,
SPENCERS.NS,SPENCERS,Consumer Cyclical,Department Stores,
SPIC.NS,SPIC,Basic Materials,Agricultural Inputs,
SPLIL.NS,SPLIL,Consumer Cyclical,Apparel Manufacturing,
SPLPETRO.NS,SPLPETRO,Basic Materials,Specialty Chemicals,
SPMLINFRA.NS,SPMLINFRA,Industrials,Engineering & Construction,
SPORTKING.NS,SPORTKING,Consumer Cyclical,Textile Manufacturing,
SRD.NS,SRD,Basic Materials,Specialty Chemicals,
SREEL.NS,SREEL,Consumer Cyclical,Footwear & Accessories,
SRF.NS,SRF,Industrials,Conglomerates,
SRGHFL.NS,SRGHFL,Financial Services,Mortgage Finance,
SRHHYPOLTD.NS,SRHHYPOLTD,Basic Materials,Chemicals,
SRM.NS,SRM,Industrials,Engineering & Construction,
SRPL.NS,SRPL,Consumer Defensive,Farm Products,
SRTL.NS,SRTL,Consumer Cyclical,Textile Manufacturing,
SSDL.NS,SSDL,Consumer Cyclical,Apparel Retail,
SSWL.NS,SSWL,Consumer Cyclical,Auto Parts,
STALLION.NS,STALLION,Basic Materials,Specialty Chemicals,
STANLEY.NS,STANLEY,Consumer Cyclical,"Furnishings, Fixtures & Appliances",
STAR.NS,STAR,Healthcare,Drug Manufacturers—Specialty & Generic,
STARCEMENT.NS,STARCEMENT,Basic Materials,Building Materials,
STARHEALTH.NS,STARHEALTH,Financial Services,Insurance—Life,
STARPAPER.NS,STARPAPER,Basic Materials,Paper & Paper Products,
STARTECK.NS,STARTECK,Financial Services,Credit Services,
STCINDIA.NS,STCINDIA,Industrials,Conglomerates,
STEELCAS.NS,STEELCAS,Basic Materials,Steel,
STEELCITY.NS,STEELCITY,Financial Services,Capital Markets,
STEELXIND.NS,STEELXIND,Basic Materials,Steel,
STEL.NS,STEL,Financial Services,Asset Management,
STERTOOLS.NS,STERTOOLS,Industrials,Tools & Accessories,
STLNETWORK.NS,STLNETWORK,Communication Services,Telecom Services,
STLTECH.NS,STLTECH,Technology,Communication Equipment,
STOVEKRAFT.NS,STOVEKRAFT,Consumer Cyclical,"Furnishings, Fixtures & Appliances",
STUDDS.NS,STUDDS,Consumer Cyclical,Auto Parts,
STYL.NS,STYL,Technology,Software—Infrastructure,
STYLAMIND.NS,STYLAMIND,Consumer Cyclical,"Furnishings, Fixtures & Appliances",
STYLEBAAZA.NS,STYLEBAAZA,Consumer Cyclical,Apparel Retail,
STYRENIX.NS,STYRENIX,Basic Materials,Chemicals,
SUBEXLTD.NS,SUBEXLTD,Technology,Software—Application,
SUBROS.NS,SUBROS,Consumer Cyclical,Auto Parts,
SUDARCOLOR.NS,SUDARCOLOR,Basic Materials,Specialty Chemicals,
SUDARSCHEM.NS,SUDARSCHEM,Basic Materials,Specialty Chemicals,
SUDEEPPHRM.NS,SUDEEPPHRM,Healthcare,Drug Manufacturers—Specialty & Generic,
SUKHJITS.NS,SUKHJITS,Basic Materials,Specialty Chemicals,
SULA.NS,SULA,Consumer Defensive,Beverages—Wineries & Distilleries,
SUMEETINDS.NS,SUMEETINDS,Consumer Cyclical,Textile Manufacturing,
SUMICHEM.NS,SUMICHEM,Basic Materials,Agricultural Inputs,
SUMIT.NS,SUMIT,Real Estate,Real Estate—Development,
SUMMITSEC.NS,SUMMITSEC,Financial Services,Capital Markets,
SUNCLAY.NS,SUNCLAY,Industrials,Metal Fabrication,
SUNDARAM.NS,SUNDARAM,Basic Materials,Paper & Paper Products,
SUNDARMFIN.NS,SUNDARMFIN,Financial Services,Credit Services,
SUNDRMBRAK.NS,SUNDRMBRAK,Consumer Cyclical,Auto Parts,
SUNDRMFAST.NS,SUNDRMFAST,Consumer Cyclical,Auto Parts,
SUNDROP.NS,SUNDROP,Consumer Defensive,Packaged Foods,
SUNFLAG.NS,SUNFLAG,Basic Materials,Steel,
SUNPHARMA.NS,SUNPHARMA,Healthcare,,
SUNTECK.NS,SUNTECK,Real Estate,Real Estate—Development,
SUNTV.NS,SUNTV,Communication Services,Broadcasting,
SUPERHOUSE.NS,SUPERHOUSE,Consumer Cyclical,Footwear & Accessories,
SUPERSPIN.NS,SUPERSPIN,Consumer Cyclical,Textile Manufacturing,
SUPRAJIT.NS,SUPRAJIT,Consumer Cyclical,Auto Parts,
SUPREME.NS,SUPREME,Real Estate,Real Estate—Development,
SUPREMEENG.NS,SUPREMEENG,Basic Materials,Steel,
SUPREMEIND.NS,SUPREMEIND,Industrials,Building Products & Equipment,
SUPREMEINF.NS,SUPREMEINF,Industrials,Engineering & Construction,
SUPRIYA.NS,SUPRIYA,Healthcare,Biotechnology,
SURAJEST.NS,SURAJEST,Real Estate,Real Estate—Development,
SURAJLTD.NS,SURAJLTD,Basic Materials,Steel,
SURAKSHA.NS,SURAKSHA,Healthcare,Diagnostics & Research,
SURANASOL.NS,SURANASOL,Technology,Solar,
SURANAT&P.NS,SURANAT&P,Utilities,Utilities—Independent Power Producers,
SURYALAXMI.NS,SURYALAXMI,Consumer Cyclical,Textile Manufacturing,
SURYAROSNI.NS,SURYAROSNI,Basic Materials,Steel,
SURYODAY.NS,SURYODAY,Financial Services,Banks—Regional,
SUTLEJTEX.NS,SUTLEJTEX,Consumer Cyclical,Textile Manufacturing,
SUVEN.NS,SUVEN,Healthcare,Drug Manufacturers—Specialty & Generic,
SUVIDHAA.NS,SUVIDHAA,Technology,Information Technology Services,
SUYOG.NS,SUYOG,Communication Services,Telecom Services,
SUZLON.NS,SUZLON,Industrials,Specialty Industrial Machinery,
SVLL.NS,SVLL,Industrials,Trucking,
SVPGLOB.NS,SVPGLOB,Consumer Cyclical,Textile Manufacturing,
SWANCORP.NS,SWANCORP,Industrials,Conglomerates,
SWANDEF.NS,SWANDEF,Industrials,Aerospace & Defense,
SWARAJENG.NS,SWARAJENG,Consumer Cyclical,Auto Parts,
SWELECTES.NS,SWELECTES,Technology,Solar,
SWIGGY.NS,SWIGGY,Consumer Cyclical,Internet Retail,
SWSOLAR.NS,SWSOLAR,Technology,Solar,
SYMPHONY.NS,SYMPHONY,Consumer Cyclical,"Furnishings, Fixtures & Appliances",
SYNCOMF.NS,SYNCOMF,Healthcare,Drug Manufacturers—Specialty & Generic,
SYNGENE.NS,SYNGENE,Healthcare,Diagnostics & Research,
SYRMA.NS,SYRMA,Technology,Electronic Components,
SYSTMTXC.NS,SYSTMTXC,Financial Services,Capital Markets,
TAINWALCHM.NS,TAINWALCHM,Basic Materials,Specialty Chemicals,
TAJGVK.NS,TAJGVK,Consumer Cyclical,Lodging,
TAKE.NS,TAKE,Healthcare,Health Information Services,
TALBROAUTO.NS,TALBROAUTO,Consumer Cyclical,Auto Parts,
TANLA.NS,TANLA,Technology,Software—Application,
TARACHAND.NS,TARACHAND,Industrials,Farm & Heavy Construction Machinery,
TARAPUR.NS,TARAPUR,Industrials,Specialty Industrial Machinery,
TARC.NS,TARC,Real Estate,Real Estate—Development,
TARIL.NS,TARIL,Industrials,Electrical Equipment & Parts,
TARMAT.NS,TARMAT,Industrials,Engineering & Construction,
TARSONS.NS,TARSONS,Healthcare,Medical Instruments & Supplies,
TASTYBITE.NS,TASTYBITE,Consumer Defensive,Packaged Foods,
TATACAP.NS,TATACAP,Financial Services,Credit Services,
TATACHEM.NS,TATACHEM,Basic Materials,Chemicals,
TATACOMM.NS,TATACOMM,Communication Services,Telecom Services,
TATACONSUM.NS,TATACONSUM,Consumer Defensive,,
TATAELXSI.NS,TATAELXSI,Technology,Software—Application,
TATAINVEST.NS,TATAINVEST,Financial Services,Asset Management,
TATAPOWER.NS,TATAPOWER,Utilities,Utilities—Independent Power Producers,
TATASTEEL.NS,TATASTEEL,Basic Materials,,
TATATECH.NS,TATATECH,Technology,Information Technology Services,
TATVA.NS,TATVA,Basic Materials,Specialty Chemicals,
TBOTEK.NS,TBOTEK,Consumer Cyclical,Travel Services,
TBZ.NS,TBZ,Consumer Cyclical,Luxury Goods,
TCI.NS,TCI,Industrials,Integrated Freight & Logistics,
TCIEXP.NS,TCIEXP,Industrials,Integrated Freight & Logistics,
TCIFINANCE.NS,TCIFINANCE,Financial Services,Credit Services,
TCPLPACK.NS,TCPLPACK,Consumer Cyclical,Packaging & Containers,
TCS.NS,TCS,Technology,,
TDPOWERSYS.NS,TDPOWERSYS,Industrials,Specialty Industrial Machinery,
TEAMGTY.NS,TEAMGTY,Financial Services,Asset Management,
TEAMLEASE.NS,TEAMLEASE,Industrials,Staffing & Employment Services,
TECHM.NS,TECHM,Technology,,
TECHNOE.NS,TECHNOE,Industrials,Engineering & Construction,
TEGA.NS,TEGA,Industrials,Specialty Industrial Machinery,
TEJASNET.NS,TEJASNET,Technology,Communication Equipment,
TEMBO.NS,TEMBO,Industrials,Metal Fabrication,
TENNIND.NS,TENNIND,Consumer Cyclical,Auto Parts,
TERASOFT.NS,TERASOFT,Technology,Information Technology Services,
TEXINFRA.NS,TEXINFRA,Real Estate,Real Estate Services,
TEXMOPIPES.NS,TEXMOPIPES,Industrials,Building Products & Equipment,
TEXRAIL.NS,TEXRAIL,Industrials,Railroads,
TFCILTD.NS,TFCILTD,Financial Services,Credit Services,
TFL.NS,TFL,Financial Services,Mortgage Finance,
TGBHOTELS.NS,TGBHOTELS,Consumer Cyclical,Lodging,
THANGAMAYL.NS,THANGAMAYL,Consumer Cyclical,Luxury Goods,
THEINVEST.NS,THEINVEST,Financial Services,Capital Markets,
THEJO.NS,THEJO,Industrials,Specialty Industrial Machinery,
THELEELA.NS,THELEELA,Consumer Cyclical,Lodging,
THEMISMED.NS,THEMISMED,Healthcare,Drug Manufacturers—Specialty & Generic,
THERMAX.NS,THERMAX,Industrials,Conglomerates,
THOMASCOOK.NS,THOMASCOOK,Consumer Cyclical,Travel Services,
THOMASCOTT.NS,THOMASCOTT,Consumer Cyclical,Textile Manufacturing,
THYROCARE.NS,THYROCARE,Healthcare,Diagnostics & Research,
TI.NS,TI,Consumer Defensive,Beverages—Wineries & Distilleries,
TICL.NS,TICL,Industrials,Engineering & Construction,
TIGERLOGS.NS,TIGERLOGS,Industrials,Integrated Freight & Logistics,
TIIL.NS,TIIL,Industrials,Tools & Accessories,
TIINDIA.NS,TIINDIA,Industrials,Conglomerates,
TIJARIA.NS,TIJARIA,Industrials,Building Products & Equipment,
TIL.NS,TIL,Industrials,Farm & Heavy Construction Machinery,
TIMETECHNO.NS,TIMETECHNO,Consumer Cyclical,Packaging & Containers,
TIMEX.NS,TIMEX,Consumer Cyclical,Luxury Goods,
TIMKEN.NS,TIMKEN,Industrials,Tools & Accessories,
TINNARUBR.NS,TINNARUBR,Basic Materials,Specialty Chemicals,
TIPSFILMS.NS,TIPSFILMS,Communication Services,Entertainment,
TIPSMUSIC.NS,TIPSMUSIC,Communication Services,Entertainment,
TIRUMALCHM.NS,TIRUMALCHM,Basic Materials,Specialty Chemicals,
TIRUPATIFL.NS,TIRUPATIFL,Industrials,Metal Fabrication,
TITAGARH.NS,TITAGARH,Industrials,Railroads,
TITAN.NS,TITAN,Consumer Cyclical,,
TMB.NS,TMB,Financial Services,Banks—Regional,
TMCV.NS,TMCV,Consumer Cyclical,Auto Manufacturers,
TMPV.NS,TMPV,Consumer Cyclical,Auto Manufacturers,
TNPETRO.NS,TNPETRO,Basic Materials,Specialty Chemicals,
TNPL.NS,TNPL,Basic Materials,Paper & Paper Products,
TNTELE.NS,TNTELE,Technology,Communication Equipment,
TOKYOPLAST.NS,TOKYOPLAST,Consumer Cyclical,Packaging & Containers,
TOLINS.NS,TOLINS,Consumer Cyclical,Auto Parts,
TORNTPHARM.NS,TORNTPHARM,Healthcare,Drug Manufacturers—Specialty & Generic,
TORNTPOWER.NS,TORNTPOWER,Utilities,Utilities—Independent Power Producers,
TOTAL.NS,TOTAL,Industrials,Integrated Freight & Logistics,
TOUCHWOOD.NS,TOUCHWOOD,Communication Services,Advertising Agencies,
TPHQ.NS,TPHQ,Industrials,Engineering & Construction,
TPLPLASTEH.NS,TPLPLASTEH,Consumer Cyclical,Packaging & Containers,
TRACXN.NS,TRACXN,Technology,Software—Application,
TRANSPEK.NS,TRANSPEK,Basic Materials,Chemicals,
TRANSRAILL.NS,TRANSRAILL,Industrials,Engineering & Construction,
TRANSWORLD.NS,TRANSWORLD,Industrials,Marine Shipping,
TRAVELFOOD.NS,TRAVELFOOD,Consumer Cyclical,Restaurants,
TREEHOUSE.NS,TREEHOUSE,Consumer Defensive,Education & Training Services,
TREJHARA.NS,TREJHARA,Technology,Software—Application,
TREL.NS,TREL,Real Estate,Real Estate Services,
TRENT.NS,TRENT,Consumer Cyclical,Apparel Retail,
TRF.NS,TRF,Industrials,Specialty Industrial Machinery,
TRIDENT.NS,TRIDENT,Consumer Cyclical,Textile Manufacturing,
TRIGYN.NS,TRIGYN,Technology,Information Technology Services,
TRITURBINE.NS,TRITURBINE,Industrials,Specialty Industrial Machinery,
TRIVENI.NS,TRIVENI,Consumer Defensive,Confectioners,
TRU.NS,TRU,Financial Services,Credit Services,
TRUALT.NS,TRUALT,Energy,Oil & Gas Refining & Marketing,
TSFINV.NS,TSFINV,Financial Services,Asset Management,
TTKHLTCARE.NS,TTKHLTCARE,Healthcare,Drug Manufacturers—General,
TTKPRESTIG.NS,TTKPRESTIG,Consumer Cyclical,"Furnishings, Fixtures & Appliances",
TTL.NS,TTL,Consumer Cyclical,Textile Manufacturing,
TTML.NS,TTML,Communication Services,Telecom Services,
TVSELECT.NS,TVSELECT,Technology,Computer Hardware,
TVSHLTD.NS,TVSHLTD,Consumer Cyclical,Auto Parts,
TVSMOTOR.NS,TVSMOTOR,Consumer Cyclical,Auto Manufacturers,
TVSSCS.NS,TVSSCS,Industrials,Integrated Freight & Logistics,
TVSSRICHAK.NS,TVSSRICHAK,Consumer Cyclical,Auto Parts,
TVTODAY.NS,TVTODAY,Communication Services,Broadcasting,
TVVISION.NS,TVVISION,Communication Services,Broadcasting,
UBL.NS,UBL,Consumer Defensive,Beverages—Brewers,
UCAL.NS,UCAL,Consumer Cyclical,Auto Parts,
UCOBANK.NS,UCOBANK,Financial Services,Banks—Regional,
UDS.NS,UDS,Industrials,Specialty Business Services,
UEL.NS,UEL,Technology,Solar,
UFBL.NS,UFBL,Consumer Cyclical,Restaurants,
UFLEX.NS,UFLEX,Consumer Cyclical,Packaging & Containers,
UFO.NS,UFO,Communication Services,Entertainment,
UGARSUGAR.NS,UGARSUGAR,Consumer Defensive,Confectioners,
UGROCAP.NS,UGROCAP,Financial Services,Credit Services,
UJJIVANSFB.NS,UJJIVANSFB,Financial Services,Banks—Regional,
ULTRACEMCO.NS,ULTRACEMCO,Basic Materials,,
ULTRAMAR.NS,ULTRAMAR,Basic Materials,Specialty Chemicals,
UMAEXPORTS.NS,UMAEXPORTS,Consumer Defensive,Farm Products,
UMESLTD.NS,UMESLTD,Consumer Defensive,Education & Training Services,
UNICHEMLAB.NS,UNICHEMLAB,Healthcare,Drug Manufacturers—Specialty & Generic,
UNIDT.NS,UNIDT,Energy,Oil & Gas Equipment & Services,
UNIECOM.NS,UNIECOM,Technology,Software—Application,
UNIENTER.NS,UNIENTER,Basic Materials,Chemicals,
UNIINFO.NS,UNIINFO,Communication Services,Telecom Services,
UNIMECH.NS,UNIMECH,Industrials,Aerospace & Defense,
UNIONBANK.NS,UNIONBANK,Financial Services,Banks—Regional,
UNIPARTS.NS,UNIPARTS,Industrials,Farm & Heavy Construction Machinery,
UNITDSPR.NS,UNITDSPR,Consumer Defensive,Beverages—Wineries & Distilleries,
UNITECH.NS,UNITECH,Real Estate,Real Estate—Diversified,
UNITEDPOLY.NS,UNITEDPOLY,Consumer Cyclical,Textile Manufacturing,
UNITEDTEA.NS,UNITEDTEA,Consumer Defensive,Farm Products,
UNIVAFOODS.NS,UNIVAFOODS,Financial Services,Shell Companies,
UNIVASTU.NS,UNIVASTU,Industrials,Engineering & Construction,
UNIVCABLES.NS,UNIVCABLES,Industrials,Electrical Equipment & Parts,
UNIVPHOTO.NS,UNIVPHOTO,Healthcare,Medical Devices,
UNOMINDA.NS,UNOMINDA,Consumer Cyclical,Auto Parts,
UPL.NS,UPL,Basic Materials,Agricultural Inputs,
URAVIDEF.NS,URAVIDEF,Consumer Cyclical,Auto Parts,
URBANCO.NS,URBANCO,Technology,Software—Application,
URJA.NS,URJA,Technology,Solar,
USHAMART.NS,USHAMART,Basic Materials,Steel,
USK.NS,USK,Industrials,Engineering & Construction,
UTIAMC.NS,UTIAMC,Financial Services,Asset Management,
UTKARSHBNK.NS,UTKARSHBNK,Financial Services,Banks—Regional,
UTLSOLAR.NS,UTLSOLAR,Technology,Solar,
UTTAMSUGAR.NS,UTTAMSUGAR,Consumer Defensive,Confectioners,
UYFINCORP.NS,UYFINCORP,Financial Services,Credit Services,
V2RETAIL.NS,V2RETAIL,Consumer Cyclical,Apparel Retail,
VADILALIND.NS,VADILALIND,Consumer Defensive,Packaged Foods,
VAIBHAVGBL.NS,VAIBHAVGBL,Consumer Cyclical,Luxury Goods,
VAISHALI.NS,VAISHALI,Healthcare,Drug Manufacturers—Specialty & Generic,
VAKRANGEE.NS,VAKRANGEE,Technology,Information Technology Services,
VALIANTLAB.NS,VALIANTLAB,Healthcare,Drug Manufacturers—Specialty & Generic,
VALIANTORG.NS,VALIANTORG,Basic Materials,Chemicals,
VARDHACRLC.NS,VARDHACRLC,Consumer Cyclical,Textile Manufacturing,
VARDMNPOLY.NS,VARDMNPOLY,Consumer Cyclical,Textile Manufacturing,
VARROC.NS,VARROC,Consumer Cyclical,Auto Parts,
VASCONEQ.NS,VASCONEQ,Industrials,Engineering & Construction,
VASWANI.NS,VASWANI,Basic Materials,Steel,
VBL.NS,VBL,Consumer Defensive,Beverages—Non-Alcoholic,
VCL.NS,VCL,Consumer Cyclical,Textile Manufacturing,
VEDL.NS,VEDL,Basic Materials,Other Industrial Metals & Mining,
VEEDOL.NS,VEEDOL,Basic Materials,Specialty Chemicals,
VENKEYS.NS,VENKEYS,Consumer Defensive,Farm Products,
VENTIVE.NS,VENTIVE,Consumer Cyclical,Lodging,
VENUSPIPES.NS,VENUSPIPES,Basic Materials,Steel,
VENUSREM.NS,VENUSREM,Healthcare,Drug Manufacturers—Specialty & Generic,
VERANDA.NS,VERANDA,Consumer Defensive,Education & Training Services,
VERTOZ.NS,VERTOZ,Technology,Software—Infrastructure,
VESUVIUS.NS,VESUVIUS,Industrials,Specialty Industrial Machinery,
VETO.NS,VETO,Industrials,Electrical Equipment & Parts,
VGL.NS,VGL,Consumer Cyclical,Textile Manufacturing,
VGUARD.NS,VGUARD,Industrials,Electrical Equipment & Parts,
VHL.NS,VHL,Financial Services,Asset Management,
VHLTD.NS,VHLTD,Consumer Cyclical,Lodging,
VIDHIING.NS,VIDHIING,Basic Materials,Specialty Chemicals,
VIDYAWIRES.NS,VIDYAWIRES,Industrials,Electrical Equipment & Parts,
VIJAYA.NS,VIJAYA,Healthcare,Diagnostics & Research,
VIJIFIN.NS,VIJIFIN,Financial Services,Credit Services,
VIKASECO.NS,VIKASECO,Basic Materials,Specialty Chemicals,
VIKASLIFE.NS,VIKASLIFE,Consumer Defensive,Farm Products,
VIKRAMSOLR.NS,VIKRAMSOLR,Technology,Solar,
VIKRAN.NS,VIKRAN,Industrials,Engineering & Construction,
VIMTALABS.NS,VIMTALABS,Healthcare,Diagnostics & Research,
VINATIORGA.NS,VINATIORGA,Basic Materials,Specialty Chemicals,
VINCOFE.NS,VINCOFE,Consumer Defensive,Beverages—Non-Alcoholic,
VINDHYATEL.NS,VINDHYATEL,Industrials,Engineering & Construction,
VINEETLAB.NS,VINEETLAB,Basic Materials,Chemicals,
VINNY.NS,VINNY,Consumer Cyclical,Textile Manufacturing,
VINYLINDIA.NS,VINYLINDIA,Basic Materials,Specialty Chemicals,
VIPCLOTHNG.NS,VIPCLOTHNG,Consumer Cyclical,Apparel Manufacturing,
VIPIND.NS,VIPIND,Consumer Cyclical,Footwear & Accessories,
VIPULLTD.NS,VIPULLTD,Real Estate,Real Estate—Diversified,
VIRINCHI.NS,VIRINCHI,Technology,Software—Application,
VISACHROME.NS,VISACHROME,Basic Materials,Steel,
VISAKAIND.NS,VISAKAIND,Industrials,Building Products & Equipment,
VISHNU.NS,VISHNU,Basic Materials,Specialty Chemicals,
VISHWARAJ.NS,VISHWARAJ,Consumer Defensive,Confectioners,
VITAL.NS,VITAL,Basic Materials,Specialty Chemicals,
VIVIANA.NS,VIVIANA,Industrials,Engineering & Construction,
VIVIDHA.NS,VIVIDHA,Consumer Cyclical,Textile Manufacturing,
VIVIMEDLAB.NS,VIVIMEDLAB,Healthcare,Drug Manufacturers—Specialty & Generic,
VIYASH.NS,VIYASH,Healthcare,Drug Manufacturers—Specialty & Generic,
VLEGOV.NS,VLEGOV,Technology,Information Technology Services,
VLSFINANCE.NS,VLSFINANCE,Financial Services,Capital Markets,
VMART.NS,VMART,Consumer Cyclical,Department Stores,
VMM.NS,VMM,Consumer Cyclical,Department Stores,
VMSTMT.NS,VMSTMT,Basic Materials,Steel,
VOLTAMP.NS,VOLTAMP,Industrials,Electrical Equipment & Parts,
VOLTAS.NS,VOLTAS,Consumer Cyclical,"Furnishings, Fixtures & Appliances",
VPRPL.NS,VPRPL,Industrials,Engineering & Construction,
VRAJ.NS,VRAJ,Basic Materials,Steel,
VRLLOG.NS,VRLLOG,Industrials,Trucking,
VSSL.NS,VSSL,Basic Materials,Steel,
VSTIND.NS,VSTIND,Consumer Defensive,Tobacco,
VSTL.NS,VSTL,Basic Materials,Steel,
VSTTILLERS.NS,VSTTILLERS,Industrials,Farm & Heavy Construction Machinery,
VTL.NS,VTL,Consumer Cyclical,Textile Manufacturing,
WAAREEENER.NS,WAAREEENER,Technology,Solar,
WAAREEINDO.NS,WAAREEINDO,Technology,Solar,
WAAREERTL.NS,WAAREERTL,Industrials,Engineering & Construction,
WABAG.NS,WABAG,Industrials,Engineering & Construction,
WAKEFIT.NS,WAKEFIT,Consumer Cyclical,"Furnishings, Fixtures & Appliances",
WALCHANNAG.NS,WALCHANNAG,Industrials,Engineering & Construction,
WANBURY.NS,WANBURY,Healthcare,Drug Manufacturers—Specialty & Generic,
WCIL.NS,WCIL,Industrials,Integrated Freight & Logistics,
WEALTH.NS,WEALTH,Financial Services,Capital Markets,
WEBELSOLAR.NS,WEBELSOLAR,Technology,Solar,
WEIZMANIND.NS,WEIZMANIND,Consumer Cyclical,Textile Manufacturing,
WEL.NS,WEL,Consumer Cyclical,"Furnishings, Fixtures & Appliances",
WELCORP.NS,WELCORP,Basic Materials,Steel,
WELENT.NS,WELENT,Industrials,Engineering & Construction,
WELINV.NS,WELINV,Financial Services,Capital Markets,
WELSPUNLIV.NS,WELSPUNLIV,Consumer Cyclical,Textile Manufacturing,
WENDT.NS,WENDT,Industrials,Tools & Accessories,
WESTLIFE.NS,WESTLIFE,Consumer Cyclical,Restaurants,
WEWIN.NS,WEWIN,Technology,Information Technology Services,
WEWORK.NS,WEWORK,Real Estate,Real Estate Services,
WHEELS.NS,WHEELS,Consumer Cyclical,Auto Parts,
WHIRLPOOL.NS,WHIRLPOOL,Consumer Cyclical,"Furnishings, Fixtures & Appliances",
WILLAMAGOR.NS,WILLAMAGOR,Financial Services,Credit Services,
WINDLAS.NS,WINDLAS,Healthcare,Drug Manufacturers—Specialty & Generic,
WINDMACHIN.NS,WINDMACHIN,Industrials,Specialty Industrial Machinery,
WINSOME.NS,WINSOME,Consumer Cyclical,Textile Manufacturing,
WIPL.NS,WIPL,Basic Materials,Lumber & Wood Production,
WIPRO.NS,WIPRO,Technology,,
WOCKPHARMA.NS,WOCKPHARMA,Healthcare,Drug Manufacturers—Specialty & Generic,
WONDERLA.NS,WONDERLA,Consumer Cyclical,Leisure,
WORTHPERI.NS,WORTHPERI,Consumer Cyclical,Packaging & Containers,
WSI.NS,WSI,Industrials,Engineering & Construction,
WSTCSTPAPR.NS,WSTCSTPAPR,Basic Materials,Paper & Paper Products,
XCHANGING.NS,XCHANGING,Technology,Information Technology Services,
XELPMOC.NS,XELPMOC,Technology,Information Technology Services,
XPROINDIA.NS,XPROINDIA,Basic Materials,Specialty Chemicals,
XTGLOBAL.NS,XTGLOBAL,Technology,Software—Application,
YASHO.NS,YASHO,Basic Materials,Specialty Chemicals,
YATHARTH.NS,YATHARTH,Healthcare,Medical Care Facilities,
YATRA.NS,YATRA,Consumer Cyclical,Travel Services,
YESBANK.NS,YESBANK,Financial Services,Banks—Regional,
YUKEN.NS,YUKEN,Industrials,Specialty Industrial Machinery,
ZAGGLE.NS,ZAGGLE,Technology,Software—Infrastructure,
ZEEL.NS,ZEEL,Communication Services,Broadcasting,
ZEELEARN.NS,ZEELEARN,Consumer Defensive,Education & Training Services,
ZEEMEDIA.NS,ZEEMEDIA,Communication Services,Broadcasting,
ZENITHEXPO.NS,ZENITHEXPO,Consumer Cyclical,Textile Manufacturing,
ZENITHSTL.NS,ZENITHSTL,Basic Materials,Steel,
ZENSARTECH.NS,ZENSARTECH,Technology,Information Technology Services,
ZENTEC.NS,ZENTEC,Industrials,Aerospace & Defense,
ZFCVINDIA.NS,ZFCVINDIA,Consumer Cyclical,Auto Parts,
ZFSTEERING.NS,ZFSTEERING,Consumer Cyclical,Auto Parts,
ZIMLAB.NS,ZIMLAB,Healthcare,Drug Manufacturers—Specialty & Generic,
ZODIACLOTH.NS,ZODIACLOTH,Consumer Cyclical,Apparel Manufacturing,
ZOTA.NS,ZOTA,Healthcare,Biotechnology,
ZUARI.NS,ZUARI,Basic Materials,Agricultural Inputs,
ZUARIIND.NS,ZUARIIND,Industrials,Conglomerates,
ZYDUSLIFE.NS,ZYDUSLIFE,Healthcare,Drug Manufacturers—Specialty & Generic,
ZYDUSWELL.NS,ZYDUSWELL,Consumer Defensive,Packaged Foods,
