provider_symbol,symbol,sector,industry,source
A,A,Healthcare,,
AA,AA,Basic Materials,Aluminum,
AACG,AACG,Consumer Defensive,Education & Training Services,
AAL,AAL,Industrials,Airlines,
AAME,AAME,Financial Services,Insurance—Life,
AAMI,AAMI,Financial Services,Asset Management,
AAOI,AAOI,Technology,Communication Equipment,
AAON,AAON,Industrials,Building Products & Equipment,
AAP,AAP,Consumer Cyclical,Auto Parts,
AAPG,AAPG,Healthcare,Biotechnology,
AAPL,AAPL,Technology,,
AAT,AAT,Real Estate,REIT—Diversified,
AAUC,AAUC,Basic Materials,Gold,
AB,AB,Financial Services,Asset Management,
ABAT,ABAT,Industrials,Waste Management,
ABBV,ABBV,Healthcare,,
ABCB,ABCB,Financial Services,Banks—Regional,
ABCL,ABCL,Healthcare,Biotechnology,
ABEO,ABEO,Healthcare,Biotechnology,
ABEV,ABEV,Consumer Defensive,Beverages—Brewers,
ABG,ABG,Consumer Cyclical,Auto & Truck Dealerships,
ABLV,ABLV,Consumer Cyclical,Specialty Retail,
ABM,ABM,Industrials,Specialty Business Services,
ABNB,ABNB,Consumer Cyclical,,
ABOS,ABOS,Healthcare,Biotechnology,
ABR,ABR,Real Estate,REIT—Mortgage,
ABSI,ABSI,Healthcare,Biotechnology,
ABT,ABT,Healthcare,,
ABTC,ABTC,Financial Services,Capital Markets,
ABTS,ABTS,Financial Services,Capital Markets,
ABUS,ABUS,Healthcare,Biotechnology,
ABVC,ABVC,Healthcare,Biotechnology,
ABVX,ABVX,Healthcare,Biotechnology,
ABX,ABX,Financial Services,Insurance—Life,
ACA,ACA,Industrials,Engineering & Construction,
ACAD,ACAD,Healthcare,Biotechnology,
ACB,ACB,Healthcare,Drug Manufacturers—Specialty & Generic,
ACCL,ACCL,Industrials,Consulting Services,
ACCO,ACCO,Industrials,Business Equipment & Supplies,
ACCS,ACCS,Communication Services,Advertising Agencies,
ACDC,ACDC,Energy,Oil & Gas Equipment & Services,
ACEL,ACEL,Consumer Cyclical,Gambling,
ACET,ACET,Healthcare,Biotechnology,
ACFN,ACFN,Technology,Scientific & Technical Instruments,
ACGL,ACGL,Financial Services,,
ACH,ACH,Healthcare,Medical Distribution,
ACHC,ACHC,Healthcare,Medical Care Facilities,
ACHR,ACHR,Industrials,Aerospace & Defense,
ACI,ACI,Consumer Defensive,Grocery Stores,
ACIC,ACIC,Financial Services,Insurance—Property & Casualty,
ACIU,ACIU,Healthcare,Biotechnology,
ACIW,ACIW,Technology,Software—Infrastructure,
ACLS,ACLS,Technology,Semiconductor Equipment & Materials,
ACM,ACM,Industrials,Engineering & Construction,
ACMR,ACMR,Technology,Semiconductor Equipment & Materials,
ACN,ACN,Technology,,
ACNB,ACNB,Financial Services,Banks—Regional,
ACNT,ACNT,Basic Materials,Chemicals,
ACOG,ACOG,Healthcare,Biotechnology,
ACON,ACON,Healthcare,Health Information Services,
ACR,ACR,Real Estate,REIT—Mortgage,
ACRE,ACRE,Real Estate,REIT—Mortgage,
ACRS,ACRS,Healthcare,Biotechnology,
ACT,ACT,Financial Services,Insurance—Specialty,
ACTG,ACTG,Industrials,Business Equipment & Supplies,
ACU,ACU,Consumer Defensive,Household & Personal Products,
ACVA,ACVA,Consumer Cyclical,Auto & Truck Dealerships,
AD,AD,Communication Services,Telecom Services,
ADAG,ADAG,Healthcare,Biotechnology,
ADAM,ADAM,Real Estate,REIT—Mortgage,
ADBE,ADBE,Technology,,
ADC,ADC,Real Estate,REIT—Retail,
ADCT,ADCT,Healthcare,Drug Manufacturers—Specialty & Generic,
ADEA,ADEA,Technology,Software—Application,
ADGM,ADGM,Healthcare,Medical Devices,
ADI,ADI,Technology,,
ADM,ADM,Consumer Defensive,,
ADMA,ADMA,Healthcare,Biotechnology,
ADNT,ADNT,Consumer Cyclical,Auto Parts,
ADP,ADP,Industrials,,
ADPT,ADPT,Healthcare,Diagnostics & Research,
ADSE,ADSE,Industrials,Electrical Equipment & Parts,
ADSK,ADSK,Technology,,
ADT,ADT,Industrials,Security & Protection Services,
ADTN,ADTN,Technology,Communication Equipment,
ADUR,ADUR,Industrials,Pollution & Treatment Controls,
ADUS,ADUS,Healthcare,Medical Care Facilities,
ADV,ADV,Communication Services,Advertising Agencies,
ADX,ADX,Financial Services,Asset Management,
ADXN,ADXN,Healthcare,Biotechnology,
AEBI,AEBI,Industrials,Farm & Heavy Construction Machinery,
AEE,AEE,Utilities,,
AEF,AEF,Financial Services,Asset Management,
AEG,AEG,Financial Services,Insurance—Diversified,
AEHL,AEHL,Industrials,Building Products & Equipment,
AEHR,AEHR,Technology,Semiconductor Equipment & Materials,
AEI,AEI,Real Estate,Real Estate—Development,
AEIS,AEIS,Industrials,Electrical Equipment & Parts,
AEM,AEM,Basic Materials,Gold,
AEMD,AEMD,Healthcare,Medical Devices,
AENT,AENT,Communication Services,Entertainment,
AEO,AEO,Consumer Cyclical,Apparel Retail,
AEP,AEP,Utilities,,
AER,AER,Industrials,Rental & Leasing Services,
AERO,AERO,Industrials,Airlines,
AERT,AERT,Industrials,Consulting Services,
AES,AES,Utilities,,
AESI,AESI,Energy,Oil & Gas Equipment & Services,
AEVA,AEVA,Technology,Software—Infrastructure,
AEYE,AEYE,Technology,Software—Application,
AFB,AFB,Financial Services,Asset Management,
AFBI,AFBI,Financial Services,Banks—Regional,
AFCG,AFCG,Financial Services,Asset Management,
AFG,AFG,Financial Services,Insurance—Property & Casualty,
AFL,AFL,Financial Services,,
AFRI,AFRI,Consumer Defensive,Farm Products,
AFRM,AFRM,Financial Services,Credit Services,
AFYA,AFYA,Consumer Defensive,Education & Training Services,
AG,AG,Basic Materials,Silver,
AGBK,AGBK,Financial Services,Banks—Regional,
AGCC,AGCC,Consumer Defensive,Beverages—Wineries & Distilleries,
AGCO,AGCO,Industrials,Farm & Heavy Construction Machinery,
AGD,AGD,Financial Services,Asset Management,
AGEN,AGEN,Healthcare,Biotechnology,
AGI,AGI,Basic Materials,Gold,
AGIG,AGIG,Utilities,Utilities—Renewable,
AGIO,AGIO,Healthcare,Biotechnology,
AGL,AGL,Healthcare,Medical Care Facilities,
AGM,AGM,Financial Services,Credit Services,
AGM-A,AGM-A,Financial Services,Credit Services,
AGMH,AGMH,Technology,Computer Hardware,
AGNC,AGNC,Real Estate,REIT—Mortgage,
AGNCM,AGNCM,Real Estate,REIT—Mortgage,
AGNT,AGNT,Real Estate,Real Estate Services,
AGO,AGO,Financial Services,Insurance—Specialty,
AGPU,AGPU,Technology,Software—Infrastructure,
AGRO,AGRO,Consumer Defensive,Farm Products,
AGRZ,AGRZ,Consumer Defensive,Farm Products,
AGX,AGX,Industrials,Engineering & Construction,
AGYS,AGYS,Technology,Software—Application,
AHCO,AHCO,Healthcare,Medical Devices,
AHG,AHG,Healthcare,Medical Distribution,
AHMA,AHMA,Consumer Cyclical,Travel Services,
AHR,AHR,Real Estate,REIT—Healthcare Facilities,
AHRT,AHRT,Real Estate,REIT—Diversified,
AHRT-PA,AHRT-PA,Real Estate,REIT—Diversified,
AHT,AHT,Real Estate,REIT—Hotel & Motel,
AHT-PD,AHT-PD,Real Estate,REIT—Hotel & Motel,
AHT-PF,AHT-PF,Real Estate,REIT—Hotel & Motel,
AHT-PH,AHT-PH,Real Estate,REIT—Hotel & Motel,
AHT-PI,AHT-PI,Real Estate,REIT—Hotel & Motel,
AI,AI,Technology,Software—Infrastructure,
AIB,AIB,Technology,Software—Infrastructure,
AIFA,AIFA,Technology,Software—Infrastructure,
AIFC,AIFC,Technology,Software—Infrastructure,
AIFF,AIFF,Technology,Software—Application,
AIFU,AIFU,Financial Services,Insurance Brokers,
AIG,AIG,Financial Services,,
AIHS,AIHS,Industrials,Rental & Leasing Services,
AII,AII,Financial Services,Insurance—Property & Casualty,
AIIO,AIIO,Consumer Cyclical,Auto Manufacturers,
AIM,AIM,Healthcare,Biotechnology,
AIMD,AIMD,Technology,Scientific & Technical Instruments,
AIN,AIN,Consumer Cyclical,Textile Manufacturing,
AIO,AIO,Financial Services,Asset Management,
AIOS,AIOS,Technology,Information Technology Services,
AIOT,AIOT,Technology,Software—Infrastructure,
AIP,AIP,Technology,Semiconductors,
AIR,AIR,Industrials,Aerospace & Defense,
AIRE,AIRE,Real Estate,Real Estate Services,
AIRG,AIRG,Technology,Communication Equipment,
AIRI,AIRI,Industrials,Aerospace & Defense,
AIRO,AIRO,Industrials,Aerospace & Defense,
AIRS,AIRS,Healthcare,Medical Care Facilities,
AIRT,AIRT,Industrials,Conglomerates,
AIRTP,AIRTP,Industrials,Conglomerates,
AISP,AISP,Technology,Software—Infrastructure,
AIT,AIT,Industrials,Industrial Distribution,
AIV,AIV,Real Estate,REIT—Residential,
AIXI,AIXI,Technology,Software—Application,
AIZ,AIZ,Financial Services,,
AJG,AJG,Financial Services,,
AKA,AKA,Consumer Cyclical,Apparel Retail,
AKAM,AKAM,Technology,,
AKAN,AKAN,Healthcare,Drug Manufacturers—Specialty & Generic,
AKBA,AKBA,Healthcare,Drug Manufacturers—Specialty & Generic,
AKO-A,AKO-A,Consumer Defensive,Beverages—Non-Alcoholic,
AKO-B,AKO-B,Consumer Defensive,Beverages—Non-Alcoholic,
AKR,AKR,Real Estate,REIT—Retail,
AKTS,AKTS,Healthcare,Biotechnology,
ALAB,ALAB,Technology,Semiconductors,
ALAR,ALAR,Technology,Software—Infrastructure,
ALB,ALB,Basic Materials,,
ALC,ALC,Healthcare,Medical Instruments & Supplies,
ALCO,ALCO,Consumer Defensive,Farm Products,
ALDFU,ALDFU,Financial Services,Shell Companies,
ALEC,ALEC,Healthcare,Biotechnology,
ALFUU,ALFUU,Financial Services,Shell Companies,
ALG,ALG,Industrials,Farm & Heavy Construction Machinery,
ALGM,ALGM,Technology,Semiconductors,
ALGN,ALGN,Healthcare,,
ALGS,ALGS,Healthcare,Biotechnology,
ALGT,ALGT,Industrials,Airlines,
ALH,ALH,Consumer Cyclical,"Furnishings, Fixtures & Appliances",
ALHC,ALHC,Healthcare,Healthcare Plans,
ALISU,ALISU,Financial Services,Shell Companies,
ALIT,ALIT,Technology,Software—Application,
ALK,ALK,Industrials,Airlines,
ALKS,ALKS,Healthcare,Drug Manufacturers—Specialty & Generic,
ALKT,ALKT,Technology,Software—Application,
ALL,ALL,Financial Services,,
ALL-PJ,ALL-PJ,Financial Services,Insurance—Property & Casualty,
ALLE,ALLE,Industrials,,
ALLO,ALLO,Healthcare,Biotechnology,
ALLR,ALLR,Healthcare,Biotechnology,
ALLT,ALLT,Technology,Software—Infrastructure,
ALLY,ALLY,Financial Services,Credit Services,
ALM,ALM,Basic Materials,Other Industrial Metals & Mining,
ALMR,ALMR,Healthcare,Medical Devices,
ALMS,ALMS,Healthcare,Biotechnology,
ALMU,ALMU,Technology,Semiconductors,
ALNT,ALNT,Technology,Electronic Components,
ALNY,ALNY,Healthcare,Biotechnology,
ALOT,ALOT,Technology,Computer Hardware,
ALOY,ALOY,Basic Materials,Other Industrial Metals & Mining,
ALP,ALP,Financial Services,Asset Management,
ALPS,ALPS,Healthcare,Biotechnology,
ALRM,ALRM,Technology,Software—Application,
ALRS,ALRS,Financial Services,Banks—Regional,
ALSN,ALSN,Consumer Cyclical,Auto Parts,
ALT,ALT,Healthcare,Biotechnology,
ALTG,ALTG,Industrials,Rental & Leasing Services,
ALTG-PA,ALTG-PA,Industrials,Rental & Leasing Services,
ALTI,ALTI,Financial Services,Asset Management,
ALTO,ALTO,Basic Materials,Specialty Chemicals,
ALV,ALV,Consumer Cyclical,Auto Parts,
ALVO,ALVO,Healthcare,Drug Manufacturers—Specialty & Generic,
ALX,ALX,Real Estate,REIT—Retail,
AM,AM,Energy,Oil & Gas Midstream,
AMAL,AMAL,Financial Services,Banks—Regional,
AMAT,AMAT,Technology,,
AMBA,AMBA,Technology,Semiconductor Equipment & Materials,
AMBO,AMBO,Consumer Defensive,Education & Training Services,
AMBP,AMBP,Consumer Cyclical,Packaging & Containers,
AMBQ,AMBQ,Technology,Semiconductors,
AMBR,AMBR,Technology,Software—Infrastructure,
AMC,AMC,Communication Services,Entertainment,
AMCI,AMCI,Technology,Computer Hardware,
AMCR,AMCR,Basic Materials,,
AMCX,AMCX,Communication Services,Entertainment,
AMD,AMD,Technology,,
AME,AME,Industrials,,
AMG,AMG,Financial Services,Asset Management,
AMGN,AMGN,Healthcare,,
AMH,AMH,Real Estate,REIT—Residential,
AMH-PG,AMH-PG,Real Estate,REIT—Residential,
AMH-PH,AMH-PH,Real Estate,REIT—Residential,
AMKR,AMKR,Technology,Semiconductor Equipment & Materials,
AMLX,AMLX,Healthcare,Drug Manufacturers—Specialty & Generic,
AMN,AMN,Healthcare,Medical Care Facilities,
AMOD,AMOD,Technology,Software—Application,
AMP,AMP,Financial Services,,
AMPG,AMPG,Technology,Communication Equipment,
AMPH,AMPH,Healthcare,Drug Manufacturers—Specialty & Generic,
AMPL,AMPL,Technology,Software—Application,
AMPX,AMPX,Industrials,Electrical Equipment & Parts,
AMPY,AMPY,Energy,Oil & Gas E&P,
AMR,AMR,Basic Materials,Coking Coal,
AMRC,AMRC,Industrials,Engineering & Construction,
AMRN,AMRN,Healthcare,Drug Manufacturers—General,
AMRX,AMRX,Healthcare,Drug Manufacturers—Specialty & Generic,
AMRZ,AMRZ,Basic Materials,Building Materials,
AMS,AMS,Healthcare,Medical Care Facilities,
AMSC,AMSC,Industrials,Specialty Industrial Machinery,
AMSF,AMSF,Financial Services,Insurance—Specialty,
AMST,AMST,Technology,Software—Application,
AMT,AMT,Real Estate,,
AMTB,AMTB,Financial Services,Banks—Regional,
AMTD,AMTD,Financial Services,Asset Management,
AMTM,AMTM,Industrials,Specialty Business Services,
AMTX,AMTX,Basic Materials,Specialty Chemicals,
AMWL,AMWL,Healthcare,Health Information Services,
AMX,AMX,Communication Services,Telecom Services,
AMZE,AMZE,Technology,Software—Application,
AMZN,AMZN,Consumer Cyclical,,
AN,AN,Consumer Cyclical,Auto & Truck Dealerships,
ANAB,ANAB,Healthcare,Biotechnology,
ANDE,ANDE,Consumer Defensive,Food Distribution,
ANDG,ANDG,Consumer Cyclical,Personal Services,
ANET,ANET,Technology,,
ANF,ANF,Consumer Cyclical,Apparel Retail,
ANG-PD,ANG-PD,Financial Services,Insurance—Life,
ANGH,ANGH,Communication Services,Entertainment,
ANGI,ANGI,Communication Services,Internet Content & Information,
ANGO,ANGO,Healthcare,Medical Instruments & Supplies,
ANGX,ANGX,Communication Services,Entertainment,
ANIK,ANIK,Healthcare,Drug Manufacturers—Specialty & Generic,
ANIP,ANIP,Healthcare,Drug Manufacturers—Specialty & Generic,
ANIX,ANIX,Healthcare,Biotechnology,
ANL,ANL,Healthcare,Biotechnology,
ANNA,ANNA,Energy,Oil & Gas E&P,
ANPA,ANPA,Industrials,Specialty Business Services,
ANSCU,ANSCU,Financial Services,Shell Companies,
ANTA,ANTA,Financial Services,Credit Services,
ANY,ANY,Financial Services,Capital Markets,
AOD,AOD,Financial Services,Asset Management,
AOMR,AOMR,Real Estate,REIT—Mortgage,
AON,AON,Financial Services,,
AORT,AORT,Healthcare,Medical Devices,
AOS,AOS,Industrials,,
AOSL,AOSL,Technology,Semiconductors,
AOUT,AOUT,Consumer Cyclical,Leisure,
AP,AP,Industrials,Metal Fabrication,
APA,APA,Energy,,
APAM,APAM,Financial Services,Asset Management,
APC,APC,Energy,Oil & Gas Refining & Marketing,
APD,APD,Basic Materials,,
APEI,APEI,Consumer Defensive,Education & Training Services,
APG,APG,Industrials,Engineering & Construction,
APH,APH,Technology,,
API,API,Technology,Software—Application,
APLD,APLD,Technology,Information Technology Services,
APLE,APLE,Real Estate,REIT—Hotel & Motel,
APLM,APLM,Healthcare,Biotechnology,
APO,APO,Financial Services,,
APOG,APOG,Industrials,Building Products & Equipment,
APP,APP,Technology,,
APPF,APPF,Technology,Software—Application,
APPN,APPN,Technology,Software—Infrastructure,
APPS,APPS,Technology,Software—Application,
APRE,APRE,Healthcare,Biotechnology,
APT,APT,Industrials,Building Products & Equipment,
APTV,APTV,Consumer Cyclical,,
APVO,APVO,Healthcare,Biotechnology,
APWC,APWC,Industrials,Electrical Equipment & Parts,
APYX,APYX,Healthcare,Medical Devices,
AQMS,AQMS,Industrials,Waste Management,
AQN,AQN,Utilities,Utilities—Diversified,
AQST,AQST,Healthcare,Drug Manufacturers—Specialty & Generic,
AR,AR,Energy,Oil & Gas E&P,
ARAI,ARAI,Technology,Scientific & Technical Instruments,
ARAY,ARAY,Healthcare,Medical Devices,
ARBB,ARBB,Technology,Information Technology Services,
ARBE,ARBE,Technology,Scientific & Technical Instruments,
ARBK,ARBK,Financial Services,Capital Markets,
ARCB,ARCB,Industrials,Trucking,
ARCC,ARCC,Financial Services,Asset Management,
ARCO,ARCO,Consumer Cyclical,Restaurants,
ARCT,ARCT,Healthcare,Biotechnology,
ARDT,ARDT,Healthcare,Medical Care Facilities,
ARDX,ARDX,Healthcare,Biotechnology,
ARE,ARE,Real Estate,,
AREC,AREC,Industrials,Waste Management,
AREN,AREN,Communication Services,Internet Content & Information,
ARES,ARES,Financial Services,,
ARGX,ARGX,Healthcare,Biotechnology,
ARHS,ARHS,Consumer Cyclical,Specialty Retail,
ARI,ARI,Real Estate,REIT—Mortgage,
ARIS,ARIS,Basic Materials,Gold,
ARKO,ARKO,Consumer Cyclical,Specialty Retail,
ARKR,ARKR,Consumer Cyclical,Restaurants,
ARL,ARL,Real Estate,Real Estate Services,
ARLO,ARLO,Industrials,Building Products & Equipment,
ARLP,ARLP,Energy,Thermal Coal,
ARM,ARM,Technology,Semiconductors,
ARMK,ARMK,Industrials,Specialty Business Services,
ARMP,ARMP,Healthcare,Biotechnology,
AROC,AROC,Energy,Oil & Gas Equipment & Services,
AROW,AROW,Financial Services,Banks—Regional,
ARQ,ARQ,Industrials,Pollution & Treatment Controls,
ARQQ,ARQQ,Technology,Software—Infrastructure,
ARQT,ARQT,Healthcare,Biotechnology,
ARR,ARR,Real Estate,REIT—Mortgage,
ARR-PC,ARR-PC,Real Estate,REIT—Mortgage,
ARRY,ARRY,Technology,Solar,
ARTNA,ARTNA,Utilities,Utilities—Regulated Water,
ARTW,ARTW,Industrials,Farm & Heavy Construction Machinery,
ARVN,ARVN,Healthcare,Biotechnology,
ARW,ARW,Technology,Electronics & Computer Distribution,
ARWR,ARWR,Healthcare,Biotechnology,
ARX,ARX,Financial Services,Insurance Brokers,
ARXS,ARXS,Industrials,Aerospace & Defense,
AS,AS,Consumer Cyclical,Leisure,
ASA,ASA,Financial Services,Asset Management,
ASAN,ASAN,Technology,Software—Application,
ASB,ASB,Financial Services,Banks—Regional,
ASB-PE,ASB-PE,Financial Services,Banks—Regional,
ASB-PF,ASB-PF,Financial Services,Banks—Regional,
ASBP,ASBP,Healthcare,Biotechnology,
ASC,ASC,Industrials,Marine Shipping,
ASG,ASG,Financial Services,Asset Management,
ASH,ASH,Basic Materials,Specialty Chemicals,
ASIC,ASIC,Financial Services,Insurance—Property & Casualty,
ASIX,ASIX,Basic Materials,Chemicals,
ASLE,ASLE,Industrials,Airports & Air Services,
ASM,ASM,Basic Materials,Other Precious Metals & Mining,
ASMB,ASMB,Healthcare,Biotechnology,
ASML,ASML,Technology,Semiconductor Equipment & Materials,
ASND,ASND,Healthcare,Biotechnology,
ASO,ASO,Consumer Cyclical,Specialty Retail,
ASPN,ASPN,Industrials,Building Products & Equipment,
ASPS,ASPS,Real Estate,Real Estate Services,
ASR,ASR,Industrials,Airports & Air Services,
ASRV,ASRV,Financial Services,Banks—Regional,
ASST,ASST,Financial Services,Asset Management,
ASTC,ASTC,Technology,Scientific & Technical Instruments,
ASTE,ASTE,Industrials,Farm & Heavy Construction Machinery,
ASTH,ASTH,Healthcare,Medical Care Facilities,
ASTI,ASTI,Technology,Solar,
ASTL,ASTL,Basic Materials,Steel,
ASTS,ASTS,Technology,Communication Equipment,
ASUR,ASUR,Technology,Software—Application,
ASX,ASX,Technology,Semiconductors,
ASYS,ASYS,Technology,Semiconductor Equipment & Materials,
ATAI,ATAI,Healthcare,Biotechnology,
ATAT,ATAT,Consumer Cyclical,Lodging,
ATCH,ATCH,Financial Services,Capital Markets,
ATCX,ATCX,Basic Materials,Other Industrial Metals & Mining,
ATEC,ATEC,Healthcare,Medical Devices,
ATEN,ATEN,Technology,Software—Infrastructure,
ATER,ATER,Consumer Cyclical,"Furnishings, Fixtures & Appliances",
ATEX,ATEX,Communication Services,Telecom Services,
ATGL,ATGL,Technology,Software—Infrastructure,
ATH-PB,ATH-PB,Financial Services,Insurance—Life,
ATH-PD,ATH-PD,Financial Services,Insurance—Life,
ATH-PE,ATH-PE,Financial Services,Insurance—Life,
ATHE,ATHE,Healthcare,Biotechnology,
ATHM,ATHM,Communication Services,Internet Content & Information,
ATHR,ATHR,Technology,Software—Application,
ATI,ATI,Industrials,Metal Fabrication,
ATIIU,ATIIU,Financial Services,Shell Companies,
ATKR,ATKR,Industrials,Electrical Equipment & Parts,
ATLC,ATLC,Financial Services,Credit Services,
ATLCP,ATLCP,Financial Services,Credit Services,
ATLO,ATLO,Financial Services,Banks—Regional,
ATLX,ATLX,Basic Materials,Other Industrial Metals & Mining,
ATMU,ATMU,Consumer Cyclical,Auto Parts,
ATNI,ATNI,Communication Services,Telecom Services,
ATNM,ATNM,Healthcare,Biotechnology,
ATO,ATO,Utilities,,
ATOM,ATOM,Technology,Semiconductor Equipment & Materials,
ATPC,ATPC,Consumer Defensive,Packaged Foods,
ATR,ATR,Healthcare,Medical Instruments & Supplies,
ATRA,ATRA,Healthcare,Biotechnology,
ATRC,ATRC,Healthcare,Medical Instruments & Supplies,
ATRO,ATRO,Industrials,Aerospace & Defense,
ATS,ATS,Industrials,Specialty Industrial Machinery,
ATXG,ATXG,Industrials,Integrated Freight & Logistics,
ATYR,ATYR,Healthcare,Biotechnology,
AU,AU,Basic Materials,Gold,
AUB,AUB,Financial Services,Banks—Regional,
AUB-PA,AUB-PA,Financial Services,Banks—Regional,
AUBN,AUBN,Financial Services,Banks—Regional,
AUC,AUC,Financial Services,Capital Markets,
AUDC,AUDC,Technology,Communication Equipment,
AUGO,AUGO,Basic Materials,Gold,
AUID,AUID,Technology,Software—Infrastructure,
AUNA,AUNA,Healthcare,Medical Care Facilities,
AUPH,AUPH,Healthcare,Biotechnology,
AUR,AUR,Consumer Cyclical,Auto Parts,
AURE,AURE,Financial Services,Capital Markets,
AUTL,AUTL,Healthcare,Biotechnology,
AUUD,AUUD,Technology,Software—Application,
AVA,AVA,Utilities,Utilities—Diversified,
AVAH,AVAH,Healthcare,Medical Care Facilities,
AVAL,AVAL,Financial Services,Banks—Regional,
AVAT,AVAT,Financial Services,Asset Management,
AVAV,AVAV,Industrials,Aerospace & Defense,
AVB,AVB,Real Estate,,
AVBC,AVBC,Financial Services,Banks—Regional,
AVBH,AVBH,Financial Services,Banks—Regional,
AVD,AVD,Basic Materials,Agricultural Inputs,
AVEX,AVEX,Industrials,Aerospace & Defense,
AVGO,AVGO,Technology,,
AVIR,AVIR,Healthcare,Biotechnology,
AVK,AVK,Financial Services,Asset Management,
AVNS,AVNS,Healthcare,Medical Devices,
AVNT,AVNT,Basic Materials,Specialty Chemicals,
AVNW,AVNW,Technology,Communication Equipment,
AVO,AVO,Consumer Defensive,Food Distribution,
AVPT,AVPT,Technology,Software—Infrastructure,
AVR,AVR,Healthcare,Medical Instruments & Supplies,
AVT,AVT,Technology,Electronics & Computer Distribution,
AVTR,AVTR,Healthcare,Medical Instruments & Supplies,
AVTX,AVTX,Healthcare,Biotechnology,
AVX,AVX,Technology,Software—Infrastructure,
AVY,AVY,Basic Materials,,
AWF,AWF,Financial Services,Asset Management,
AWI,AWI,Industrials,Building Products & Equipment,
AWK,AWK,Utilities,,
AWP,AWP,Financial Services,Asset Management,
AWR,AWR,Utilities,Utilities—Regulated Water,
AWRE,AWRE,Technology,Software—Application,
AWX,AWX,Industrials,Waste Management,
AX,AX,Financial Services,Banks—Regional,
AXG,AXG,Financial Services,Capital Markets,
AXGN,AXGN,Healthcare,Medical Devices,
AXIA,AXIA,Utilities,Utilities—Renewable,
AXIL,AXIL,Technology,Consumer Electronics,
AXON,AXON,Industrials,,
AXP,AXP,Financial Services,,
AXR,AXR,Real Estate,Real Estate—Development,
AXS,AXS,Financial Services,Insurance—Specialty,
AXSM,AXSM,Healthcare,Biotechnology,
AXTA,AXTA,Basic Materials,Specialty Chemicals,
AXTI,AXTI,Technology,Semiconductor Equipment & Materials,
AYA,AYA,Basic Materials,Silver,
AYI,AYI,Industrials,Electrical Equipment & Parts,
AYTU,AYTU,Healthcare,Drug Manufacturers—Specialty & Generic,
AZ,AZ,Technology,Software—Application,
AZI,AZI,Consumer Cyclical,Auto & Truck Dealerships,
AZIO,AZIO,Technology,Software—Infrastructure,
AZN,AZN,Healthcare,Drug Manufacturers—General,
AZO,AZO,Consumer Cyclical,,
AZTA,AZTA,Healthcare,Medical Instruments & Supplies,
AZTR,AZTR,Healthcare,Biotechnology,
AZZ,AZZ,Industrials,Specialty Business Services,
B,B,Basic Materials,Gold,
BA,BA,Industrials,,
BABA,BABA,Consumer Cyclical,Internet Retail,
BAC,BAC,Financial Services,,
BAC-PK,BAC-PK,Financial Services,Banks—Diversified,
BAC-PL,BAC-PL,Financial Services,Banks—Diversified,
BAC-PM,BAC-PM,Financial Services,Banks—Diversified,
BAC-PN,BAC-PN,Financial Services,Banks—Diversified,
BAC-PO,BAC-PO,Financial Services,Banks—Diversified,
BAC-PP,BAC-PP,Financial Services,Banks—Diversified,
BAC-PQ,BAC-PQ,Financial Services,Banks—Diversified,
BAER,BAER,Industrials,Security & Protection Services,
BAFN,BAFN,Financial Services,Banks—Regional,
BAH,BAH,Industrials,Consulting Services,
BAK,BAK,Basic Materials,Chemicals,
BALL,BALL,Basic Materials,,
BALY,BALY,Consumer Cyclical,Resorts & Casinos,
BAM,BAM,Financial Services,Asset Management,
BANC,BANC,Financial Services,Banks—Regional,
BAND,BAND,Technology,Software—Infrastructure,
BANF,BANF,Financial Services,Banks—Regional,
BANL,BANL,Energy,Oil & Gas Midstream,
BANR,BANR,Financial Services,Banks—Regional,
BANX,BANX,Financial Services,Asset Management,
BAOS,BAOS,Communication Services,Advertising Agencies,
BAP,BAP,Financial Services,Banks—Regional,
BARK,BARK,Consumer Cyclical,Specialty Retail,
BATL,BATL,Energy,Oil & Gas E&P,
BATRA,BATRA,Communication Services,Entertainment,
BATRK,BATRK,Communication Services,Entertainment,
BAX,BAX,Healthcare,,
BB,BB,Technology,Software—Infrastructure,
BBAI,BBAI,Technology,Information Technology Services,
BBAR,BBAR,Financial Services,Banks—Regional,
BBBY,BBBY,Consumer Cyclical,Internet Retail,
BBCP,BBCP,Industrials,Engineering & Construction,
BBD,BBD,Financial Services,Banks—Regional,
BBDC,BBDC,Financial Services,Asset Management,
BBDO,BBDO,Financial Services,Banks—Regional,
BBGI,BBGI,Communication Services,Broadcasting,
BBIO,BBIO,Healthcare,Biotechnology,
BBSI,BBSI,Industrials,Staffing & Employment Services,
BBT,BBT,Financial Services,Banks—Regional,
BBUC,BBUC,Industrials,Conglomerates,
BBVA,BBVA,Financial Services,Banks—Diversified,
BBW,BBW,Consumer Cyclical,Specialty Retail,
BBWI,BBWI,Consumer Cyclical,Specialty Retail,
BBY,BBY,Consumer Cyclical,,
BC,BC,Consumer Cyclical,Recreational Vehicles,
BCAB,BCAB,Healthcare,Biotechnology,
BCAL,BCAL,Financial Services,Banks—Regional,
BCBP,BCBP,Financial Services,Banks—Regional,
BCC,BCC,Basic Materials,Lumber & Wood Production,
BCDA,BCDA,Healthcare,Biotechnology,
BCE,BCE,Communication Services,Telecom Services,
BCG,BCG,Financial Services,Asset Management,
BCH,BCH,Financial Services,Banks—Regional,
BCHT,BCHT,Industrials,Pollution & Treatment Controls,
BCIC,BCIC,Financial Services,Asset Management,
BCML,BCML,Financial Services,Banks—Regional,
BCO,BCO,Industrials,Security & Protection Services,
BCPC,BCPC,Basic Materials,Specialty Chemicals,
BCRX,BCRX,Healthcare,Drug Manufacturers—Specialty & Generic,
BCS,BCS,Financial Services,Banks—Diversified,
BCSF,BCSF,Financial Services,Asset Management,
BCV,BCV,Financial Services,Asset Management,
BCYC,BCYC,Healthcare,Biotechnology,
BDC,BDC,Technology,Communication Equipment,
BDJ,BDJ,Financial Services,Asset Management,
BDL,BDL,Consumer Cyclical,Restaurants,
BDMD,BDMD,Healthcare,Medical Devices,
BDN,BDN,Real Estate,REIT—Office,
BDRX,BDRX,Healthcare,Biotechnology,
BDSX,BDSX,Healthcare,Diagnostics & Research,
BDTX,BDTX,Healthcare,Biotechnology,
BDX,BDX,Healthcare,,
BE,BE,Industrials,Electrical Equipment & Parts,
BEAM,BEAM,Healthcare,Biotechnology,
BEEM,BEEM,Technology,Solar,
BEEP,BEEP,Industrials,Infrastructure Operations,
BEKE,BEKE,Real Estate,Real Estate Services,
BELFA,BELFA,Technology,Electronic Components,
BELFB,BELFB,Technology,Electronic Components,
BEN,BEN,Financial Services,,
BENF,BENF,Financial Services,Asset Management,
BEP,BEP,Utilities,Utilities—Renewable,
BEP-PA,BEP-PA,Utilities,Utilities—Renewable,
BEPC,BEPC,Utilities,Utilities—Renewable,
BESS,BESS,Utilities,Utilities—Renewable,
BETA,BETA,Industrials,Aerospace & Defense,
BETR,BETR,Financial Services,Mortgage Finance,
BF-A,BF-A,Consumer Defensive,Beverages—Wineries & Distilleries,
BF-B,BF-B,Consumer Defensive,,
BFAM,BFAM,Consumer Cyclical,Personal Services,
BFC,BFC,Financial Services,Banks—Regional,
BFH,BFH,Financial Services,Credit Services,
BFLY,BFLY,Healthcare,Medical Devices,
BFRG,BFRG,Healthcare,Health Information Services,
BFRI,BFRI,Healthcare,Drug Manufacturers—Specialty & Generic,
BFS,BFS,Real Estate,REIT—Retail,
BFST,BFST,Financial Services,Banks—Regional,
BG,BG,Consumer Defensive,,
BGC,BGC,Financial Services,Capital Markets,
BGDE,BGDE,Financial Services,Capital Markets,
BGI,BGI,Consumer Cyclical,Luxury Goods,
BGIN,BGIN,Technology,Computer Hardware,
BGLC,BGLC,Basic Materials,Specialty Chemicals,
BGM,BGM,Healthcare,Drug Manufacturers—Specialty & Generic,
BGMS,BGMS,Industrials,Building Products & Equipment,
BGR,BGR,Financial Services,Asset Management,
BGS,BGS,Consumer Defensive,Packaged Foods,
BGSF,BGSF,Industrials,Staffing & Employment Services,
BGSI,BGSI,Consumer Cyclical,Auto & Truck Dealerships,
BGT,BGT,Financial Services,Asset Management,
BGX,BGX,Financial Services,Asset Management,
BGY,BGY,Financial Services,Asset Management,
BH,BH,Consumer Cyclical,Restaurants,
BH-A,BH-A,Consumer Cyclical,Restaurants,
BHB,BHB,Financial Services,Banks—Regional,
BHC,BHC,Healthcare,Drug Manufacturers—Specialty & Generic,
BHE,BHE,Technology,Electronic Components,
BHF,BHF,Financial Services,Insurance—Life,
BHFAN,BHFAN,Financial Services,Insurance—Life,
BHFAO,BHFAO,Financial Services,Insurance—Life,
BHFAP,BHFAP,Financial Services,Insurance—Life,
BHK,BHK,Financial Services,Asset Management,
BHM,BHM,Real Estate,REIT—Residential,
BHP,BHP,Basic Materials,Other Industrial Metals & Mining,
BHR,BHR,Real Estate,REIT—Hotel & Motel,
BHR-PD,BHR-PD,Real Estate,REIT—Hotel & Motel,
BHRB,BHRB,Financial Services,Banks—Regional,
BHST,BHST,Consumer Defensive,Packaged Foods,
BHV,BHV,Financial Services,Asset Management,
BIAF,BIAF,Healthcare,Diagnostics & Research,
BIDU,BIDU,Communication Services,Internet Content & Information,
BIIB,BIIB,Healthcare,,
BILI,BILI,Communication Services,Internet Content & Information,
BILL,BILL,Technology,Software—Application,
BIO,BIO,Healthcare,Medical Devices,
BIO-B,BIO-B,Healthcare,Medical Devices,
BIOA,BIOA,Healthcare,Drug Manufacturers—Specialty & Generic,
BIOX,BIOX,Basic Materials,Agricultural Inputs,
BIP,BIP,Utilities,Utilities—Diversified,
BIP-PA,BIP-PA,Utilities,Utilities—Diversified,
BIP-PB,BIP-PB,Utilities,Utilities—Diversified,
BIPC,BIPC,Utilities,Utilities—Regulated Gas,
BIRD,BIRD,Technology,Software—Infrastructure,
BIRK,BIRK,Consumer Cyclical,Footwear & Accessories,
BIYA,BIYA,Technology,Software—Application,
BJ,BJ,Consumer Defensive,Discount Stores,
BJDX,BJDX,Healthcare,Medical Devices,
BJRI,BJRI,Consumer Cyclical,Restaurants,
BKD,BKD,Healthcare,Medical Care Facilities,
BKE,BKE,Consumer Cyclical,Apparel Retail,
BKH,BKH,Utilities,Utilities—Regulated Gas,
BKHAU,BKHAU,Financial Services,Shell Companies,
BKKT,BKKT,Technology,Software—Infrastructure,
BKNG,BKNG,Consumer Cyclical,,
BKR,BKR,Energy,,
BKSY,BKSY,Industrials,Specialty Business Services,
BKTI,BKTI,Technology,Communication Equipment,
BKU,BKU,Financial Services,Banks—Regional,
BKV,BKV,Energy,Oil & Gas E&P,
BKYI,BKYI,Industrials,Security & Protection Services,
BL,BL,Technology,Software—Application,
BLBD,BLBD,Industrials,Farm & Heavy Construction Machinery,
BLCO,BLCO,Healthcare,Medical Instruments & Supplies,
BLDP,BLDP,Industrials,Electrical Equipment & Parts,
BLDR,BLDR,Industrials,,
BLFS,BLFS,Healthcare,Medical Instruments & Supplies,
BLIN,BLIN,Technology,Software—Infrastructure,
BLIV,BLIV,Technology,Software—Application,
BLK,BLK,Financial Services,,
BLKB,BLKB,Technology,Software—Application,
BLLN,BLLN,Healthcare,Diagnostics & Research,
BLMN,BLMN,Consumer Cyclical,Restaurants,
BLND,BLND,Technology,Software—Application,
BLNE,BLNE,Financial Services,Mortgage Finance,
BLNK,BLNK,Industrials,Engineering & Construction,
BLRX,BLRX,Healthcare,Biotechnology,
BLSH,BLSH,Technology,Software—Infrastructure,
BLUWU,BLUWU,Financial Services,Shell Companies,
BLW,BLW,Financial Services,Asset Management,
BLX,BLX,Financial Services,Banks—Regional,
BLZE,BLZE,Technology,Software—Infrastructure,
BMA,BMA,Financial Services,Banks—Regional,
BMBL,BMBL,Communication Services,Internet Content & Information,
BME,BME,Financial Services,Asset Management,
BMGL,BMGL,Healthcare,Medical Care Facilities,
BMHL,BMHL,Financial Services,Capital Markets,
BMI,BMI,Technology,Scientific & Technical Instruments,
BML-PG,BML-PG,Financial Services,Banks—Diversified,
BML-PH,BML-PH,Financial Services,Banks—Diversified,
BML-PJ,BML-PJ,Financial Services,Banks—Diversified,
BML-PL,BML-PL,Financial Services,Banks—Diversified,
BMN,BMN,Financial Services,Asset Management,
BMNR,BMNR,Financial Services,Capital Markets,
BMO,BMO,Financial Services,Banks—Diversified,
BMR,BMR,Technology,Software—Application,
BMRA,BMRA,Healthcare,Medical Devices,
BMRC,BMRC,Financial Services,Banks—Regional,
BMRN,BMRN,Healthcare,Biotechnology,
BMY,BMY,Healthcare,,
BN,BN,Financial Services,Asset Management,
BNAI,BNAI,Technology,Software—Infrastructure,
BNC,BNC,Industrials,Farm & Heavy Construction Machinery,
BNED,BNED,Consumer Cyclical,Specialty Retail,
BNGO,BNGO,Healthcare,Medical Instruments & Supplies,
BNKK,BNKK,Consumer Defensive,Beverages—Non-Alcoholic,
BNL,BNL,Real Estate,REIT—Diversified,
BNR,BNR,Healthcare,Diagnostics & Research,
BNRG,BNRG,Utilities,Utilities—Renewable,
BNS,BNS,Financial Services,Banks—Diversified,
BNT,BNT,Financial Services,Insurance—Diversified,
BNTC,BNTC,Healthcare,Biotechnology,
BNTX,BNTX,Healthcare,Biotechnology,
BNY,BNY,Financial Services,,
BNZI,BNZI,Technology,Software—Application,
BOBS,BOBS,Consumer Cyclical,Specialty Retail,
BOC,BOC,Industrials,Conglomerates,
BODI,BODI,Communication Services,Internet Content & Information,
BOE,BOE,Financial Services,Asset Management,
BOF,BOF,Consumer Defensive,Packaged Foods,
BOH,BOH,Financial Services,Banks—Regional,
BOKF,BOKF,Financial Services,Banks—Regional,
BOLT,BOLT,Healthcare,Biotechnology,
BON,BON,Basic Materials,Specialty Chemicals,
BOOM,BOOM,Industrials,Conglomerates,
BOOT,BOOT,Consumer Cyclical,Apparel Retail,
BORR,BORR,Energy,Oil & Gas Drilling,
BOSC,BOSC,Technology,Communication Equipment,
BOTJ,BOTJ,Financial Services,Banks—Regional,
BOW,BOW,Financial Services,Insurance—Property & Casualty,
BOX,BOX,Technology,Software—Infrastructure,
BOXL,BOXL,Technology,Consumer Electronics,
BP,BP,Energy,Oil & Gas Integrated,
BPOP,BPOP,Financial Services,Banks—Regional,
BPRN,BPRN,Financial Services,Banks—Regional,
BPYPP,BPYPP,Real Estate,Real Estate Services,
BQ,BQ,Consumer Cyclical,Specialty Retail,
BR,BR,Industrials,,
BRAG,BRAG,Consumer Cyclical,Gambling,
BRBI,BRBI,Financial Services,Capital Markets,
BRBR,BRBR,Consumer Defensive,Packaged Foods,
BRBS,BRBS,Financial Services,Banks—Regional,
BRC,BRC,Industrials,Security & Protection Services,
BRCB,BRCB,Consumer Cyclical,Restaurants,
BRCC,BRCC,Consumer Defensive,Packaged Foods,
BRIA,BRIA,Consumer Cyclical,Apparel Retail,
BRID,BRID,Consumer Defensive,Packaged Foods,
BRK-A,BRK-A,Financial Services,Insurance—Diversified,
BRK-B,BRK-B,Financial Services,,
BRKR,BRKR,Healthcare,Medical Devices,
BRLS,BRLS,Consumer Defensive,Packaged Foods,
BRLT,BRLT,Consumer Cyclical,Luxury Goods,
BRN,BRN,Energy,Oil & Gas E&P,
BRNS,BRNS,Healthcare,Biotechnology,
BRO,BRO,Financial Services,,
BROS,BROS,Consumer Cyclical,Restaurants,
BRR,BRR,Financial Services,Capital Markets,
BRSL,BRSL,Consumer Cyclical,Gambling,
BRSP,BRSP,Real Estate,REIT—Mortgage,
BRT,BRT,Real Estate,REIT—Residential,
BRTX,BRTX,Healthcare,Biotechnology,
BRUN,BRUN,Technology,Software—Infrastructure,
BRW,BRW,Financial Services,Asset Management,
BRX,BRX,Real Estate,REIT—Retail,
BRZE,BRZE,Technology,Software—Application,
BSAAU,BSAAU,Financial Services,Shell Companies,
BSAC,BSAC,Financial Services,Banks—Regional,
BSBK,BSBK,Financial Services,Banks—Regional,
BSBR,BSBR,Financial Services,Banks—Regional,
BSET,BSET,Consumer Cyclical,"Furnishings, Fixtures & Appliances",
BSIN,BSIN,Energy,Oil & Gas E&P,
BSL,BSL,Financial Services,Asset Management,
BSM,BSM,Energy,Oil & Gas E&P,
BSRR,BSRR,Financial Services,Banks—Regional,
BSTZ,BSTZ,Financial Services,Asset Management,
BSVN,BSVN,Financial Services,Banks—Regional,
BSX,BSX,Healthcare,,
BSY,BSY,Technology,Software—Application,
BTAI,BTAI,Healthcare,Drug Manufacturers—Specialty & Generic,
BTBD,BTBD,Consumer Cyclical,Restaurants,
BTBT,BTBT,Financial Services,Capital Markets,
BTCS,BTCS,Financial Services,Capital Markets,
BTCT,BTCT,Technology,Computer Hardware,
BTDR,BTDR,Technology,Software—Application,
BTE,BTE,Energy,Oil & Gas E&P,
BTG,BTG,Basic Materials,Gold,
BTGO,BTGO,Financial Services,Capital Markets,
BTI,BTI,Consumer Defensive,Tobacco,
BTMD,BTMD,Healthcare,Medical Care Facilities,
BTO,BTO,Financial Services,Asset Management,
BTOC,BTOC,Industrials,Integrated Freight & Logistics,
BTOG,BTOG,Financial Services,Financial Data & Stock Exchanges,
BTQ,BTQ,Technology,Software—Infrastructure,
BTSG,BTSG,Healthcare,Health Information Services,
BTSGU,BTSGU,Healthcare,Health Information Services,
BTT,BTT,Financial Services,Asset Management,
BTTC,BTTC,Technology,Software—Application,
BTU,BTU,Energy,Thermal Coal,
BTZ,BTZ,Financial Services,Asset Management,
BUD,BUD,Consumer Defensive,Beverages—Brewers,
BUDA,BUDA,Consumer Defensive,Beverages—Non-Alcoholic,
BULL,BULL,Technology,Software—Application,
BULLW,BULLW,Technology,Software—Application,
BUR,BUR,Financial Services,Asset Management,
BURL,BURL,Consumer Cyclical,Apparel Retail,
BUSE,BUSE,Financial Services,Banks—Regional,
BUSEP,BUSEP,Financial Services,Banks—Regional,
BUUU,BUUU,Industrials,Specialty Business Services,
BV,BV,Industrials,Specialty Business Services,
BVC,BVC,Technology,Software—Application,
BVFL,BVFL,Financial Services,Banks—Regional,
BVN,BVN,Basic Materials,Other Precious Metals & Mining,
BVS,BVS,Healthcare,Medical Devices,
BW,BW,Industrials,Specialty Industrial Machinery,
BW-PA,BW-PA,Industrials,Specialty Industrial Machinery,
BWA,BWA,Consumer Cyclical,Auto Parts,
BWAY,BWAY,Healthcare,Medical Devices,
BWB,BWB,Financial Services,Banks—Regional,
BWBBP,BWBBP,Financial Services,Banks—Regional,
BWEN,BWEN,Industrials,Specialty Industrial Machinery,
BWFG,BWFG,Financial Services,Banks—Regional,
BWG,BWG,Financial Services,Asset Management,
BWIN,BWIN,Financial Services,Insurance Brokers,
BWLP,BWLP,Energy,Oil & Gas Midstream,
BWMN,BWMN,Industrials,Engineering & Construction,
BWMX,BWMX,Consumer Cyclical,Specialty Retail,
BWXT,BWXT,Industrials,Aerospace & Defense,
BX,BX,Financial Services,,
BXBL,BXBL,Consumer Cyclical,Residential Construction,
BXC,BXC,Industrials,Industrial Distribution,
BXMT,BXMT,Real Estate,REIT—Mortgage,
BXP,BXP,Real Estate,,
BXSL,BXSL,Financial Services,Asset Management,
BY,BY,Financial Services,Banks—Regional,
BYAH,BYAH,Consumer Defensive,Household & Personal Products,
BYD,BYD,Consumer Cyclical,Resorts & Casinos,
BYFC,BYFC,Financial Services,Banks—Regional,
BYND,BYND,Consumer Defensive,Packaged Foods,
BYRN,BYRN,Industrials,Aerospace & Defense,
BYSI,BYSI,Healthcare,Biotechnology,
BZ,BZ,Communication Services,Internet Content & Information,
BZAI,BZAI,Technology,Software—Application,
BZFD,BZFD,Communication Services,Internet Content & Information,
BZH,BZH,Consumer Cyclical,Residential Construction,
BZUN,BZUN,Consumer Cyclical,Internet Retail,
C,C,Financial Services,,
CAAP,CAAP,Industrials,Airports & Air Services,
CAAS,CAAS,Consumer Cyclical,Auto Parts,
CABO,CABO,Communication Services,Telecom Services,
CABR,CABR,Healthcare,Drug Manufacturers—Specialty & Generic,
CAC,CAC,Financial Services,Banks—Regional,
CACC,CACC,Financial Services,Credit Services,
CACI,CACI,Technology,Information Technology Services,
CADL,CADL,Healthcare,Biotechnology,
CAE,CAE,Industrials,Aerospace & Defense,
CAF,CAF,Financial Services,Asset Management,
CAG,CAG,Consumer Defensive,Packaged Foods,
CAH,CAH,Healthcare,,
CAI,CAI,Healthcare,Biotechnology,
CAKE,CAKE,Consumer Cyclical,Restaurants,
CAL,CAL,Consumer Cyclical,Apparel Retail,
CALM,CALM,Consumer Defensive,Farm Products,
CALX,CALX,Technology,Software—Infrastructure,
CALY,CALY,Consumer Cyclical,Leisure,
CAMP,CAMP,Healthcare,Biotechnology,
CAMT,CAMT,Technology,Semiconductor Equipment & Materials,
CAN,CAN,Technology,Computer Hardware,
CANF,CANF,Healthcare,Biotechnology,
CANG,CANG,Financial Services,Capital Markets,
CAPL,CAPL,Energy,Oil & Gas Refining & Marketing,
CAPR,CAPR,Healthcare,Biotechnology,
CAPS,CAPS,Basic Materials,Building Materials,
CAR,CAR,Industrials,Rental & Leasing Services,
CARE,CARE,Financial Services,Banks—Regional,
CARG,CARG,Consumer Cyclical,Auto & Truck Dealerships,
CARL,CARL,Healthcare,Health Information Services,
CARR,CARR,Industrials,,
CARS,CARS,Communication Services,Internet Content & Information,
CART,CART,Consumer Cyclical,Internet Retail,
CASH,CASH,Financial Services,Banks—Regional,
CASS,CASS,Industrials,Specialty Business Services,
CAST,CAST,Communication Services,Broadcasting,
CASY,CASY,Consumer Defensive,,
CAT,CAT,Industrials,,
CATO,CATO,Consumer Cyclical,Apparel Retail,
CATX,CATX,Healthcare,Medical Devices,
CATY,CATY,Financial Services,Banks—Regional,
CAVA,CAVA,Consumer Cyclical,Restaurants,
CB,CB,Financial Services,,
CBAN,CBAN,Financial Services,Banks—Regional,
CBAT,CBAT,Industrials,Electrical Equipment & Parts,
CBC,CBC,Financial Services,Banks—Regional,
CBFV,CBFV,Financial Services,Banks—Regional,
CBIO,CBIO,Healthcare,Biotechnology,
CBK,CBK,Financial Services,Banks—Regional,
CBL,CBL,Real Estate,REIT—Retail,
CBLL,CBLL,Healthcare,Medical Devices,
CBNA,CBNA,Financial Services,Banks—Regional,
CBNK,CBNK,Financial Services,Banks—Regional,
CBOE,CBOE,Financial Services,Financial Data & Stock Exchanges,
CBRE,CBRE,Real Estate,,
CBRL,CBRL,Consumer Cyclical,Restaurants,
CBSH,CBSH,Financial Services,Banks—Regional,
CBT,CBT,Basic Materials,Specialty Chemicals,
CBU,CBU,Financial Services,Banks—Regional,
CBUS,CBUS,Healthcare,Biotechnology,
CBZ,CBZ,Industrials,Specialty Business Services,
CC,CC,Basic Materials,Specialty Chemicals,
CCAP,CCAP,Financial Services,Asset Management,
CCB,CCB,Financial Services,Banks—Regional,
CCBG,CCBG,Financial Services,Banks—Regional,
CCC,CCC,Technology,Software—Application,
CCCC,CCCC,Healthcare,Biotechnology,
CCD,CCD,Financial Services,Asset Management,
CCEC,CCEC,Industrials,Marine Shipping,
CCEL,CCEL,Healthcare,Medical Care Facilities,
CCEP,CCEP,Consumer Defensive,Beverages—Non-Alcoholic,
CCG,CCG,Communication Services,Internet Content & Information,
CCGWW,CCGWW,Communication Services,Internet Content & Information,
CCHH,CCHH,Consumer Cyclical,Restaurants,
CCI,CCI,Real Estate,,
CCID,CCID,Financial Services,Asset Management,
CCIX,CCIX,Financial Services,Shell Companies,
CCIXU,CCIXU,Financial Services,Shell Companies,
CCJ,CCJ,Energy,Uranium,
CCK,CCK,Consumer Cyclical,Packaging & Containers,
CCL,CCL,Consumer Cyclical,,
CCLD,CCLD,Healthcare,Health Information Services,
CCM,CCM,Healthcare,Medical Care Facilities,
CCNE,CCNE,Financial Services,Banks—Regional,
CCNEP,CCNEP,Financial Services,Banks—Regional,
CCO,CCO,Communication Services,Advertising Agencies,
CCOI,CCOI,Communication Services,Telecom Services,
CCRN,CCRN,Healthcare,,
CCS,CCS,Real Estate,Real Estate—Development,
CCSI,CCSI,Technology,Software—Infrastructure,
CCTG,CCTG,Industrials,Electrical Equipment & Parts,
CCU,CCU,Consumer Defensive,Beverages—Brewers,
CD,CD,Financial Services,Capital Markets,
CDE,CDE,Basic Materials,Gold,
CDIO,CDIO,Healthcare,Biotechnology,
CDLR,CDLR,Industrials,Engineering & Construction,
CDLX,CDLX,Communication Services,Advertising Agencies,
CDNA,CDNA,Healthcare,Diagnostics & Research,
CDNL,CDNL,Industrials,Engineering & Construction,
CDNS,CDNS,Technology,,
CDP,CDP,Real Estate,REIT—Office,
CDR-PB,CDR-PB,Real Estate,REIT—Retail,
CDR-PC,CDR-PC,Real Estate,REIT—Retail,
CDRE,CDRE,Industrials,Aerospace & Defense,
CDRO,CDRO,Consumer Cyclical,Gambling,
CDTG,CDTG,Industrials,Waste Management,
CDW,CDW,Technology,,
CDXS,CDXS,Healthcare,Biotechnology,
CDZI,CDZI,Utilities,Utilities—Regulated Water,
CE,CE,Basic Materials,Chemicals,
CECO,CECO,Industrials,Pollution & Treatment Controls,
CEE,CEE,Financial Services,Asset Management,
CEF,CEF,Financial Services,Asset Management,
CEG,CEG,Utilities,,
CELH,CELH,Consumer Defensive,Beverages—Non-Alcoholic,
CELU,CELU,Healthcare,Biotechnology,
CELZ,CELZ,Healthcare,Biotechnology,
CENN,CENN,Consumer Cyclical,Auto Manufacturers,
CENT,CENT,Consumer Defensive,Packaged Foods,
CENTA,CENTA,Consumer Defensive,Packaged Foods,
CENX,CENX,Basic Materials,Aluminum,
CEPU,CEPU,Utilities,Utilities—Regulated Electric,
CERS,CERS,Healthcare,Medical Devices,
CERT,CERT,Healthcare,Health Information Services,
CET,CET,Financial Services,Asset Management,
CETX,CETX,Technology,Software—Infrastructure,
CETY,CETY,Industrials,Specialty Industrial Machinery,
CEVA,CEVA,Technology,Semiconductors,
CF,CF,Basic Materials,,
CFBK,CFBK,Financial Services,Banks—Regional,
CFFI,CFFI,Financial Services,Banks—Regional,
CFFN,CFFN,Financial Services,Banks—Regional,
CFG,CFG,Financial Services,,
CFR,CFR,Financial Services,Banks—Regional,
CFR-PB,CFR-PB,Financial Services,Banks—Regional,
CFTR-PA,CFTR-PA,Real Estate,REIT—Diversified,
CG,CG,Financial Services,Asset Management,
CGAU,CGAU,Basic Materials,Gold,
CGBD,CGBD,Financial Services,Asset Management,
CGC,CGC,Healthcare,Drug Manufacturers—Specialty & Generic,
CGEM,CGEM,Healthcare,Biotechnology,
CGEN,CGEN,Healthcare,Biotechnology,
CGNT,CGNT,Technology,Software—Infrastructure,
CGNX,CGNX,Technology,Scientific & Technical Instruments,
CGO,CGO,Financial Services,Asset Management,
CGON,CGON,Healthcare,Biotechnology,
CGTL,CGTL,Consumer Cyclical,Specialty Retail,
CHA,CHA,Consumer Cyclical,Restaurants,
CHAI,CHAI,Communication Services,Internet Content & Information,
CHCI,CHCI,Real Estate,Real Estate Services,
CHCO,CHCO,Financial Services,Banks—Regional,
CHCT,CHCT,Real Estate,REIT—Healthcare Facilities,
CHD,CHD,Consumer Defensive,,
CHDN,CHDN,Consumer Cyclical,Gambling,
CHE,CHE,Healthcare,Medical Care Facilities,
CHECU,CHECU,Financial Services,Shell Companies,
CHEF,CHEF,Consumer Defensive,Food Distribution,
CHGG,CHGG,Consumer Defensive,Education & Training Services,
CHH,CHH,Consumer Cyclical,Lodging,
CHI,CHI,Financial Services,Asset Management,
CHKP,CHKP,Technology,Software—Infrastructure,
CHMG,CHMG,Financial Services,Banks—Regional,
CHMI,CHMI,Real Estate,REIT—Mortgage,
CHMI-PA,CHMI-PA,Real Estate,REIT—Mortgage,
CHMI-PB,CHMI-PB,Real Estate,REIT—Mortgage,
CHNR,CHNR,Basic Materials,Other Industrial Metals & Mining,
CHOW,CHOW,Technology,Software—Infrastructure,
CHPT,CHPT,Consumer Cyclical,Specialty Retail,
CHR,CHR,Communication Services,Advertising Agencies,
CHRD,CHRD,Energy,Oil & Gas E&P,
CHRN,CHRN,Technology,Information Technology Services,
CHRS,CHRS,Healthcare,Biotechnology,
CHRW,CHRW,Industrials,,
CHSN,CHSN,Consumer Cyclical,Restaurants,
CHT,CHT,Communication Services,Telecom Services,
CHTR,CHTR,Communication Services,,
CHW,CHW,Financial Services,Asset Management,
CHWY,CHWY,Consumer Cyclical,Internet Retail,
CHY,CHY,Financial Services,Asset Management,
CHYM,CHYM,Technology,Software—Application,
CI,CI,Healthcare,,
CIA,CIA,Financial Services,Insurance—Life,
CIB,CIB,Financial Services,Banks—Regional,
CIEN,CIEN,Technology,,
CIFR,CIFR,Technology,Information Technology Services,
CIG,CIG,Utilities,Utilities—Regulated Electric,
CIG-C,CIG-C,Utilities,Utilities—Regulated Electric,
CIGI,CIGI,Real Estate,Real Estate Services,
CIGL,CIGL,Industrials,Security & Protection Services,
CII,CII,Financial Services,Asset Management,
CIIT,CIIT,Industrials,Integrated Freight & Logistics,
CIK,CIK,Financial Services,Asset Management,
CIM,CIM,Real Estate,REIT—Mortgage,
CIM-PB,CIM-PB,Real Estate,REIT—Mortgage,
CIM-PC,CIM-PC,Real Estate,REIT—Mortgage,
CIM-PD,CIM-PD,Real Estate,REIT—Mortgage,
CINF,CINF,Financial Services,,
CINT,CINT,Technology,Software—Infrastructure,
CION,CION,Financial Services,Asset Management,
CIRC,CIRC,Industrials,Staffing & Employment Services,
CISO,CISO,Technology,Software—Infrastructure,
CISS,CISS,Industrials,Marine Shipping,
CITR,CITR,Industrials,,
CIVB,CIVB,Financial Services,Banks—Regional,
CIX,CIX,Industrials,Security & Protection Services,
CJMB,CJMB,Industrials,Integrated Freight & Logistics,
CKX,CKX,Energy,Oil & Gas E&P,
CL,CL,Consumer Defensive,,
CLAR,CLAR,Consumer Cyclical,Leisure,
CLB,CLB,Energy,Oil & Gas Equipment & Services,
CLBK,CLBK,Financial Services,Banks—Regional,
CLBT,CLBT,Technology,Software—Infrastructure,
CLDI,CLDI,Healthcare,Biotechnology,
CLDT,CLDT,Real Estate,REIT—Hotel & Motel,
CLDT-PA,CLDT-PA,Real Estate,REIT—Hotel & Motel,
CLDX,CLDX,Healthcare,Biotechnology,
CLF,CLF,Basic Materials,Steel,
CLFD,CLFD,Technology,Communication Equipment,
CLGN,CLGN,Healthcare,Biotechnology,
CLH,CLH,Industrials,Waste Management,
CLIK,CLIK,Consumer Cyclical,Personal Services,
CLIR,CLIR,Industrials,Pollution & Treatment Controls,
CLLS,CLLS,Healthcare,Biotechnology,
CLM,CLM,Financial Services,Asset Management,
CLMB,CLMB,Technology,Electronics & Computer Distribution,
CLMT,CLMT,Basic Materials,Specialty Chemicals,
CLNE,CLNE,Energy,Oil & Gas Refining & Marketing,
CLNN,CLNN,Consumer Defensive,Packaged Foods,
CLOV,CLOV,Healthcare,Healthcare Plans,
CLPR,CLPR,Real Estate,REIT—Residential,
CLPS,CLPS,Technology,Information Technology Services,
CLPT,CLPT,Healthcare,Medical Devices,
CLRO,CLRO,Technology,Communication Equipment,
CLS,CLS,Technology,Electronic Components,
CLSK,CLSK,Financial Services,Capital Markets,
CLST,CLST,Financial Services,Banks—Regional,
CLVT,CLVT,Technology,Information Technology Services,
CLW,CLW,Basic Materials,Paper & Paper Products,
CLWT,CLWT,Industrials,Pollution & Treatment Controls,
CLX,CLX,Consumer Defensive,,
CM,CM,Financial Services,Banks—Diversified,
CMBT,CMBT,Energy,Oil & Gas Midstream,
CMC,CMC,Industrials,Metal Fabrication,
CMCL,CMCL,Basic Materials,Gold,
CMCM,CMCM,Communication Services,Internet Content & Information,
CMCO,CMCO,Industrials,Farm & Heavy Construction Machinery,
CMCSA,CMCSA,Communication Services,,
CMCT,CMCT,Real Estate,REIT—Office,
CMDB,CMDB,Industrials,Marine Shipping,
CME,CME,Financial Services,,
CMG,CMG,Consumer Cyclical,,
CMI,CMI,Industrials,,
CMP,CMP,Basic Materials,Other Industrial Metals & Mining,
CMPR,CMPR,Industrials,Specialty Business Services,
CMPX,CMPX,Healthcare,Biotechnology,
CMRC,CMRC,Technology,Software—Application,
CMRE,CMRE,Industrials,Marine Shipping,
CMRE-PD,CMRE-PD,Industrials,Marine Shipping,
CMS,CMS,Utilities,,
CMS-PB,CMS-PB,Utilities,Utilities—Regulated Electric,
CMS-PC,CMS-PC,Utilities,Utilities—Regulated Electric,
CMT,CMT,Basic Materials,Specialty Chemicals,
CMTG,CMTG,Real Estate,REIT—Mortgage,
CMTL,CMTL,Technology,Communication Equipment,
CMTV,CMTV,Financial Services,Banks—Regional,
CNA,CNA,Financial Services,Insurance—Property & Casualty,
CNC,CNC,Healthcare,,
CNCK,CNCK,Financial Services,Capital Markets,
CNDT,CNDT,Technology,Information Technology Services,
CNET,CNET,Communication Services,Advertising Agencies,
CNEY,CNEY,Basic Materials,Specialty Chemicals,
CNF,CNF,Financial Services,Mortgage Finance,
CNH,CNH,Industrials,Farm & Heavy Construction Machinery,
CNI,CNI,Industrials,Railroads,
CNK,CNK,Communication Services,Entertainment,
CNM,CNM,Industrials,Industrial Distribution,
CNMD,CNMD,Healthcare,Medical Devices,
CNNE,CNNE,Consumer Cyclical,Restaurants,
CNO,CNO,Financial Services,Insurance—Life,
CNOB,CNOB,Financial Services,Banks—Regional,
CNOBP,CNOBP,Financial Services,Banks—Regional,
CNP,CNP,Utilities,,
CNQ,CNQ,Energy,Oil & Gas E&P,
CNR,CNR,Energy,Thermal Coal,
CNS,CNS,Financial Services,Asset Management,
CNTB,CNTB,Healthcare,Biotechnology,
CNTY,CNTY,Consumer Cyclical,Resorts & Casinos,
CNVS,CNVS,Communication Services,Entertainment,
CNX,CNX,Energy,Oil & Gas E&P,
CNXC,CNXC,Technology,Information Technology Services,
CNXN,CNXN,Technology,Electronics & Computer Distribution,
COCH,COCH,Healthcare,Medical Devices,
COCO,COCO,Consumer Defensive,Beverages—Non-Alcoholic,
COCP,COCP,Healthcare,Biotechnology,
CODA,CODA,Industrials,Aerospace & Defense,
CODI,CODI,Industrials,Conglomerates,
CODI-PA,CODI-PA,Industrials,Conglomerates,
CODI-PB,CODI-PB,Industrials,Conglomerates,
CODI-PC,CODI-PC,Industrials,Conglomerates,
CODX,CODX,Healthcare,Medical Devices,
COE,COE,Consumer Defensive,Education & Training Services,
COF,COF,Financial Services,,
COF-PI,COF-PI,Financial Services,Credit Services,
COF-PJ,COF-PJ,Financial Services,Credit Services,
COF-PL,COF-PL,Financial Services,Credit Services,
COF-PN,COF-PN,Financial Services,Credit Services,
COFS,COFS,Financial Services,Banks—Regional,
COHN,COHN,Financial Services,Capital Markets,
COHR,COHR,Technology,,
COHU,COHU,Technology,Semiconductor Equipment & Materials,
COIN,COIN,Financial Services,,
COKE,COKE,Consumer Defensive,Beverages—Non-Alcoholic,
COLAU,COLAU,Financial Services,Shell Companies,
COLB,COLB,Financial Services,Banks—Regional,
COLD,COLD,Real Estate,REIT—Industrial,
COLL,COLL,Healthcare,Drug Manufacturers—Specialty & Generic,
COLM,COLM,Consumer Cyclical,Apparel Manufacturing,
COMP,COMP,Real Estate,Real Estate Services,
CON,CON,Healthcare,Medical Care Facilities,
COO,COO,Healthcare,,
COOK,COOK,Consumer Cyclical,"Furnishings, Fixtures & Appliances",
COOT,COOT,Consumer Defensive,Packaged Foods,
COP,COP,Energy,,
COR,COR,Healthcare,,
CORT,CORT,Healthcare,Biotechnology,
CORZ,CORZ,Technology,Software—Infrastructure,
COSM,COSM,Healthcare,Medical Distribution,
COSO,COSO,Financial Services,Banks—Regional,
COST,COST,Consumer Defensive,,
COTY,COTY,Consumer Defensive,Household & Personal Products,
COUR,COUR,Consumer Defensive,Education & Training Services,
COYA,COYA,Healthcare,Biotechnology,
CP,CP,Industrials,Railroads,
CPA,CPA,Industrials,Airlines,
CPAC,CPAC,Basic Materials,Building Materials,
CPAY,CPAY,Financial Services,,
CPB,CPB,Consumer Defensive,Packaged Foods,
CPBI,CPBI,Financial Services,Banks—Regional,
CPF,CPF,Financial Services,Banks—Regional,
CPHC,CPHC,Consumer Cyclical,Resorts & Casinos,
CPHI,CPHI,Healthcare,Drug Manufacturers—Specialty & Generic,
CPIX,CPIX,Healthcare,Drug Manufacturers—Specialty & Generic,
CPK,CPK,Utilities,Utilities—Regulated Gas,
CPNG,CPNG,Consumer Cyclical,Internet Retail,
CPOP,CPOP,Communication Services,Entertainment,
CPRI,CPRI,Consumer Cyclical,Luxury Goods,
CPRT,CPRT,Industrials,,
CPS,CPS,Consumer Cyclical,Auto Parts,
CPSH,CPSH,Technology,Electronic Components,
CPSS,CPSS,Financial Services,Credit Services,
CPT,CPT,Real Estate,,
CQP,CQP,Energy,Oil & Gas Midstream,
CR,CR,Industrials,Specialty Industrial Machinery,
CRAI,CRAI,Industrials,Consulting Services,
CRBG,CRBG,Financial Services,Asset Management,
CRBP,CRBP,Healthcare,Biotechnology,
CRBU,CRBU,Healthcare,Biotechnology,
CRC,CRC,Energy,Oil & Gas E&P,
CRCL,CRCL,Financial Services,Capital Markets,
CRCT,CRCT,Technology,Computer Hardware,
CRD-A,CRD-A,Financial Services,Insurance Brokers,
CRD-B,CRD-B,Financial Services,Insurance Brokers,
CRDF,CRDF,Healthcare,Biotechnology,
CRDL,CRDL,Healthcare,Drug Manufacturers—Specialty & Generic,
CRDO,CRDO,Technology,Semiconductors,
CRE,CRE,Industrials,Specialty Business Services,
CREG,CREG,Utilities,Utilities—Renewable,
CRESY,CRESY,Industrials,Conglomerates,
CREX,CREX,Technology,Software—Application,
CRF,CRF,Financial Services,Asset Management,
CRGO,CRGO,Industrials,Integrated Freight & Logistics,
CRGY,CRGY,Energy,Oil & Gas E&P,
CRH,CRH,Basic Materials,,
CRI,CRI,Consumer Cyclical,Apparel Retail,
CRIS,CRIS,Healthcare,Biotechnology,
CRK,CRK,Energy,Oil & Gas E&P,
CRL,CRL,Healthcare,,
CRM,CRM,Technology,,
CRMD,CRMD,Healthcare,Biotechnology,
CRMT,CRMT,Consumer Cyclical,Auto & Truck Dealerships,
CRNC,CRNC,Technology,Software—Application,
CRNT,CRNT,Technology,Communication Equipment,
CRNX,CRNX,Healthcare,Biotechnology,
CRON,CRON,Healthcare,Drug Manufacturers—Specialty & Generic,
CROX,CROX,Consumer Cyclical,Footwear & Accessories,
CRS,CRS,Industrials,Metal Fabrication,
CRSP,CRSP,Healthcare,Biotechnology,
CRSR,CRSR,Technology,Computer Hardware,
CRT,CRT,Energy,Oil & Gas E&P,
CRTO,CRTO,Communication Services,Advertising Agencies,
CRUS,CRUS,Technology,Semiconductors,
CRVL,CRVL,Financial Services,Insurance Brokers,
CRVO,CRVO,Healthcare,Biotechnology,
CRWD,CRWD,Technology,,
CRWS,CRWS,Consumer Cyclical,"Furnishings, Fixtures & Appliances",
CRWV,CRWV,Technology,Software—Infrastructure,
CSAI,CSAI,Technology,Software—Infrastructure,
CSAN,CSAN,Energy,Oil & Gas Refining & Marketing,
CSBR,CSBR,Healthcare,Biotechnology,
CSCO,CSCO,Technology,,
CSGP,CSGP,Real Estate,,
CSHR,CSHR,Financial Services,Capital Markets,
CSIQ,CSIQ,Technology,Solar,
CSL,CSL,Industrials,Building Products & Equipment,
CSPI,CSPI,Technology,Information Technology Services,
CSQ,CSQ,Financial Services,Asset Management,
CSR,CSR,Real Estate,REIT—Residential,
CSTE,CSTE,Industrials,Building Products & Equipment,
CSTL,CSTL,Healthcare,Diagnostics & Research,
CSTM,CSTM,Basic Materials,Aluminum,
CSV,CSV,Consumer Cyclical,Personal Services,
CSW,CSW,Industrials,Specialty Industrial Machinery,
CSWC,CSWC,Financial Services,Asset Management,
CSX,CSX,Industrials,,
CTAS,CTAS,Industrials,,
CTBI,CTBI,Financial Services,Banks—Regional,
CTEV,CTEV,Healthcare,Health Information Services,
CTKB,CTKB,Healthcare,Medical Devices,
CTM,CTM,Technology,Information Technology Services,
CTMX,CTMX,Healthcare,Biotechnology,
CTNM,CTNM,Healthcare,Biotechnology,
CTNT,CTNT,Industrials,Integrated Freight & Logistics,
CTO,CTO,Real Estate,REIT—Diversified,
CTO-PA,CTO-PA,Real Estate,REIT—Diversified,
CTOR,CTOR,Healthcare,Drug Manufacturers—Specialty & Generic,
CTOS,CTOS,Industrials,Rental & Leasing Services,
CTRE,CTRE,Real Estate,REIT—Healthcare Facilities,
CTRI,CTRI,Utilities,Utilities—Regulated Gas,
CTRM,CTRM,Industrials,Marine Shipping,
CTRN,CTRN,Consumer Cyclical,Apparel Retail,
CTS,CTS,Technology,Electronic Components,
CTSH,CTSH,Technology,,
CTSO,CTSO,Healthcare,Medical Devices,
CTVA,CTVA,Basic Materials,,
CTW,CTW,Communication Services,Electronic Gaming & Multimedia,
CUBE,CUBE,Real Estate,REIT—Industrial,
CUBI,CUBI,Financial Services,Banks—Regional,
CUBWU,CUBWU,Financial Services,Shell Companies,
CUE,CUE,Healthcare,Biotechnology,
CULP,CULP,Consumer Cyclical,Textile Manufacturing,
CUPR,CUPR,Healthcare,Medical Instruments & Supplies,
CURB,CURB,Real Estate,REIT—Retail,
CURI,CURI,Communication Services,Broadcasting,
CURR,CURR,Technology,Software—Application,
CURV,CURV,Consumer Cyclical,Apparel Retail,
CURX,CURX,Healthcare,Biotechnology,
CUVL,CUVL,Healthcare,Biotechnology,
CUZ,CUZ,Real Estate,REIT—Office,
CV,CV,Healthcare,Medical Devices,
CVBF,CVBF,Financial Services,Banks—Regional,
CVCO,CVCO,Consumer Cyclical,Residential Construction,
CVE,CVE,Energy,Oil & Gas Integrated,
CVEO,CVEO,Consumer Cyclical,Lodging,
CVGI,CVGI,Consumer Cyclical,Auto Parts,
CVI,CVI,Energy,Oil & Gas Refining & Marketing,
CVLG,CVLG,Industrials,Trucking,
CVLT,CVLT,Technology,Software—Application,
CVNA,CVNA,Consumer Cyclical,,
CVR,CVR,Industrials,Tools & Accessories,
CVRX,CVRX,Healthcare,Medical Devices,
CVS,CVS,Healthcare,,
CVSA,CVSA,Consumer Defensive,Education & Training Services,
CVU,CVU,Industrials,Aerospace & Defense,
CVV,CVV,Industrials,Specialty Industrial Machinery,
CVX,CVX,Energy,,
CW,CW,Industrials,Aerospace & Defense,
CWBC,CWBC,Financial Services,Banks—Regional,
CWCO,CWCO,Utilities,Utilities—Regulated Water,
CWD,CWD,Financial Services,Asset Management,
CWEN,CWEN,Utilities,Utilities—Renewable,
CWH,CWH,Consumer Cyclical,Auto & Truck Dealerships,
CWK,CWK,Real Estate,Real Estate Services,
CWST,CWST,Industrials,Waste Management,
CWT,CWT,Utilities,Utilities—Regulated Water,
CX,CX,Basic Materials,Building Materials,
CXAI,CXAI,Technology,Software—Application,
CXDO,CXDO,Communication Services,Telecom Services,
CXM,CXM,Technology,Software—Application,
CXT,CXT,Industrials,Specialty Industrial Machinery,
CXW,CXW,Industrials,Security & Protection Services,
CYAB,CYAB,Technology,Software—Infrastructure,
CYCN,CYCN,Healthcare,Biotechnology,
CYCU,CYCU,Technology,Information Technology Services,
CYD,CYD,Consumer Cyclical,Auto Manufacturers,
CYH,CYH,Healthcare,Medical Care Facilities,
CYN,CYN,Technology,Software—Application,
CYPH,CYPH,Financial Services,Asset Management,
CYRX,CYRX,Industrials,Integrated Freight & Logistics,
CYTK,CYTK,Healthcare,Biotechnology,
CZFS,CZFS,Financial Services,Banks—Regional,
CZNC,CZNC,Financial Services,Banks—Regional,
CZR,CZR,Consumer Cyclical,Resorts & Casinos,
CZWI,CZWI,Financial Services,Banks—Regional,
D,D,Utilities,,
DAC,DAC,Industrials,Marine Shipping,
DAIC,DAIC,Technology,Information Technology Services,
DAIO,DAIO,Technology,Electronic Components,
DAKT,DAKT,Technology,Electronic Components,
DAL,DAL,Industrials,,
DAN,DAN,Consumer Cyclical,Auto Parts,
DAO,DAO,Consumer Defensive,Education & Training Services,
DAR,DAR,Consumer Defensive,Packaged Foods,
DARE,DARE,Healthcare,Biotechnology,
DASH,DASH,Consumer Cyclical,,
DAVA,DAVA,Technology,Software—Infrastructure,
DAVE,DAVE,Technology,Software—Application,
DB,DB,Financial Services,Banks—Regional,
DBD,DBD,Technology,Software—Application,
DBI,DBI,Consumer Cyclical,Footwear & Accessories,
DBL,DBL,Financial Services,Asset Management,
DBRG,DBRG,Financial Services,Asset Management,
DBVT,DBVT,Healthcare,Biotechnology,
DBX,DBX,Technology,Software—Infrastructure,
DCBO,DCBO,Technology,Software—Application,
DCGO,DCGO,Healthcare,Medical Care Facilities,
DCH,DCH,Consumer Cyclical,Auto Parts,
DCI,DCI,Industrials,Specialty Industrial Machinery,
DCO,DCO,Industrials,Aerospace & Defense,
DCOM,DCOM,Financial Services,Banks—Regional,
DCTH,DCTH,Healthcare,Medical Devices,
DCX,DCX,Consumer Cyclical,Auto Manufacturers,
DD,DD,Basic Materials,,
DDC,DDC,Consumer Defensive,Packaged Foods,
DDD,DDD,Technology,Computer Hardware,
DDI,DDI,Communication Services,Electronic Gaming & Multimedia,
DDL,DDL,Consumer Defensive,Grocery Stores,
DDOG,DDOG,Technology,,
DDS,DDS,Consumer Cyclical,Department Stores,
DE,DE,Industrials,,
DEA,DEA,Real Estate,REIT—Office,
DEC,DEC,Energy,Oil & Gas Integrated,
DECK,DECK,Consumer Cyclical,,
DEFT,DEFT,Financial Services,Capital Markets,
DEI,DEI,Real Estate,REIT—Office,
DELL,DELL,Technology,,
DEO,DEO,Consumer Defensive,Beverages—Wineries & Distilleries,
DERM,DERM,Healthcare,Drug Manufacturers—Specialty & Generic,
DETX,DETX,Industrials,Security & Protection Services,
DFDV,DFDV,Financial Services,Asset Management,
DFH,DFH,Consumer Cyclical,Residential Construction,
DFIN,DFIN,Technology,Software—Application,
DFLI,DFLI,Industrials,Electrical Equipment & Parts,
DFNS,DFNS,Industrials,Aerospace & Defense,
DFSC,DFSC,Industrials,Aerospace & Defense,
DG,DG,Consumer Defensive,,
DGICA,DGICA,Financial Services,Insurance—Property & Casualty,
DGICB,DGICB,Financial Services,Insurance—Property & Casualty,
DGII,DGII,Technology,Communication Equipment,
DGNX,DGNX,Industrials,Consulting Services,
DGX,DGX,Healthcare,,
DGXX,DGXX,Utilities,Utilities—Independent Power Producers,
DH,DH,Healthcare,Health Information Services,
DHC,DHC,Real Estate,REIT—Healthcare Facilities,
DHF,DHF,Financial Services,Asset Management,
DHI,DHI,Consumer Cyclical,,
DHR,DHR,Healthcare,,
DHT,DHT,Energy,Oil & Gas Midstream,
DHX,DHX,Technology,Software—Application,
DIBS,DIBS,Communication Services,Internet Content & Information,
DIN,DIN,Consumer Cyclical,Restaurants,
DINO,DINO,Energy,Oil & Gas Refining & Marketing,
DIOD,DIOD,Technology,Semiconductors,
DIS,DIS,Communication Services,,
DIT,DIT,Consumer Defensive,Food Distribution,
DJCO,DJCO,Technology,Software—Application,
DJT,DJT,Communication Services,Internet Content & Information,
DK,DK,Energy,Oil & Gas Refining & Marketing,
DKI,DKI,Communication Services,Electronic Gaming & Multimedia,
DKL,DKL,Energy,Oil & Gas Refining & Marketing,
DKNG,DKNG,Consumer Cyclical,Gambling,
DKS,DKS,Consumer Cyclical,Specialty Retail,
DLB,DLB,Industrials,Specialty Business Services,
DLHC,DLHC,Industrials,Specialty Business Services,
DLNG,DLNG,Energy,Oil & Gas Midstream,
DLO,DLO,Technology,Software—Infrastructure,
DLPN,DLPN,Communication Services,Advertising Agencies,
DLR,DLR,Real Estate,,
DLTH,DLTH,Consumer Cyclical,Apparel Retail,
DLTR,DLTR,Consumer Defensive,,
DLX,DLX,Industrials,Conglomerates,
DLXY,DLXY,Energy,Oil & Gas Refining & Marketing,
DMA,DMA,Financial Services,Asset Management,
DMAAU,DMAAU,Financial Services,Shell Companies,
DMC,DMC,Consumer Defensive,Farm Products,
DMIIU,DMIIU,Financial Services,Shell Companies,
DMLP,DMLP,Energy,Oil & Gas E&P,
DMRC,DMRC,Technology,Software—Application,
DNA,DNA,Healthcare,Biotechnology,
DNLI,DNLI,Healthcare,Biotechnology,
DNN,DNN,Energy,Uranium,
DNOW,DNOW,Industrials,Industrial Distribution,
DNP,DNP,Financial Services,Asset Management,
DNTH,DNTH,Healthcare,Biotechnology,
DNUT,DNUT,Consumer Defensive,Grocery Stores,
DOC,DOC,Real Estate,,
DOCN,DOCN,Technology,Software—Infrastructure,
DOCS,DOCS,Healthcare,Health Information Services,
DOCU,DOCU,Technology,Software—Application,
DOGZ,DOGZ,Consumer Cyclical,Leisure,
DOLE,DOLE,Consumer Defensive,Farm Products,
DOMH,DOMH,Financial Services,Capital Markets,
DOMO,DOMO,Technology,Software—Application,
DOO,DOO,Consumer Cyclical,Recreational Vehicles,
DORM,DORM,Consumer Cyclical,Auto Parts,
DOUG,DOUG,Real Estate,Real Estate Services,
DOV,DOV,Industrials,,
DOW,DOW,Basic Materials,,
DOX,DOX,Technology,Software—Infrastructure,
DOYU,DOYU,Communication Services,Internet Content & Information,
DPRO,DPRO,Technology,Computer Hardware,
DPU,DPU,Industrials,,
DPZ,DPZ,Consumer Cyclical,,
DQ,DQ,Technology,Semiconductor Equipment & Materials,
DRCT,DRCT,Communication Services,Advertising Agencies,
DRD,DRD,Basic Materials,Gold,
DRH,DRH,Real Estate,REIT—Hotel & Motel,
DRI,DRI,Consumer Cyclical,,
DRIO,DRIO,Healthcare,Health Information Services,
DRS,DRS,Industrials,Aerospace & Defense,
DRVN,DRVN,Consumer Cyclical,Auto & Truck Dealerships,
DSGR,DSGR,Industrials,Industrial Distribution,
DSGX,DSGX,Technology,Software—Application,
DSM,DSM,Financial Services,Asset Management,
DSP,DSP,Technology,Software—Application,
DSS,DSS,Consumer Cyclical,Packaging & Containers,
DSWL,DSWL,Technology,Electronic Components,
DSX,DSX,Industrials,Marine Shipping,
DSY,DSY,Consumer Defensive,Household & Personal Products,
DT,DT,Technology,Software—Application,
DTCX,DTCX,Financial Services,Financial Data & Stock Exchanges,
DTE,DTE,Utilities,,
DTF,DTF,Financial Services,Asset Management,
DTI,DTI,Energy,Oil & Gas Equipment & Services,
DTIL,DTIL,Healthcare,Biotechnology,
DTM,DTM,Energy,Oil & Gas Midstream,
DTSS,DTSS,Technology,Software—Infrastructure,
DTST,DTST,Technology,Information Technology Services,
DUK,DUK,Utilities,,
DUK-PA,DUK-PA,Utilities,Utilities—Regulated Electric,
DUKR,DUKR,Industrials,Aerospace & Defense,
DUO,DUO,Real Estate,Real Estate Services,
DUOL,DUOL,Technology,Software—Application,
DUOT,DUOT,Technology,Software—Application,
DV,DV,Communication Services,Advertising Agencies,
DVA,DVA,Healthcare,,
DVLT,DVLT,Technology,Software—Infrastructure,
DVN,DVN,Energy,,
DWSN,DWSN,Energy,Oil & Gas Equipment & Services,
DX,DX,Real Estate,REIT—Mortgage,
DXC,DXC,Technology,Information Technology Services,
DXCM,DXCM,Healthcare,,
DXF,DXF,Financial Services,Credit Services,
DXLG,DXLG,Consumer Cyclical,Apparel Retail,
DXPE,DXPE,Industrials,Industrial Distribution,
DXR,DXR,Healthcare,Medical Instruments & Supplies,
DXST,DXST,Industrials,Waste Management,
DY,DY,Industrials,Engineering & Construction,
DYAI,DYAI,Healthcare,Biotechnology,
DYNC,DYNC,Financial Services,Shell Companies,
DYNCU,DYNCU,Financial Services,Shell Companies,
E,E,Energy,Oil & Gas Integrated,
EA,EA,Communication Services,,
EAF,EAF,Industrials,Electrical Equipment & Parts,
EARN,EARN,Financial Services,Asset Management,
EAT,EAT,Consumer Cyclical,Restaurants,
EBAY,EBAY,Consumer Cyclical,,
EBC,EBC,Financial Services,Banks—Regional,
EBF,EBF,Industrials,Business Equipment & Supplies,
EBMT,EBMT,Financial Services,Banks—Regional,
EBON,EBON,Technology,Computer Hardware,
EBS,EBS,Healthcare,Drug Manufacturers—Specialty & Generic,
EC,EC,Energy,Oil & Gas Integrated,
ECAT,ECAT,Financial Services,Asset Management,
ECBK,ECBK,Financial Services,Banks—Regional,
ECC,ECC,Financial Services,Asset Management,
ECC-PD,ECC-PD,Financial Services,Asset Management,
ECCC,ECCC,Financial Services,Asset Management,
ECG,ECG,Industrials,Engineering & Construction,
ECHO,ECHO,Communication Services,,
ECL,ECL,Basic Materials,,
ECO,ECO,Industrials,Marine Shipping,
ECOR,ECOR,Healthcare,Medical Devices,
ECPG,ECPG,Financial Services,Credit Services,
ECVT,ECVT,Basic Materials,Specialty Chemicals,
ECX,ECX,Consumer Cyclical,Auto Parts,
ED,ED,Utilities,,
EDBL,EDBL,Consumer Defensive,Farm Products,
EDD,EDD,Financial Services,Asset Management,
EDF,EDF,Financial Services,Asset Management,
EDHL,EDHL,Communication Services,Advertising Agencies,
EDIT,EDIT,Healthcare,Biotechnology,
EDN,EDN,Utilities,Utilities—Regulated Electric,
EDRY,EDRY,Industrials,Marine Shipping,
EDSA,EDSA,Healthcare,Biotechnology,
EDTK,EDTK,Consumer Defensive,Education & Training Services,
EDU,EDU,Consumer Defensive,Education & Training Services,
EDUC,EDUC,Communication Services,Publishing,
EE,EE,Energy,Oil & Gas Midstream,
EEA,EEA,Financial Services,Asset Management,
EEFT,EEFT,Technology,Software—Infrastructure,
EEIQ,EEIQ,Consumer Defensive,Education & Training Services,
EFC,EFC,Real Estate,REIT—Mortgage,
EFOI,EFOI,Consumer Cyclical,"Furnishings, Fixtures & Appliances",
EFOR,EFOR,Technology,Information Technology Services,
EFR,EFR,Financial Services,Asset Management,
EFSC,EFSC,Financial Services,Banks—Regional,
EFSI,EFSI,Financial Services,Banks—Regional,
EFT,EFT,Financial Services,Asset Management,
EFTY,EFTY,Industrials,,
EFX,EFX,Industrials,,
EFXT,EFXT,Energy,Oil & Gas Equipment & Services,
EG,EG,Financial Services,,
EGAN,EGAN,Technology,Software—Application,
EGBN,EGBN,Financial Services,Banks—Regional,
EGG,EGG,Industrials,Consulting Services,
EGHT,EGHT,Technology,Software—Application,
EGO,EGO,Basic Materials,Gold,
EGP,EGP,Real Estate,REIT—Industrial,
EGY,EGY,Energy,Oil & Gas E&P,
EH,EH,Industrials,Aerospace & Defense,
EHC,EHC,Healthcare,Medical Care Facilities,
EHGO,EHGO,Industrials,Business Equipment & Supplies,
EHLD,EHLD,Industrials,Marine Shipping,
EHTH,EHTH,Financial Services,Insurance Brokers,
EIC,EIC,Financial Services,Asset Management,
EIG,EIG,Financial Services,Insurance—Specialty,
EIM,EIM,Financial Services,Asset Management,
EIX,EIX,Utilities,,
EJH,EJH,Consumer Cyclical,Personal Services,
EL,EL,Consumer Defensive,,
ELA,ELA,Consumer Cyclical,Luxury Goods,
ELAB,ELAB,Healthcare,Biotechnology,
ELAN,ELAN,Healthcare,Drug Manufacturers—Specialty & Generic,
ELE,ELE,Basic Materials,Other Precious Metals & Mining,
ELF,ELF,Consumer Defensive,Household & Personal Products,
ELLO,ELLO,Utilities,Utilities—Renewable,
ELMD,ELMD,Healthcare,Medical Devices,
ELME,ELME,Real Estate,REIT—Residential,
ELMT,ELMT,Industrials,Aerospace & Defense,
ELOG,ELOG,Industrials,Integrated Freight & Logistics,
ELPC,ELPC,Utilities,Utilities—Regulated Electric,
ELPW,ELPW,Industrials,Electrical Equipment & Parts,
ELS,ELS,Real Estate,REIT—Residential,
ELSE,ELSE,Technology,Scientific & Technical Instruments,
ELTK,ELTK,Technology,Electronic Components,
ELTX,ELTX,Healthcare,Biotechnology,
ELUT,ELUT,Healthcare,Medical Devices,
ELV,ELV,Healthcare,,
ELVA,ELVA,Industrials,Electrical Equipment & Parts,
ELVR,ELVR,Basic Materials,Other Industrial Metals & Mining,
ELWT,ELWT,Communication Services,Telecom Services,
EMA,EMA,Utilities,Utilities—Regulated Electric,
EMAT,EMAT,Basic Materials,Other Industrial Metals & Mining,
EMBC,EMBC,Healthcare,Medical Instruments & Supplies,
EMBJ,EMBJ,Industrials,Aerospace & Defense,
EME,EME,Industrials,,
EMF,EMF,Financial Services,Asset Management,
EML,EML,Industrials,Tools & Accessories,
EMN,EMN,Basic Materials,Specialty Chemicals,
EMO,EMO,Financial Services,Asset Management,
EMPD,EMPD,Consumer Cyclical,Auto Manufacturers,
EMPG,EMPG,Healthcare,,
EMR,EMR,Industrials,,
ENB,ENB,Energy,Oil & Gas Midstream,
ENGS,ENGS,Industrials,Waste Management,
ENIC,ENIC,Utilities,Utilities—Regulated Electric,
ENLT,ENLT,Utilities,Utilities—Renewable,
ENOV,ENOV,Healthcare,Medical Devices,
ENPH,ENPH,Technology,Solar,
ENR,ENR,Industrials,Electrical Equipment & Parts,
ENS,ENS,Industrials,Electrical Equipment & Parts,
ENSC,ENSC,Healthcare,Biotechnology,
ENSG,ENSG,Healthcare,Medical Care Facilities,
ENTA,ENTA,Healthcare,Biotechnology,
ENTG,ENTG,Technology,Semiconductor Equipment & Materials,
ENTX,ENTX,Healthcare,Biotechnology,
ENVA,ENVA,Financial Services,Credit Services,
ENVX,ENVX,Industrials,Electrical Equipment & Parts,
EOG,EOG,Energy,,
EOI,EOI,Financial Services,Asset Management,
EOLS,EOLS,Healthcare,Drug Manufacturers—Specialty & Generic,
EONR,EONR,Energy,Oil & Gas E&P,
EOSE,EOSE,Industrials,Electrical Equipment & Parts,
EP,EP,Energy,Oil & Gas E&P,
EPAC,EPAC,Industrials,Specialty Industrial Machinery,
EPAM,EPAM,Technology,Information Technology Services,
EPC,EPC,Consumer Defensive,Household & Personal Products,
EPD,EPD,Energy,Oil & Gas Midstream,
EPM,EPM,Energy,Oil & Gas E&P,
EPOW,EPOW,Industrials,Electrical Equipment & Parts,
EPR,EPR,Real Estate,REIT—Specialty,
EPR-PE,EPR-PE,Real Estate,REIT—Specialty,
EPR-PG,EPR-PG,Real Estate,REIT—Specialty,
EPRT,EPRT,Real Estate,REIT—Retail,
EPSM,EPSM,Consumer Defensive,Beverages—Wineries & Distilleries,
EPSN,EPSN,Energy,Oil & Gas E&P,
EQ,EQ,Healthcare,Biotechnology,
EQBK,EQBK,Financial Services,Banks—Regional,
EQH,EQH,Financial Services,Asset Management,
EQH-PA,EQH-PA,Financial Services,Asset Management,
EQH-PC,EQH-PC,Financial Services,Asset Management,
EQIX,EQIX,Real Estate,,
EQNR,EQNR,Energy,Oil & Gas Integrated,
EQPT,EQPT,Industrials,Rental & Leasing Services,
EQR,EQR,Real Estate,,
EQS,EQS,Financial Services,Asset Management,
EQT,EQT,Energy,,
EQX,EQX,Basic Materials,Gold,
ERC,ERC,Financial Services,Asset Management,
ERH,ERH,Financial Services,Asset Management,
ERIC,ERIC,Technology,Communication Equipment,
ERIE,ERIE,Financial Services,,
ERII,ERII,Industrials,Pollution & Treatment Controls,
ERNA,ERNA,Healthcare,Biotechnology,
ERO,ERO,Basic Materials,Copper,
ES,ES,Utilities,,
ESAB,ESAB,Industrials,Metal Fabrication,
ESBA,ESBA,Real Estate,REIT—Office,
ESCA,ESCA,Consumer Cyclical,Leisure,
ESE,ESE,Technology,Scientific & Technical Instruments,
ESEA,ESEA,Industrials,Marine Shipping,
ESI,ESI,Basic Materials,Specialty Chemicals,
ESLT,ESLT,Industrials,Aerospace & Defense,
ESNT,ESNT,Financial Services,Insurance—Specialty,
ESOA,ESOA,Industrials,Engineering & Construction,
ESP,ESP,Industrials,Electrical Equipment & Parts,
ESQ,ESQ,Financial Services,Banks—Regional,
ESRT,ESRT,Real Estate,REIT—Diversified,
ESS,ESS,Real Estate,,
ESTA,ESTA,Healthcare,Medical Devices,
ESTC,ESTC,Technology,Software—Application,
ET,ET,Energy,Oil & Gas Midstream,
ET-PI,ET-PI,Energy,Oil & Gas Midstream,
ETB,ETB,Financial Services,Asset Management,
ETD,ETD,Consumer Cyclical,"Furnishings, Fixtures & Appliances",
ETG,ETG,Financial Services,Asset Management,
ETN,ETN,Industrials,,
ETO,ETO,Financial Services,Asset Management,
ETON,ETON,Healthcare,Drug Manufacturers—Specialty & Generic,
ETOR,ETOR,Financial Services,Capital Markets,
ETR,ETR,Utilities,,
ETS,ETS,Industrials,Trucking,
ETSY,ETSY,Consumer Cyclical,Internet Retail,
ETV,ETV,Financial Services,Asset Management,
ETW,ETW,Financial Services,Asset Management,
ETY,ETY,Financial Services,Asset Management,
EU,EU,Energy,Uranium,
EUDA,EUDA,Real Estate,Real Estate Services,
EVAX,EVAX,Healthcare,Biotechnology,
EVC,EVC,Communication Services,Advertising Agencies,
EVCM,EVCM,Technology,Software—Application,
EVER,EVER,Communication Services,Internet Content & Information,
EVF,EVF,Financial Services,Asset Management,
EVG,EVG,Financial Services,Asset Management,
EVGN,EVGN,Healthcare,Biotechnology,
EVGO,EVGO,Consumer Cyclical,Specialty Retail,
EVH,EVH,Healthcare,Health Information Services,
EVI,EVI,Industrials,Industrial Distribution,
EVLV,EVLV,Industrials,Security & Protection Services,
EVMN,EVMN,Healthcare,Biotechnology,
EVN,EVN,Financial Services,Asset Management,
EVO,EVO,Healthcare,Drug Manufacturers—Specialty & Generic,
EVR,EVR,Financial Services,Capital Markets,
EVRG,EVRG,Utilities,,
EVT,EVT,Financial Services,Asset Management,
EVTC,EVTC,Technology,Software—Infrastructure,
EVTL,EVTL,Industrials,Aerospace & Defense,
EVV,EVV,Financial Services,Asset Management,
EW,EW,Healthcare,,
EWBC,EWBC,Financial Services,Banks—Regional,
EXC,EXC,Utilities,,
EXE,EXE,Energy,,
EXEL,EXEL,Healthcare,Biotechnology,
EXFY,EXFY,Technology,Software—Application,
EXG,EXG,Financial Services,Asset Management,
EXK,EXK,Basic Materials,Silver,
EXLS,EXLS,Technology,Information Technology Services,
EXOD,EXOD,Technology,Software—Infrastructure,
EXOZ,EXOZ,Healthcare,Biotechnology,
EXP,EXP,Basic Materials,Building Materials,
EXPD,EXPD,Industrials,,
EXPE,EXPE,Consumer Cyclical,,
EXPO,EXPO,Industrials,Engineering & Construction,
EXR,EXR,Real Estate,,
EXTR,EXTR,Technology,Communication Equipment,
EYE,EYE,Consumer Cyclical,Specialty Retail,
EYPT,EYPT,Healthcare,Biotechnology,
EZGO,EZGO,Consumer Cyclical,Recreational Vehicles,
EZPW,EZPW,Financial Services,Credit Services,
EZRA,EZRA,Financial Services,Insurance Brokers,
F,F,Consumer Cyclical,,
FA,FA,Industrials,Specialty Business Services,
FABC,FABC,Technology,Semiconductors,
FAF,FAF,Financial Services,Insurance—Specialty,
FAMI,FAMI,Consumer Defensive,Packaged Foods,
FANG,FANG,Energy,,
FAST,FAST,Industrials,,
FATE,FATE,Healthcare,Biotechnology,
FATN,FATN,Technology,Software—Infrastructure,
FAX,FAX,Financial Services,Asset Management,
FBGL,FBGL,Industrials,Engineering & Construction,
FBIN,FBIN,Industrials,Building Products & Equipment,
FBIO,FBIO,Healthcare,Biotechnology,
FBIZ,FBIZ,Financial Services,Banks—Regional,
FBK,FBK,Financial Services,Banks—Regional,
FBLA,FBLA,Financial Services,Banks—Regional,
FBNC,FBNC,Financial Services,Banks—Regional,
FBP,FBP,Financial Services,Banks—Regional,
FBRT,FBRT,Real Estate,REIT—Mortgage,
FBYD,FBYD,Industrials,Conglomerates,
FC,FC,Consumer Defensive,Education & Training Services,
FCAP,FCAP,Financial Services,Banks—Regional,
FCBC,FCBC,Financial Services,Banks—Regional,
FCCO,FCCO,Financial Services,Banks—Regional,
FCEL,FCEL,Industrials,Electrical Equipment & Parts,
FCF,FCF,Financial Services,Banks—Regional,
FCFS,FCFS,Financial Services,Credit Services,
FCHL,FCHL,Consumer Defensive,Education & Training Services,
FCN,FCN,Industrials,Consulting Services,
FCNCA,FCNCA,Financial Services,Banks—Regional,
FCPT,FCPT,Real Estate,REIT—Retail,
FCT,FCT,Financial Services,Asset Management,
FCUV,FCUV,Technology,Scientific & Technical Instruments,
FCX,FCX,Basic Materials,,
FDBC,FDBC,Financial Services,Banks—Regional,
FDMT,FDMT,Healthcare,Biotechnology,
FDS,FDS,Financial Services,,
FDSB,FDSB,Financial Services,Banks—Regional,
FDUS,FDUS,Financial Services,Asset Management,
FDX,FDX,Industrials,,
FDXF,FDXF,Industrials,,
FE,FE,Utilities,,
FEBO,FEBO,Technology,Consumer Electronics,
FEDU,FEDU,Consumer Defensive,Education & Training Services,
FEED,FEED,Healthcare,Medical Devices,
FEIM,FEIM,Technology,Communication Equipment,
FELE,FELE,Industrials,Specialty Industrial Machinery,
FEMY,FEMY,Healthcare,Medical Instruments & Supplies,
FENC,FENC,Healthcare,Biotechnology,
FENG,FENG,Communication Services,Internet Content & Information,
FER,FER,Industrials,Engineering & Construction,
FERG,FERG,Industrials,Industrial Distribution,
FET,FET,Energy,Oil & Gas Equipment & Services,
FF,FF,Basic Materials,Specialty Chemicals,
FFA,FFA,Financial Services,Asset Management,
FFAI,FFAI,Consumer Cyclical,Auto Manufacturers,
FFBC,FFBC,Financial Services,Banks—Regional,
FFC,FFC,Financial Services,Asset Management,
FFIN,FFIN,Financial Services,Banks—Regional,
FFIV,FFIV,Technology,,
FG,FG,Financial Services,Insurance—Life,
FGBI,FGBI,Financial Services,Banks—Regional,
FGI,FGI,Consumer Cyclical,"Furnishings, Fixtures & Appliances",
FGL,FGL,Industrials,Engineering & Construction,
FGNX,FGNX,Financial Services,Asset Management,
FHB,FHB,Financial Services,Banks—Regional,
FHI,FHI,Financial Services,Asset Management,
FHN,FHN,Financial Services,Banks—Regional,
FHTX,FHTX,Healthcare,Biotechnology,
FIBK,FIBK,Financial Services,Banks—Regional,
FICO,FICO,Technology,,
FIEE,FIEE,Technology,Communication Equipment,
FIG,FIG,Technology,Software—Application,
FIGR,FIGR,Financial Services,Capital Markets,
FIGS,FIGS,Consumer Cyclical,Apparel Manufacturing,
FINV,FINV,Financial Services,Credit Services,
FINW,FINW,Financial Services,Banks—Regional,
FIP,FIP,Industrials,Conglomerates,
FIRY,FIRY,Communication Services,Electronic Gaming & Multimedia,
FIS,FIS,Financial Services,,
FISI,FISI,Financial Services,Banks—Regional,
FISV,FISV,Financial Services,,
FITB,FITB,Financial Services,,
FIVE,FIVE,Consumer Cyclical,Specialty Retail,
FIVN,FIVN,Technology,Software—Infrastructure,
FIX,FIX,Industrials,,
FIZZ,FIZZ,Consumer Defensive,Beverages—Non-Alcoholic,
FKWL,FKWL,Technology,Communication Equipment,
FLC,FLC,Financial Services,Asset Management,
FLD,FLD,Financial Services,Capital Markets,
FLEX,FLEX,Technology,,
FLG,FLG,Financial Services,Banks—Regional,
FLGT,FLGT,Healthcare,Diagnostics & Research,
FLL,FLL,Consumer Cyclical,Resorts & Casinos,
FLNC,FLNC,Utilities,Utilities—Renewable,
FLNG,FLNG,Energy,Oil & Gas Midstream,
FLNT,FLNT,Communication Services,Advertising Agencies,
FLO,FLO,Consumer Defensive,Packaged Foods,
FLOC,FLOC,Energy,Oil & Gas Equipment & Services,
FLR,FLR,Industrials,Engineering & Construction,
FLS,FLS,Industrials,Specialty Industrial Machinery,
FLUT,FLUT,Consumer Cyclical,Gambling,
FLUX,FLUX,Industrials,Electrical Equipment & Parts,
FLWS,FLWS,Consumer Cyclical,Specialty Retail,
FLX,FLX,Industrials,Integrated Freight & Logistics,
FLXS,FLXS,Consumer Cyclical,"Furnishings, Fixtures & Appliances",
FLY,FLY,Industrials,Aerospace & Defense,
FLYE,FLYE,Consumer Cyclical,Auto Manufacturers,
FLYW,FLYW,Technology,Software—Infrastructure,
FLYX,FLYX,Industrials,Airlines,
FLZH,FLZH,Communication Services,Broadcasting,
FMAO,FMAO,Financial Services,Banks—Regional,
FMBH,FMBH,Financial Services,Banks—Regional,
FMC,FMC,Basic Materials,Agricultural Inputs,
FMFC,FMFC,Consumer Cyclical,Footwear & Accessories,
FMN,FMN,Financial Services,Asset Management,
FMNB,FMNB,Financial Services,Banks—Regional,
FMS,FMS,Healthcare,Medical Care Facilities,
FMX,FMX,Consumer Defensive,Beverages—Brewers,
FMY,FMY,Financial Services,Asset Management,
FN,FN,Technology,Electronic Components,
FNB,FNB,Financial Services,Banks—Regional,
FND,FND,Consumer Cyclical,Home Improvement Retail,
FNF,FNF,Financial Services,Insurance—Specialty,
FNGR,FNGR,Communication Services,Telecom Services,
FNKO,FNKO,Consumer Cyclical,Leisure,
FNLC,FNLC,Financial Services,Banks—Regional,
FNRN,FNRN,Financial Services,Banks—Regional,
FNV,FNV,Basic Materials,Gold,
FNWB,FNWB,Financial Services,Banks—Regional,
FNWD,FNWD,Financial Services,Banks—Regional,
FOA,FOA,Financial Services,Credit Services,
FOCL,FOCL,Healthcare,Medical Distribution,
FOFO,FOFO,Industrials,Consulting Services,
FOR,FOR,Real Estate,Real Estate—Development,
FORM,FORM,Technology,Semiconductor Equipment & Materials,
FORR,FORR,Industrials,Consulting Services,
FORTY,FORTY,Technology,Information Technology Services,
FOSL,FOSL,Consumer Cyclical,Footwear & Accessories,
FOUR,FOUR,Technology,Software—Infrastructure,
FOX,FOX,Communication Services,,
FOXA,FOXA,Communication Services,,
FOXF,FOXF,Consumer Cyclical,Auto Parts,
FOXX,FOXX,Technology,Consumer Electronics,
FPH,FPH,Real Estate,Real Estate—Development,
FPI,FPI,Real Estate,REIT—Specialty,
FPS,FPS,Industrials,Electrical Equipment & Parts,
FR,FR,Real Estate,REIT—Industrial,
FRA,FRA,Financial Services,Asset Management,
FRAF,FRAF,Financial Services,Banks—Regional,
FRD,FRD,Basic Materials,Steel,
FRGT,FRGT,Technology,Software—Application,
FRHC,FRHC,Financial Services,Financial Conglomerates,
FRME,FRME,Financial Services,Banks—Regional,
FRMI,FRMI,Real Estate,REIT—Specialty,
FRMM,FRMM,Technology,Software—Application,
FRNM,FRNM,Healthcare,Diagnostics & Research,
FRO,FRO,Energy,Oil & Gas Midstream,
FROG,FROG,Technology,Software—Application,
FRPH,FRPH,Real Estate,Real Estate Services,
FRPT,FRPT,Consumer Defensive,Packaged Foods,
FRSH,FRSH,Technology,Software—Application,
FRST,FRST,Financial Services,Banks—Regional,
FRSX,FRSX,Consumer Cyclical,Auto Parts,
FRT,FRT,Real Estate,,
FSBC,FSBC,Financial Services,Banks—Regional,
FSBW,FSBW,Financial Services,Banks—Regional,
FSEA,FSEA,Financial Services,Banks—Regional,
FSI,FSI,Basic Materials,Specialty Chemicals,
FSK,FSK,Financial Services,Asset Management,
FSLR,FSLR,Technology,,
FSLY,FSLY,Technology,Software—Application,
FSM,FSM,Basic Materials,Gold,
FSP,FSP,Real Estate,REIT—Office,
FSS,FSS,Industrials,Farm & Heavy Construction Machinery,
FSTR,FSTR,Industrials,Railroads,
FSUN,FSUN,Financial Services,Banks—Regional,
FSV,FSV,Real Estate,Real Estate Services,
FT,FT,Financial Services,Asset Management,
FTAI,FTAI,Industrials,Aerospace & Defense,
FTCI,FTCI,Technology,Solar,
FTDR,FTDR,Consumer Cyclical,Personal Services,
FTEK,FTEK,Industrials,Pollution & Treatment Controls,
FTF,FTF,Financial Services,Asset Management,
FTFT,FTFT,Technology,Software—Application,
FTHM,FTHM,Real Estate,Real Estate Services,
FTI,FTI,Energy,Oil & Gas Equipment & Services,
FTK,FTK,Energy,Oil & Gas Equipment & Services,
FTLF,FTLF,Consumer Defensive,Packaged Foods,
FTNT,FTNT,Technology,,
FTRE,FTRE,Healthcare,Biotechnology,
FTRK,FTRK,Communication Services,Entertainment,
FTS,FTS,Utilities,Utilities—Regulated Electric,
FTV,FTV,Industrials,,
FTW,FTW,Energy,Oil & Gas E&P,
FUBO,FUBO,Communication Services,Broadcasting,
FUFU,FUFU,Financial Services,Capital Markets,
FUL,FUL,Basic Materials,Specialty Chemicals,
FULC,FULC,Healthcare,Biotechnology,
FULT,FULT,Financial Services,Banks—Regional,
FUN,FUN,Consumer Cyclical,Leisure,
FUNC,FUNC,Financial Services,Banks—Regional,
FUND,FUND,Financial Services,Asset Management,
FUSB,FUSB,Financial Services,Banks—Regional,
FUSE,FUSE,Technology,Software—Application,
FUTU,FUTU,Financial Services,Capital Markets,
FVCB,FVCB,Financial Services,Banks—Regional,
FVR,FVR,Real Estate,REIT—Diversified,
FVRR,FVRR,Communication Services,Internet Content & Information,
FWDI,FWDI,Consumer Cyclical,Footwear & Accessories,
FWONA,FWONA,Communication Services,Entertainment,
FWONK,FWONK,Communication Services,Entertainment,
FWRD,FWRD,Industrials,Integrated Freight & Logistics,
FWRG,FWRG,Consumer Cyclical,Restaurants,
FXHO,FXHO,Technology,Consumer Electronics,
FXNC,FXNC,Financial Services,Banks—Regional,
G,G,Technology,Information Technology Services,
GAB,GAB,Financial Services,Asset Management,
GABC,GABC,Financial Services,Banks—Regional,
GAIA,GAIA,Communication Services,Entertainment,
GAIN,GAIN,Financial Services,Asset Management,
GAM,GAM,Financial Services,Asset Management,
GAME,GAME,Communication Services,Electronic Gaming & Multimedia,
GANX,GANX,Healthcare,Biotechnology,
GAP,GAP,Consumer Cyclical,Apparel Retail,
GASS,GASS,Industrials,Marine Shipping,
GATX,GATX,Industrials,Rental & Leasing Services,
GAUZ,GAUZ,Technology,Electronic Components,
GBCI,GBCI,Financial Services,Banks—Regional,
GBDC,GBDC,Financial Services,Asset Management,
GBFH,GBFH,Financial Services,Banks—Regional,
GBLI,GBLI,Financial Services,Insurance—Property & Casualty,
GBTG,GBTG,Consumer Cyclical,Travel Services,
GBX,GBX,Industrials,Railroads,
GCBC,GCBC,Financial Services,Banks—Regional,
GCL,GCL,Communication Services,Electronic Gaming & Multimedia,
GCMG,GCMG,Financial Services,Asset Management,
GCO,GCO,Consumer Cyclical,Apparel Retail,
GCT,GCT,Technology,Software—Infrastructure,
GCTS,GCTS,Technology,Semiconductors,
GD,GD,Industrials,,
GDC,GDC,Communication Services,Electronic Gaming & Multimedia,
GDDY,GDDY,Technology,,
GDEV,GDEV,Communication Services,Electronic Gaming & Multimedia,
GDHG,GDHG,Consumer Cyclical,Leisure,
GDOT,GDOT,Financial Services,Credit Services,
GDRX,GDRX,Healthcare,Health Information Services,
GDS,GDS,Technology,Information Technology Services,
GDTC,GDTC,Healthcare,Biotechnology,
GDYN,GDYN,Technology,Information Technology Services,
GE,GE,Industrials,,
GECC,GECC,Financial Services,Asset Management,
GEF,GEF,Consumer Cyclical,Packaging & Containers,
GEF-B,GEF-B,Consumer Cyclical,Packaging & Containers,
GEG,GEG,Financial Services,Asset Management,
GEHC,GEHC,Healthcare,,
GELS,GELS,Healthcare,Drug Manufacturers—Specialty & Generic,
GEMI,GEMI,Financial Services,Capital Markets,
GEN,GEN,Technology,,
GENB,GENB,Healthcare,Biotechnology,
GENC,GENC,Industrials,Farm & Heavy Construction Machinery,
GENI,GENI,Communication Services,Internet Content & Information,
GENK,GENK,Consumer Cyclical,Restaurants,
GEO,GEO,Industrials,Security & Protection Services,
GEOS,GEOS,Energy,Oil & Gas Equipment & Services,
GERN,GERN,Healthcare,Biotechnology,
GETY,GETY,Communication Services,Internet Content & Information,
GEV,GEV,Industrials,,
GEVO,GEVO,Basic Materials,Specialty Chemicals,
GF,GF,Financial Services,Asset Management,
GFAI,GFAI,Industrials,Security & Protection Services,
GFF,GFF,Industrials,Building Products & Equipment,
GFI,GFI,Basic Materials,Gold,
GFL,GFL,Industrials,Waste Management,
GFR,GFR,Energy,Oil & Gas E&P,
GFS,GFS,Technology,Semiconductors,
GGAL,GGAL,Financial Services,Banks—Regional,
GGB,GGB,Basic Materials,Steel,
GGG,GGG,Industrials,Specialty Industrial Machinery,
GGN,GGN,Financial Services,Asset Management,
GGR,GGR,Consumer Cyclical,Auto Manufacturers,
GGRP,GGRP,Technology,Software—Infrastructure,
GGT,GGT,Financial Services,Asset Management,
GH,GH,Healthcare,Diagnostics & Research,
GHC,GHC,Industrials,Conglomerates,
GHG,GHG,Consumer Cyclical,Lodging,
GHI,GHI,Financial Services,Mortgage Finance,
GHM,GHM,Industrials,Specialty Industrial Machinery,
GIB,GIB,Technology,Information Technology Services,
GIBO,GIBO,Communication Services,Internet Content & Information,
GIC,GIC,Industrials,Industrial Distribution,
GIFT,GIFT,Communication Services,Internet Content & Information,
GIGM,GIGM,Communication Services,Electronic Gaming & Multimedia,
GIII,GIII,Consumer Cyclical,Apparel Manufacturing,
GIL,GIL,Consumer Cyclical,Apparel Manufacturing,
GILD,GILD,Healthcare,,
GILT,GILT,Technology,Communication Equipment,
GIPR,GIPR,Real Estate,REIT—Diversified,
GIS,GIS,Consumer Defensive,,
GITS,GITS,Communication Services,Internet Content & Information,
GKOS,GKOS,Healthcare,Medical Devices,
GL,GL,Financial Services,,
GLAD,GLAD,Financial Services,Asset Management,
GLAS,GLAS,Healthcare,Drug Manufacturers—Specialty & Generic,
GLBE,GLBE,Consumer Cyclical,Internet Retail,
GLBS,GLBS,Industrials,Marine Shipping,
GLE,GLE,Technology,Information Technology Services,
GLIBA,GLIBA,Communication Services,Telecom Services,
GLIBK,GLIBK,Communication Services,Telecom Services,
GLNG,GLNG,Energy,Oil & Gas Midstream,
GLO,GLO,Financial Services,Asset Management,
GLOB,GLOB,Technology,Information Technology Services,
GLOO,GLOO,Technology,Software—Application,
GLP,GLP,Energy,Oil & Gas Midstream,
GLPI,GLPI,Real Estate,REIT—Specialty,
GLQ,GLQ,Financial Services,Asset Management,
GLRE,GLRE,Financial Services,Insurance—Reinsurance,
GLUE,GLUE,Healthcare,Biotechnology,
GLV,GLV,Financial Services,Asset Management,
GLW,GLW,Technology,,
GLXG,GLXG,Industrials,Staffing & Employment Services,
GLXY,GLXY,Financial Services,Capital Markets,
GM,GM,Consumer Cyclical,,
GMAB,GMAB,Healthcare,Biotechnology,
GME,GME,Consumer Cyclical,Specialty Retail,
GMED,GMED,Healthcare,Medical Devices,
GMEX,GMEX,Technology,Consumer Electronics,
GMHS,GMHS,Communication Services,Electronic Gaming & Multimedia,
GMM,GMM,Technology,Information Technology Services,
GNE,GNE,Utilities,Utilities—Regulated Electric,
GNK,GNK,Industrials,Marine Shipping,
GNL,GNL,Real Estate,REIT—Diversified,
GNLN,GNLN,Consumer Defensive,Tobacco,
GNLX,GNLX,Healthcare,Biotechnology,
GNRC,GNRC,Industrials,,
GNSS,GNSS,Technology,Scientific & Technical Instruments,
GNTX,GNTX,Consumer Cyclical,Auto Parts,
GNW,GNW,Financial Services,Insurance—Life,
GO,GO,Consumer Defensive,Grocery Stores,
GOAI,GOAI,Technology,Software—Infrastructure,
GOGO,GOGO,Communication Services,Telecom Services,
GOLD,GOLD,Financial Services,Capital Markets,
GOLF,GOLF,Consumer Cyclical,Leisure,
GOOD,GOOD,Real Estate,REIT—Diversified,
GOODN,GOODN,Real Estate,REIT—Diversified,
GOODO,GOODO,Real Estate,REIT—Diversified,
GOOG,GOOG,Communication Services,,
GOOGL,GOOGL,Communication Services,,
GOOS,GOOS,Consumer Cyclical,Apparel Manufacturing,
GORO,GORO,Basic Materials,Other Precious Metals & Mining,
GOSS,GOSS,Healthcare,Biotechnology,
GOTU,GOTU,Consumer Defensive,Education & Training Services,
GOVX,GOVX,Healthcare,Biotechnology,
GP,GP,Industrials,Farm & Heavy Construction Machinery,
GPATU,GPATU,Financial Services,Shell Companies,
GPC,GPC,Consumer Cyclical,,
GPGI,GPGI,Industrials,Metal Fabrication,
GPI,GPI,Consumer Cyclical,Auto & Truck Dealerships,
GPK,GPK,Consumer Cyclical,Packaging & Containers,
GPMT,GPMT,Real Estate,REIT—Mortgage,
GPMT-PA,GPMT-PA,Real Estate,REIT—Mortgage,
GPN,GPN,Financial Services,,
GPOR,GPOR,Energy,Oil & Gas E&P,
GPRE,GPRE,Basic Materials,Chemicals,
GPRK,GPRK,Energy,Oil & Gas E&P,
GPRO,GPRO,Technology,Consumer Electronics,
GPUS,GPUS,Industrials,Conglomerates,
GRAB,GRAB,Technology,Software—Application,
GRAF,GRAF,Financial Services,,
GRAL,GRAL,Healthcare,Diagnostics & Research,
GRAN,GRAN,Financial Services,Capital Markets,
GRBK,GRBK,Consumer Cyclical,Residential Construction,
GRBK-PA,GRBK-PA,Consumer Cyclical,Residential Construction,
GRC,GRC,Industrials,Specialty Industrial Machinery,
GRDN,GRDN,Healthcare,Medical Care Facilities,
GRF,GRF,Financial Services,Asset Management,
GRFS,GRFS,Healthcare,Drug Manufacturers—General,
GRMN,GRMN,Consumer Cyclical,,
GRND,GRND,Technology,Software—Application,
GRNQ,GRNQ,Industrials,Consulting Services,
GRNT,GRNT,Energy,Oil & Gas E&P,
GROV,GROV,Consumer Defensive,Household & Personal Products,
GROW,GROW,Financial Services,Asset Management,
GROY,GROY,Basic Materials,Gold,
GRPN,GRPN,Communication Services,Internet Content & Information,
GRRR,GRRR,Technology,Software—Infrastructure,
GRVY,GRVY,Communication Services,Electronic Gaming & Multimedia,
GRWG,GRWG,Consumer Cyclical,Specialty Retail,
GS,GS,Financial Services,,
GSAT,GSAT,Communication Services,Telecom Services,
GSBC,GSBC,Financial Services,Banks—Regional,
GSBD,GSBD,Financial Services,Asset Management,
GSHD,GSHD,Financial Services,Insurance Brokers,
GSIT,GSIT,Technology,Semiconductors,
GSIW,GSIW,Financial Services,Capital Markets,
GSK,GSK,Healthcare,Drug Manufacturers—General,
GSL,GSL,Industrials,Marine Shipping,
GSM,GSM,Basic Materials,Other Industrial Metals & Mining,
GSUN,GSUN,Consumer Defensive,Education & Training Services,
GT,GT,Consumer Cyclical,Auto Parts,
GTE,GTE,Energy,Oil & Gas E&P,
GTEC,GTEC,Consumer Cyclical,Auto Parts,
GTES,GTES,Industrials,Specialty Industrial Machinery,
GTIM,GTIM,Consumer Cyclical,Restaurants,
GTLB,GTLB,Technology,Software—Infrastructure,
GTM,GTM,Technology,Software—Application,
GTN,GTN,Communication Services,Broadcasting,
GTN-A,GTN-A,Communication Services,Broadcasting,
GTX,GTX,Consumer Cyclical,Auto Parts,
GTY,GTY,Real Estate,REIT—Retail,
GURE,GURE,Basic Materials,Chemicals,
GUT,GUT,Financial Services,Asset Management,
GUTS,GUTS,Healthcare,Biotechnology,
GVA,GVA,Industrials,Engineering & Construction,
GVH,GVH,Industrials,Integrated Freight & Logistics,
GWAV,GWAV,Industrials,Waste Management,
GWH,GWH,Industrials,Electrical Equipment & Parts,
GWRE,GWRE,Technology,Software—Application,
GWRS,GWRS,Utilities,Utilities—Regulated Water,
GWW,GWW,Industrials,,
GXAI,GXAI,Communication Services,Electronic Gaming & Multimedia,
GXO,GXO,Industrials,Integrated Freight & Logistics,
GYRE,GYRE,Healthcare,Biotechnology,
H,H,Consumer Cyclical,Lodging,
HAE,HAE,Healthcare,Medical Devices,
HAFC,HAFC,Financial Services,Banks—Regional,
HAFN,HAFN,Industrials,Marine Shipping,
HAIN,HAIN,Consumer Defensive,Packaged Foods,
HAL,HAL,Energy,,
HALO,HALO,Healthcare,Biotechnology,
HAO,HAO,Communication Services,Advertising Agencies,
HAPN,HAPN,Financial Services,Banks—Regional,
HAS,HAS,Consumer Cyclical,,
HASI,HASI,Financial Services,Asset Management,
HAYW,HAYW,Industrials,Electrical Equipment & Parts,
HBAN,HBAN,Financial Services,,
HBB,HBB,Consumer Cyclical,"Furnishings, Fixtures & Appliances",
HBCP,HBCP,Financial Services,Banks—Regional,
HBIO,HBIO,Healthcare,Medical Instruments & Supplies,
HBM,HBM,Basic Materials,Copper,
HBNB,HBNB,Real Estate,Real Estate Services,
HBNC,HBNC,Financial Services,Banks—Regional,
HBT,HBT,Financial Services,Banks—Regional,
HCA,HCA,Healthcare,,
HCAI,HCAI,Industrials,Farm & Heavy Construction Machinery,
HCAT,HCAT,Healthcare,Health Information Services,
HCC,HCC,Basic Materials,Coking Coal,
HCHL,HCHL,Consumer Cyclical,,
HCI,HCI,Financial Services,Insurance—Property & Casualty,
HCKT,HCKT,Technology,Information Technology Services,
HCM,HCM,Healthcare,Drug Manufacturers—Specialty & Generic,
HCSG,HCSG,Healthcare,Medical Care Facilities,
HCTI,HCTI,Healthcare,Health Information Services,
HCWB,HCWB,Healthcare,Biotechnology,
HD,HD,Consumer Cyclical,,
HDB,HDB,Financial Services,Banks—Regional,
HDL,HDL,Consumer Cyclical,Restaurants,
HDSN,HDSN,Basic Materials,Specialty Chemicals,
HE,HE,Utilities,Utilities—Regulated Electric,
HEI,HEI,Industrials,Aerospace & Defense,
HELE,HELE,Consumer Defensive,Household & Personal Products,
HELP,HELP,Healthcare,Biotechnology,
HEPS,HEPS,Consumer Cyclical,Internet Retail,
HERE,HERE,Consumer Cyclical,Leisure,
HESM,HESM,Energy,Oil & Gas Midstream,
HFBL,HFBL,Financial Services,Banks—Regional,
HFFG,HFFG,Consumer Defensive,Food Distribution,
HFWA,HFWA,Financial Services,Banks—Regional,
HG,HG,Financial Services,Insurance—Reinsurance,
HGBL,HGBL,Financial Services,Capital Markets,
HGTY,HGTY,Financial Services,Insurance—Property & Casualty,
HGV,HGV,Consumer Cyclical,Resorts & Casinos,
HHH,HHH,Real Estate,Real Estate—Development,
HHS,HHS,Industrials,Conglomerates,
HIG,HIG,Financial Services,,
HIHO,HIHO,Industrials,Metal Fabrication,
HII,HII,Industrials,,
HIMS,HIMS,Healthcare,Drug Manufacturers—Specialty & Generic,
HIMX,HIMX,Technology,Semiconductors,
HIND,HIND,Healthcare,Biotechnology,
HIPO,HIPO,Financial Services,Insurance—Property & Casualty,
HIT,HIT,Technology,Software—Application,
HITI,HITI,Healthcare,Pharmaceutical Retailers,
HIVE,HIVE,Financial Services,Capital Markets,
HIW,HIW,Real Estate,REIT—Office,
HKD,HKD,Technology,Software—Application,
HKIT,HKIT,Technology,Information Technology Services,
HKPD,HKPD,Healthcare,Medical Distribution,
HL,HL,Basic Materials,Other Precious Metals & Mining,
HLF,HLF,Consumer Defensive,Packaged Foods,
HLI,HLI,Financial Services,Capital Markets,
HLIO,HLIO,Industrials,Specialty Industrial Machinery,
HLIT,HLIT,Technology,Communication Equipment,
HLLY,HLLY,Consumer Cyclical,Auto Parts,
HLMN,HLMN,Industrials,Tools & Accessories,
HLN,HLN,Healthcare,Drug Manufacturers—Specialty & Generic,
HLNE,HLNE,Financial Services,Asset Management,
HLP,HLP,Basic Materials,Steel,
HLT,HLT,Consumer Cyclical,,
HLX,HLX,Energy,Oil & Gas Equipment & Services,
HMC,HMC,Consumer Cyclical,Auto Manufacturers,
HMH,HMH,Energy,Oil & Gas Equipment & Services,
HMN,HMN,Financial Services,Insurance—Property & Casualty,
HMR,HMR,Industrials,Marine Shipping,
HMY,HMY,Basic Materials,Gold,
HNGE,HNGE,Healthcare,Health Information Services,
HNI,HNI,Consumer Cyclical,"Furnishings, Fixtures & Appliances",
HNNA,HNNA,Financial Services,Asset Management,
HNRG,HNRG,Utilities,Utilities—Independent Power Producers,
HNST,HNST,Consumer Defensive,Household & Personal Products,
HNVR,HNVR,Financial Services,Banks—Regional,
HODO,HODO,Technology,Software—Application,
HOFT,HOFT,Consumer Cyclical,"Furnishings, Fixtures & Appliances",
HOG,HOG,Consumer Cyclical,Recreational Vehicles,
HOLO,HOLO,Technology,Electronic Components,
HOMB,HOMB,Financial Services,Banks—Regional,
HON,HON,Industrials,,
HONA,HONA,Industrials,,
HOOD,HOOD,Financial Services,,
HOPE,HOPE,Financial Services,Banks—Regional,
HOUR,HOUR,Consumer Cyclical,Internet Retail,
HOV,HOV,Consumer Cyclical,Residential Construction,
HOWL,HOWL,Healthcare,Biotechnology,
HP,HP,Energy,Oil & Gas Drilling,
HPAI,HPAI,Technology,Software—Infrastructure,
HPE,HPE,Technology,,
HPF,HPF,Financial Services,Asset Management,
HPI,HPI,Financial Services,Asset Management,
HPK,HPK,Energy,Oil & Gas E&P,
HPP,HPP,Real Estate,REIT—Office,
HPQ,HPQ,Technology,,
HQ,HQ,Technology,Software—Infrastructure,
HQH,HQH,Financial Services,Asset Management,
HQI,HQI,Industrials,Staffing & Employment Services,
HQL,HQL,Financial Services,Asset Management,
HQY,HQY,Healthcare,Health Information Services,
HR,HR,Real Estate,REIT—Healthcare Facilities,
HRB,HRB,Consumer Cyclical,Personal Services,
HRI,HRI,Industrials,Rental & Leasing Services,
HRL,HRL,Consumer Defensive,,
HRMY,HRMY,Healthcare,Biotechnology,
HROW,HROW,Healthcare,Drug Manufacturers—Specialty & Generic,
HRTG,HRTG,Financial Services,Insurance—Property & Casualty,
HRTX,HRTX,Healthcare,Biotechnology,
HRZN,HRZN,Financial Services,Asset Management,
HSAI,HSAI,Consumer Cyclical,Auto Parts,
HSBC,HSBC,Financial Services,Banks—Diversified,
HSCS,HSCS,Healthcare,Medical Devices,
HSDT,HSDT,Financial Services,Asset Management,
HSHP,HSHP,Industrials,Marine Shipping,
HSIC,HSIC,Healthcare,,
HST,HST,Real Estate,,
HSTM,HSTM,Healthcare,Health Information Services,
HSY,HSY,Consumer Defensive,,
HTB,HTB,Financial Services,Banks—Regional,
HTCO,HTCO,Industrials,Marine Shipping,
HTCR,HTCR,Technology,Software—Application,
HTD,HTD,Financial Services,Asset Management,
HTFL,HTFL,Healthcare,Health Information Services,
HTGC,HTGC,Financial Services,Asset Management,
HTH,HTH,Financial Services,Financial Conglomerates,
HTHT,HTHT,Consumer Cyclical,Lodging,
HTLD,HTLD,Industrials,Trucking,
HTLM,HTLM,Consumer Cyclical,Specialty Retail,
HTO,HTO,Utilities,Utilities—Regulated Water,
HTOO,HTOO,Utilities,Utilities—Renewable,
HTT,HTT,Financial Services,Credit Services,
HTZ,HTZ,Industrials,Rental & Leasing Services,
HUBB,HUBB,Industrials,,
HUBC,HUBC,Technology,Software—Infrastructure,
HUBG,HUBG,Industrials,Integrated Freight & Logistics,
HUBS,HUBS,Technology,Software—Application,
HUDI,HUDI,Basic Materials,Steel,
HUHU,HUHU,Industrials,Specialty Industrial Machinery,
HUIZ,HUIZ,Financial Services,Insurance Brokers,
HUM,HUM,Healthcare,,
HUMA,HUMA,Healthcare,Biotechnology,
HUN,HUN,Basic Materials,Chemicals,
HURC,HURC,Industrials,Specialty Industrial Machinery,
HURN,HURN,Industrials,Consulting Services,
HUT,HUT,Financial Services,Capital Markets,
HUYA,HUYA,Communication Services,Entertainment,
HVT,HVT,Consumer Cyclical,Home Improvement Retail,
HVT-A,HVT-A,Consumer Cyclical,Home Improvement Retail,
HWBK,HWBK,Financial Services,Banks—Regional,
HWC,HWC,Financial Services,Banks—Regional,
HWH,HWH,Consumer Cyclical,Leisure,
HWKN,HWKN,Basic Materials,Specialty Chemicals,
HWM,HWM,Industrials,,
HXHX,HXHX,Industrials,Integrated Freight & Logistics,
HXL,HXL,Industrials,Aerospace & Defense,
HY,HY,Industrials,Farm & Heavy Construction Machinery,
HYFM,HYFM,Industrials,Farm & Heavy Construction Machinery,
HYFT,HYFT,Healthcare,Biotechnology,
HYLN,HYLN,Consumer Cyclical,Auto Parts,
HYMC,HYMC,Basic Materials,Gold,
HYNE,HYNE,Financial Services,Banks—Regional,
HYPD,HYPD,Healthcare,Biotechnology,
HYPR,HYPR,Healthcare,Medical Devices,
HYT,HYT,Financial Services,Asset Management,
HZO,HZO,Consumer Cyclical,Specialty Retail,
IAF,IAF,Financial Services,Asset Management,
IAG,IAG,Basic Materials,Gold,
IART,IART,Healthcare,Medical Devices,
IAUX,IAUX,Basic Materials,Gold,
IBCP,IBCP,Financial Services,Banks—Regional,
IBEX,IBEX,Technology,Information Technology Services,
IBG,IBG,Consumer Defensive,Beverages—Wineries & Distilleries,
IBIO,IBIO,Healthcare,Biotechnology,
IBKR,IBKR,Financial Services,,
IBM,IBM,Technology,,
IBN,IBN,Financial Services,Banks—Regional,
IBO,IBO,Healthcare,Biotechnology,
IBOC,IBOC,Financial Services,Banks—Regional,
IBP,IBP,Consumer Cyclical,Residential Construction,
IBRX,IBRX,Healthcare,Biotechnology,
IBTA,IBTA,Technology,Software—Application,
ICCC,ICCC,Healthcare,Biotechnology,
ICCM,ICCM,Healthcare,Medical Devices,
ICE,ICE,Financial Services,,
ICFI,ICFI,Industrials,Consulting Services,
ICG,ICG,Technology,Semiconductors,
ICHR,ICHR,Technology,Semiconductor Equipment & Materials,
ICL,ICL,Basic Materials,Agricultural Inputs,
ICLR,ICLR,Healthcare,Diagnostics & Research,
ICMB,ICMB,Financial Services,Asset Management,
ICON,ICON,Industrials,Marine Shipping,
ICU,ICU,Healthcare,Biotechnology,
ICUI,ICUI,Healthcare,Medical Instruments & Supplies,
IDA,IDA,Utilities,Utilities—Regulated Electric,
IDAI,IDAI,Technology,Software—Application,
IDCC,IDCC,Technology,Software—Application,
IDN,IDN,Technology,Software—Application,
IDR,IDR,Basic Materials,Gold,
IDT,IDT,Communication Services,Telecom Services,
IDXX,IDXX,Healthcare,,
IDYA,IDYA,Healthcare,Biotechnology,
IE,IE,Basic Materials,Copper,
IEP,IEP,Energy,Oil & Gas Refining & Marketing,
IESC,IESC,Industrials,Engineering & Construction,
IEX,IEX,Industrials,,
IFBD,IFBD,Technology,Software—Application,
IFF,IFF,Basic Materials,,
IFN,IFN,Financial Services,Asset Management,
IFRX,IFRX,Healthcare,Biotechnology,
IFS,IFS,Financial Services,Banks—Regional,
IGC,IGC,Healthcare,Biotechnology,
IGD,IGD,Financial Services,Asset Management,
IGIC,IGIC,Financial Services,Insurance—Diversified,
IGR,IGR,Financial Services,Asset Management,
IH,IH,Consumer Defensive,Education & Training Services,
IHG,IHG,Consumer Cyclical,Lodging,
IHRT,IHRT,Communication Services,Broadcasting,
IHS,IHS,Real Estate,Real Estate Services,
IHT,IHT,Real Estate,REIT—Hotel & Motel,
IIF,IIF,Financial Services,Asset Management,
III,III,Technology,Information Technology Services,
IIIN,IIIN,Industrials,Metal Fabrication,
IIIV,IIIV,Technology,Software—Infrastructure,
IIM,IIM,Financial Services,Asset Management,
IIPR,IIPR,Real Estate,REIT—Industrial,
IKT,IKT,Healthcare,Biotechnology,
ILAG,ILAG,Industrials,Building Products & Equipment,
ILLR,ILLR,Technology,Software—Application,
ILMN,ILMN,Healthcare,Diagnostics & Research,
ILPT,ILPT,Real Estate,REIT—Industrial,
IMA,IMA,Healthcare,Biotechnology,
IMAX,IMAX,Communication Services,Entertainment,
IMCC,IMCC,Healthcare,Drug Manufacturers—Specialty & Generic,
IMCR,IMCR,Healthcare,Biotechnology,
IMDX,IMDX,Healthcare,Diagnostics & Research,
IMKTA,IMKTA,Consumer Defensive,Grocery Stores,
IMMP,IMMP,Healthcare,Biotechnology,
IMMR,IMMR,Technology,Software—Application,
IMNM,IMNM,Healthcare,Biotechnology,
IMNN,IMNN,Healthcare,Biotechnology,
IMO,IMO,Energy,Oil & Gas Integrated,
IMOS,IMOS,Technology,Semiconductors,
IMPP,IMPP,Energy,Oil & Gas Midstream,
IMRN,IMRN,Healthcare,Biotechnology,
IMRX,IMRX,Healthcare,Biotechnology,
IMSR,IMSR,Utilities,Utilities—Regulated Electric,
IMTE,IMTE,Technology,Electronic Components,
IMTX,IMTX,Healthcare,Biotechnology,
IMXI,IMXI,Technology,Software—Infrastructure,
INBK,INBK,Financial Services,Banks—Regional,
INBS,INBS,Healthcare,Medical Devices,
INBX,INBX,Healthcare,Biotechnology,
INCR,INCR,Healthcare,Drug Manufacturers—Specialty & Generic,
INCY,INCY,Healthcare,,
INDB,INDB,Financial Services,Banks—Regional,
INDI,INDI,Technology,Semiconductors,
INDO,INDO,Energy,Oil & Gas E&P,
INDV,INDV,Healthcare,Drug Manufacturers—Specialty & Generic,
INEO,INEO,Consumer Cyclical,Auto Parts,
INFQ,INFQ,Technology,Software—Infrastructure,
INFU,INFU,Healthcare,Medical Devices,
INFY,INFY,Technology,Information Technology Services,
ING,ING,Financial Services,Banks—Diversified,
INGM,INGM,Technology,Information Technology Services,
INGN,INGN,Healthcare,Medical Devices,
INGR,INGR,Consumer Defensive,Packaged Foods,
INHD,INHD,Basic Materials,Steel,
INLF,INLF,Industrials,Specialty Industrial Machinery,
INLX,INLX,Technology,Software—Application,
INM,INM,Healthcare,Drug Manufacturers—Specialty & Generic,
INMB,INMB,Healthcare,Biotechnology,
INMD,INMD,Healthcare,Medical Devices,
INN,INN,Real Estate,REIT—Hotel & Motel,
INNV,INNV,Healthcare,Medical Care Facilities,
INO,INO,Healthcare,Biotechnology,
INOD,INOD,Technology,Information Technology Services,
INR,INR,Energy,Oil & Gas E&P,
INSE,INSE,Consumer Cyclical,Gambling,
INSG,INSG,Technology,Communication Equipment,
INSM,INSM,Healthcare,Biotechnology,
INSP,INSP,Healthcare,Medical Devices,
INSW,INSW,Energy,Oil & Gas Midstream,
INTA,INTA,Technology,Software—Application,
INTC,INTC,Technology,,
INTG,INTG,Consumer Cyclical,Lodging,
INTJ,INTJ,Industrials,Consulting Services,
INTR,INTR,Financial Services,Banks—Regional,
INTT,INTT,Technology,Semiconductor Equipment & Materials,
INTU,INTU,Technology,,
INTZ,INTZ,Technology,Software—Infrastructure,
INUV,INUV,Technology,Software—Application,
INV,INV,Financial Services,Asset Management,
INVA,INVA,Healthcare,Biotechnology,
INVE,INVE,Industrials,Building Products & Equipment,
INVH,INVH,Real Estate,,
INVX,INVX,Energy,Oil & Gas Equipment & Services,
INVZ,INVZ,Consumer Cyclical,Auto Parts,
IONQ,IONQ,Technology,Computer Hardware,
IONS,IONS,Healthcare,Biotechnology,
IOR,IOR,Financial Services,Mortgage Finance,
IOSP,IOSP,Basic Materials,Specialty Chemicals,
IOT,IOT,Technology,Software—Infrastructure,
IOTR,IOTR,Communication Services,Telecom Services,
IOVA,IOVA,Healthcare,Biotechnology,
IP,IP,Basic Materials,,
IPAR,IPAR,Consumer Defensive,Household & Personal Products,
IPCX,IPCX,Financial Services,Shell Companies,
IPDN,IPDN,Industrials,Staffing & Employment Services,
IPGP,IPGP,Technology,Semiconductor Equipment & Materials,
IPHA,IPHA,Healthcare,Biotechnology,
IPI,IPI,Basic Materials,Agricultural Inputs,
IPM,IPM,Technology,Software—Application,
IPSC,IPSC,Healthcare,Biotechnology,
IPST,IPST,Financial Services,Capital Markets,
IPW,IPW,Consumer Cyclical,Internet Retail,
IPWR,IPWR,Technology,Semiconductors,
IQ,IQ,Communication Services,Entertainment,
IQMX,IQMX,Technology,Computer Hardware,
IQST,IQST,Communication Services,Telecom Services,
IQV,IQV,Healthcare,,
IR,IR,Industrials,,
IRD,IRD,Healthcare,Biotechnology,
IRDM,IRDM,Communication Services,Telecom Services,
IREN,IREN,Financial Services,Capital Markets,
IRHO,IRHO,Financial Services,Shell Companies,
IRIX,IRIX,Healthcare,Medical Devices,
IRM,IRM,Real Estate,,
IRMD,IRMD,Healthcare,Medical Devices,
IRS,IRS,Real Estate,Real Estate Services,
IRT,IRT,Real Estate,REIT—Residential,
IRTC,IRTC,Healthcare,Medical Devices,
IRWD,IRWD,Healthcare,Drug Manufacturers—Specialty & Generic,
ISBA,ISBA,Financial Services,Banks—Regional,
ISPC,ISPC,Healthcare,Diagnostics & Research,
ISPR,ISPR,Consumer Defensive,Tobacco,
ISRG,ISRG,Healthcare,,
ISSC,ISSC,Industrials,Aerospace & Defense,
ISTR,ISTR,Financial Services,Banks—Regional,
IT,IT,Technology,,
ITGR,ITGR,Healthcare,Medical Devices,
ITIC,ITIC,Financial Services,Insurance—Specialty,
ITOC,ITOC,Healthcare,Medical Devices,
ITRG,ITRG,Basic Materials,Other Precious Metals & Mining,
ITRI,ITRI,Technology,Scientific & Technical Instruments,
ITRN,ITRN,Technology,Scientific & Technical Instruments,
ITT,ITT,Industrials,Specialty Industrial Machinery,
ITUB,ITUB,Financial Services,Banks—Regional,
ITW,ITW,Industrials,,
IVA,IVA,Healthcare,Biotechnology,
IVDA,IVDA,Industrials,Security & Protection Services,
IVF,IVF,Healthcare,Medical Devices,
IVR,IVR,Real Estate,REIT—Mortgage,
IVT,IVT,Real Estate,REIT—Retail,
IVVD,IVVD,Healthcare,Biotechnology,
IVZ,IVZ,Financial Services,,
IX,IX,Financial Services,Financial Conglomerates,
IXHL,IXHL,Healthcare,Drug Manufacturers—Specialty & Generic,
IZEA,IZEA,Communication Services,Internet Content & Information,
IZM,IZM,Technology,Electronics & Computer Distribution,
J,J,Industrials,,
JACK,JACK,Consumer Cyclical,Restaurants,
JAGX,JAGX,Healthcare,Biotechnology,
JAKK,JAKK,Consumer Cyclical,Leisure,
JAN,JAN,Real Estate,REIT—Residential,
JANX,JANX,Healthcare,Biotechnology,
JAZZ,JAZZ,Healthcare,Biotechnology,
JBDI,JBDI,Consumer Cyclical,Specialty Retail,
JBGS,JBGS,Real Estate,REIT—Diversified,
JBHT,JBHT,Industrials,,
JBI,JBI,Industrials,Building Products & Equipment,
JBL,JBL,Technology,,
JBLU,JBLU,Industrials,Airlines,
JBS,JBS,Consumer Defensive,Packaged Foods,
JBSS,JBSS,Consumer Defensive,Packaged Foods,
JBTM,JBTM,Industrials,Specialty Industrial Machinery,
JCAP,JCAP,Financial Services,Credit Services,
JCI,JCI,Industrials,,
JCSE,JCSE,Industrials,Specialty Industrial Machinery,
JCTC,JCTC,Basic Materials,Lumber & Wood Production,
JD,JD,Consumer Cyclical,Internet Retail,
JDZG,JDZG,Consumer Defensive,Education & Training Services,
JEF,JEF,Financial Services,Capital Markets,
JELD,JELD,Industrials,Building Products & Equipment,
JEM,JEM,Consumer Cyclical,Apparel Retail,
JF,JF,Financial Services,Credit Services,
JFB,JFB,Real Estate,Real Estate—Development,
JFIN,JFIN,Financial Services,Credit Services,
JFR,JFR,Financial Services,Asset Management,
JFU,JFU,Technology,Information Technology Services,
JG,JG,Technology,Software—Application,
JHI,JHI,Financial Services,Asset Management,
JHS,JHS,Financial Services,Asset Management,
JHX,JHX,Basic Materials,Building Materials,
JILL,JILL,Consumer Cyclical,Apparel Retail,
JJSF,JJSF,Consumer Defensive,Packaged Foods,
JKHY,JKHY,Financial Services,,
JKS,JKS,Technology,Solar,
JL,JL,Consumer Cyclical,Apparel Manufacturing,
JLHL,JLHL,Industrials,Building Products & Equipment,
JLL,JLL,Real Estate,Real Estate Services,
JMIA,JMIA,Consumer Cyclical,Internet Retail,
JMSB,JMSB,Financial Services,Banks—Regional,
JNJ,JNJ,Healthcare,,
JOB,JOB,Industrials,Staffing & Employment Services,
JOBY,JOBY,Industrials,Airports & Air Services,
JOE,JOE,Real Estate,Real Estate—Diversified,
JOF,JOF,Financial Services,Asset Management,
JOUT,JOUT,Consumer Cyclical,Leisure,
JOYY,JOYY,Communication Services,Internet Content & Information,
JPM,JPM,Financial Services,,
JQC,JQC,Financial Services,Asset Management,
JRS,JRS,Financial Services,Asset Management,
JRSH,JRSH,Consumer Cyclical,Apparel Manufacturing,
JRVR,JRVR,Financial Services,Insurance—Specialty,
JTAI,JTAI,Technology,Software—Application,
JUNS,JUNS,Healthcare,Biotechnology,
JVA,JVA,Consumer Defensive,Packaged Foods,
JWEL,JWEL,Consumer Cyclical,Internet Retail,
JXG,JXG,Consumer Cyclical,Apparel Manufacturing,
JXN,JXN,Financial Services,Insurance—Life,
JYD,JYD,Industrials,Integrated Freight & Logistics,
JYNT,JYNT,Healthcare,Medical Care Facilities,
JZ,JZ,Technology,Information Technology Services,
JZXN,JZXN,Consumer Cyclical,Auto & Truck Dealerships,
KAI,KAI,Industrials,Specialty Industrial Machinery,
KALA,KALA,Healthcare,Biotechnology,
KALU,KALU,Basic Materials,Aluminum,
KARO,KARO,Technology,Software—Application,
KAZR,KAZR,Industrials,Engineering & Construction,
KB,KB,Financial Services,Banks—Regional,
KBH,KBH,Consumer Cyclical,Residential Construction,
KBR,KBR,Industrials,Engineering & Construction,
KBSX,KBSX,Consumer Cyclical,Leisure,
KC,KC,Technology,Software—Application,
KD,KD,Technology,Information Technology Services,
KDK,KDK,Technology,Software—Infrastructure,
KDP,KDP,Consumer Defensive,,
KE,KE,Industrials,Electrical Equipment & Parts,
KEEL,KEEL,Technology,Information Technology Services,
KELYA,KELYA,Industrials,Staffing & Employment Services,
KELYB,KELYB,Industrials,Staffing & Employment Services,
KEN,KEN,Utilities,Utilities—Independent Power Producers,
KEP,KEP,Utilities,Utilities—Regulated Electric,
KEQU,KEQU,Consumer Cyclical,"Furnishings, Fixtures & Appliances",
KEX,KEX,Industrials,Marine Shipping,
KEY,KEY,Financial Services,,
KEYS,KEYS,Technology,,
KF,KF,Financial Services,Asset Management,
KFFB,KFFB,Financial Services,Banks—Regional,
KFRC,KFRC,Industrials,Staffing & Employment Services,
KFY,KFY,Industrials,Staffing & Employment Services,
KG,KG,Financial Services,Insurance—Reinsurance,
KGC,KGC,Basic Materials,Gold,
KGEI,KGEI,Energy,Oil & Gas E&P,
KGS,KGS,Energy,Oil & Gas Equipment & Services,
KHC,KHC,Consumer Defensive,,
KIDS,KIDS,Healthcare,Medical Devices,
KIDZ,KIDZ,Consumer Defensive,Education & Training Services,
KIM,KIM,Real Estate,,
KINS,KINS,Financial Services,Insurance—Property & Casualty,
KITT,KITT,Industrials,Aerospace & Defense,
KKR,KKR,Financial Services,,
KLAC,KLAC,Technology,,
KLAR,KLAR,Financial Services,Credit Services,
KLC,KLC,Consumer Defensive,Education & Training Services,
KLIC,KLIC,Technology,Semiconductor Equipment & Materials,
KLTR,KLTR,Technology,Software—Application,
KLXE,KLXE,Energy,Oil & Gas Equipment & Services,
KMB,KMB,Consumer Defensive,,
KMDA,KMDA,Healthcare,Drug Manufacturers—Specialty & Generic,
KMI,KMI,Energy,,
KMPR,KMPR,Financial Services,Insurance—Property & Casualty,
KMRK,KMRK,Consumer Cyclical,Leisure,
KMT,KMT,Industrials,Tools & Accessories,
KMTS,KMTS,Healthcare,Medical Instruments & Supplies,
KMX,KMX,Consumer Cyclical,Auto & Truck Dealerships,
KN,KN,Technology,Electronic Components,
KNDI,KNDI,Consumer Cyclical,Recreational Vehicles,
KNF,KNF,Basic Materials,Building Materials,
KNOP,KNOP,Energy,Oil & Gas Midstream,
KNRX,KNRX,Technology,Software—Application,
KNSA,KNSA,Healthcare,Drug Manufacturers—Specialty & Generic,
KNSL,KNSL,Financial Services,Insurance—Property & Casualty,
KNTK,KNTK,Energy,Oil & Gas Midstream,
KNX,KNX,Industrials,Trucking,
KO,KO,Consumer Defensive,,
KODK,KODK,Industrials,Specialty Business Services,
KOF,KOF,Consumer Defensive,Beverages—Non-Alcoholic,
KOP,KOP,Basic Materials,Specialty Chemicals,
KOPN,KOPN,Technology,Electronic Components,
KOS,KOS,Energy,Oil & Gas E&P,
KOSS,KOSS,Technology,Consumer Electronics,
KPLT,KPLT,Technology,Software—Infrastructure,
KPRX,KPRX,Healthcare,Biotechnology,
KPTI,KPTI,Healthcare,Biotechnology,
KR,KR,Consumer Defensive,,
KRC,KRC,Real Estate,REIT—Office,
KREF,KREF,Real Estate,REIT—Mortgage,
KRG,KRG,Real Estate,REIT—Retail,
KRKR,KRKR,Communication Services,Advertising Agencies,
KRMD,KRMD,Healthcare,Medical Instruments & Supplies,
KRMN,KRMN,Industrials,Aerospace & Defense,
KRNT,KRNT,Industrials,Specialty Industrial Machinery,
KRNY,KRNY,Financial Services,Banks—Regional,
KRO,KRO,Basic Materials,Specialty Chemicals,
KROS,KROS,Healthcare,Biotechnology,
KRP,KRP,Energy,Oil & Gas E&P,
KRRO,KRRO,Healthcare,Biotechnology,
KRT,KRT,Consumer Cyclical,Packaging & Containers,
KRUS,KRUS,Consumer Cyclical,Restaurants,
KRYS,KRYS,Healthcare,Biotechnology,
KSCP,KSCP,Industrials,Security & Protection Services,
KSPI,KSPI,Technology,Software—Infrastructure,
KSS,KSS,Consumer Cyclical,Department Stores,
KT,KT,Communication Services,Telecom Services,
KTB,KTB,Consumer Cyclical,Apparel Manufacturing,
KTCC,KTCC,Technology,Computer Hardware,
KTF,KTF,Financial Services,Asset Management,
KTOS,KTOS,Industrials,Aerospace & Defense,
KTTA,KTTA,Healthcare,Biotechnology,
KULR,KULR,Technology,Electronic Components,
KURA,KURA,Healthcare,Biotechnology,
KUST,KUST,Communication Services,Entertainment,
KVAC,KVAC,Financial Services,Shell Companies,
KVHI,KVHI,Communication Services,Telecom Services,
KVUE,KVUE,Consumer Defensive,,
KVYO,KVYO,Technology,Software—Application,
KWM,KWM,Communication Services,Entertainment,
KWR,KWR,Basic Materials,Specialty Chemicals,
KWY,KWY,Financial Services,Asset Management,
KXIN,KXIN,Consumer Cyclical,Auto & Truck Dealerships,
KYIV,KYIV,Communication Services,Telecom Services,
KYMR,KYMR,Healthcare,Biotechnology,
KYN,KYN,Financial Services,Asset Management,
KYNB,KYNB,Healthcare,Biotechnology,
KYTX,KYTX,Healthcare,Biotechnology,
KZIA,KZIA,Healthcare,Biotechnology,
L,L,Financial Services,,
LAB,LAB,Healthcare,Medical Devices,
LABT,LABT,Healthcare,Biotechnology,
LAD,LAD,Consumer Cyclical,Auto & Truck Dealerships,
LADR,LADR,Real Estate,REIT—Mortgage,
LAES,LAES,Technology,Semiconductors,
LAKE,LAKE,Consumer Cyclical,Apparel Manufacturing,
LAMR,LAMR,Real Estate,REIT—Specialty,
LAND,LAND,Real Estate,REIT—Specialty,
LANV,LANV,Consumer Cyclical,Luxury Goods,
LARK,LARK,Financial Services,Banks—Regional,
LASE,LASE,Industrials,Specialty Industrial Machinery,
LASR,LASR,Technology,Semiconductors,
LAUR,LAUR,Consumer Defensive,Education & Training Services,
LAW,LAW,Technology,Software—Application,
LAWR,LAWR,Industrials,,
LAZ,LAZ,Financial Services,Capital Markets,
LB,LB,Energy,Oil & Gas Equipment & Services,
LBGJ,LBGJ,Industrials,Specialty Industrial Machinery,
LBRDA,LBRDA,Communication Services,Telecom Services,
LBRDK,LBRDK,Communication Services,Telecom Services,
LBRT,LBRT,Energy,Oil & Gas Equipment & Services,
LBTYA,LBTYA,Communication Services,Telecom Services,
LBTYB,LBTYB,Communication Services,Telecom Services,
LBTYK,LBTYK,Communication Services,Telecom Services,
LCFY,LCFY,Communication Services,Internet Content & Information,
LCID,LCID,Consumer Cyclical,Auto Manufacturers,
LCII,LCII,Consumer Cyclical,Recreational Vehicles,
LCNB,LCNB,Financial Services,Banks—Regional,
LCUT,LCUT,Consumer Cyclical,"Furnishings, Fixtures & Appliances",
LDI,LDI,Financial Services,Mortgage Finance,
LDOS,LDOS,Industrials,,
LE,LE,Consumer Cyclical,Apparel Retail,
LEA,LEA,Consumer Cyclical,Auto Parts,
LECO,LECO,Industrials,Tools & Accessories,
LEDS,LEDS,Technology,Semiconductors,
LEE,LEE,Communication Services,Publishing,
LEG,LEG,Consumer Cyclical,"Furnishings, Fixtures & Appliances",
LEGH,LEGH,Consumer Cyclical,Residential Construction,
LEGN,LEGN,Healthcare,Biotechnology,
LEN,LEN,Consumer Cyclical,,
LENZ,LENZ,Healthcare,Biotechnology,
LEO,LEO,Financial Services,Asset Management,
LESL,LESL,Consumer Cyclical,Specialty Retail,
LEU,LEU,Energy,Uranium,
LEVI,LEVI,Consumer Cyclical,Apparel Manufacturing,
LEXX,LEXX,Healthcare,Biotechnology,
LFCR,LFCR,Healthcare,Drug Manufacturers—Specialty & Generic,
LFMD,LFMD,Healthcare,Health Information Services,
LFS,LFS,Communication Services,Entertainment,
LFST,LFST,Healthcare,Medical Care Facilities,
LFT,LFT,Real Estate,REIT—Mortgage,
LFUS,LFUS,Technology,Electronic Components,
LFVN,LFVN,Consumer Defensive,Packaged Foods,
LFWD,LFWD,Healthcare,Medical Devices,
LGCL,LGCL,Technology,Software—Application,
LGCY,LGCY,Consumer Defensive,Education & Training Services,
LGHL,LGHL,Financial Services,Capital Markets,
LGI,LGI,Financial Services,Asset Management,
LGIH,LGIH,Consumer Cyclical,Residential Construction,
LGL,LGL,Technology,Scientific & Technical Instruments,
LGN,LGN,Industrials,Engineering & Construction,
LGND,LGND,Healthcare,Biotechnology,
LGO,LGO,Basic Materials,Other Industrial Metals & Mining,
LGPS,LGPS,Industrials,Conglomerates,
LGVN,LGVN,Healthcare,Biotechnology,
LH,LH,Healthcare,,
LHAI,LHAI,Real Estate,Real Estate Services,
LHSW,LHSW,Technology,Software—Infrastructure,
LHX,LHX,Industrials,,
LI,LI,Consumer Cyclical,Auto Manufacturers,
LICN,LICN,Industrials,Specialty Business Services,
LIDR,LIDR,Technology,Software—Infrastructure,
LIEN,LIEN,Financial Services,Asset Management,
LIF,LIF,Technology,Software—Application,
LIFE,LIFE,Financial Services,Insurance Brokers,
LII,LII,Industrials,,
LILA,LILA,Communication Services,Telecom Services,
LILAK,LILAK,Communication Services,Telecom Services,
LIN,LIN,Basic Materials,,
LINC,LINC,Consumer Defensive,Education & Training Services,
LIND,LIND,Consumer Cyclical,Travel Services,
LINE,LINE,Real Estate,REIT—Industrial,
LINK,LINK,Technology,Electronic Components,
LION,LION,Communication Services,Entertainment,
LIQT,LIQT,Industrials,Pollution & Treatment Controls,
LITB,LITB,Consumer Cyclical,Internet Retail,
LITE,LITE,Technology,,
LITS,LITS,Healthcare,Biotechnology,
LIVE,LIVE,Consumer Cyclical,Home Improvement Retail,
LIVN,LIVN,Healthcare,Medical Devices,
LKFN,LKFN,Financial Services,Banks—Regional,
LKFT,LKFT,Healthcare,Biotechnology,
LKQ,LKQ,Consumer Cyclical,Auto Parts,
LKSP,LKSP,Financial Services,Shell Companies,
LLY,LLY,Healthcare,,
LLYVA,LLYVA,Communication Services,Entertainment,
LLYVK,LLYVK,Communication Services,Entertainment,
LMAT,LMAT,Healthcare,Medical Instruments & Supplies,
LMB,LMB,Industrials,Building Products & Equipment,
LMND,LMND,Financial Services,Insurance—Property & Casualty,
LMNR,LMNR,Consumer Defensive,Farm Products,
LMRI,LMRI,Healthcare,Medical Devices,
LMT,LMT,Industrials,,
LNAI,LNAI,Healthcare,Biotechnology,
LNC,LNC,Financial Services,Insurance—Life,
LND,LND,Consumer Defensive,Farm Products,
LNG,LNG,Energy,Oil & Gas Midstream,
LNKS,LNKS,Industrials,Electrical Equipment & Parts,
LNN,LNN,Industrials,Farm & Heavy Construction Machinery,
LNSR,LNSR,Healthcare,Medical Devices,
LNT,LNT,Utilities,,
LNTH,LNTH,Healthcare,Drug Manufacturers—Specialty & Generic,
LNZA,LNZA,Industrials,Waste Management,
LOAN,LOAN,Real Estate,REIT—Mortgage,
LOAR,LOAR,Industrials,Aerospace & Defense,
LOB,LOB,Financial Services,Banks—Regional,
LOBO,LOBO,Consumer Cyclical,Auto Manufacturers,
LOCL,LOCL,Consumer Defensive,Farm Products,
LOCO,LOCO,Consumer Cyclical,Restaurants,
LODE,LODE,Basic Materials,Other Precious Metals & Mining,
LOGI,LOGI,Technology,Computer Hardware,
LOMA,LOMA,Basic Materials,Building Materials,
LOOP,LOOP,Basic Materials,Specialty Chemicals,
LOT,LOT,Consumer Cyclical,Auto Manufacturers,
LOVE,LOVE,Consumer Cyclical,"Furnishings, Fixtures & Appliances",
LOW,LOW,Consumer Cyclical,,
LPA,LPA,Real Estate,Real Estate—Development,
LPAA,LPAA,Financial Services,Shell Companies,
LPCN,LPCN,Healthcare,Biotechnology,
LPG,LPG,Energy,Oil & Gas Midstream,
LPL,LPL,Technology,Consumer Electronics,
LPLA,LPLA,Financial Services,Capital Markets,
LPRO,LPRO,Financial Services,Credit Services,
LPSN,LPSN,Technology,Software—Application,
LPTH,LPTH,Technology,Electronic Components,
LPX,LPX,Industrials,Building Products & Equipment,
LQDA,LQDA,Healthcare,Drug Manufacturers—Specialty & Generic,
LQDT,LQDT,Consumer Cyclical,Internet Retail,
LRCX,LRCX,Technology,,
LRE,LRE,Real Estate,Real Estate—Development,
LRHC,LRHC,Real Estate,Real Estate Services,
LRN,LRN,Consumer Defensive,Education & Training Services,
LSAK,LSAK,Technology,Software—Infrastructure,
LSBK,LSBK,Financial Services,Banks—Regional,
LSCC,LSCC,Technology,Semiconductors,
LSE,LSE,Energy,Oil & Gas Equipment & Services,
LSF,LSF,Consumer Defensive,Packaged Foods,
LSH,LSH,Industrials,Integrated Freight & Logistics,
LSPD,LSPD,Technology,Software—Application,
LSTA,LSTA,Healthcare,Biotechnology,
LSTR,LSTR,Industrials,Integrated Freight & Logistics,
LTC,LTC,Real Estate,REIT—Healthcare Facilities,
LTH,LTH,Consumer Cyclical,Leisure,
LTM,LTM,Industrials,Airlines,
LTRX,LTRX,Technology,Communication Equipment,
LU,LU,Financial Services,Credit Services,
LUCD,LUCD,Healthcare,Medical Devices,
LUCK,LUCK,Consumer Cyclical,Leisure,
LUCY,LUCY,Healthcare,Medical Instruments & Supplies,
LUD,LUD,Basic Materials,Steel,
LULU,LULU,Consumer Cyclical,,
LUMN,LUMN,Communication Services,Telecom Services,
LUNG,LUNG,Healthcare,Medical Devices,
LUNR,LUNR,Industrials,Aerospace & Defense,
LUV,LUV,Industrials,,
LUXE,LUXE,Consumer Cyclical,Luxury Goods,
LVLU,LVLU,Consumer Cyclical,Apparel Retail,
LVO,LVO,Communication Services,Internet Content & Information,
LVS,LVS,Consumer Cyclical,,
LVWR,LVWR,Consumer Cyclical,Auto Manufacturers,
LW,LW,Consumer Defensive,Packaged Foods,
LWAY,LWAY,Consumer Defensive,Packaged Foods,
LWLG,LWLG,Basic Materials,Specialty Chemicals,
LX,LX,Financial Services,Credit Services,
LXEH,LXEH,Consumer Defensive,Education & Training Services,
LXEO,LXEO,Healthcare,Biotechnology,
LXFR,LXFR,Industrials,Specialty Industrial Machinery,
LXP,LXP,Real Estate,REIT—Industrial,
LXRX,LXRX,Healthcare,Biotechnology,
LXU,LXU,Basic Materials,Chemicals,
LYB,LYB,Basic Materials,,
LYEL,LYEL,Healthcare,Biotechnology,
LYFT,LYFT,Technology,Software—Application,
LYG,LYG,Financial Services,Banks—Regional,
LYTS,LYTS,Technology,Electronic Components,
LYV,LYV,Communication Services,,
LZ,LZ,Industrials,Specialty Business Services,
LZB,LZB,Consumer Cyclical,"Furnishings, Fixtures & Appliances",
LZM,LZM,Basic Materials,Other Industrial Metals & Mining,
LZMH,LZMH,Technology,Information Technology Services,
M,M,Consumer Cyclical,Department Stores,
MA,MA,Financial Services,,
MAA,MAA,Real Estate,,
MAAS,MAAS,Financial Services,Asset Management,
MAC,MAC,Real Estate,REIT—Retail,
MACI,MACI,Financial Services,Shell Companies,
MAGH,MAGH,Industrials,,
MAGN,MAGN,Consumer Defensive,Household & Personal Products,
MAIN,MAIN,Financial Services,Asset Management,
MAIR,MAIR,Industrials,Building Products & Equipment,
MAKO,MAKO,Basic Materials,Gold,
MAMA,MAMA,Consumer Defensive,Packaged Foods,
MAMK,MAMK,Industrials,,
MAMO,MAMO,Consumer Cyclical,Recreational Vehicles,
MAN,MAN,Industrials,Staffing & Employment Services,
MANH,MANH,Technology,Software—Application,
MANU,MANU,Communication Services,Entertainment,
MAR,MAR,Consumer Cyclical,,
MARA,MARA,Financial Services,Capital Markets,
MARPS,MARPS,Energy,Oil & Gas Midstream,
MAS,MAS,Industrials,,
MASK,MASK,Technology,Software—Application,
MASS,MASS,Healthcare,Medical Devices,
MAT,MAT,Consumer Cyclical,Leisure,
MATH,MATH,Financial Services,Capital Markets,
MATV,MATV,Basic Materials,Specialty Chemicals,
MATW,MATW,Industrials,Conglomerates,
MATX,MATX,Industrials,Marine Shipping,
MAX,MAX,Communication Services,Internet Content & Information,
MAYS,MAYS,Real Estate,Real Estate Services,
MAZE,MAZE,Healthcare,Biotechnology,
MB,MB,Consumer Cyclical,Restaurants,
MBBC,MBBC,Financial Services,Banks—Regional,
MBC,MBC,Consumer Cyclical,"Furnishings, Fixtures & Appliances",
MBI,MBI,Financial Services,Insurance—Specialty,
MBIN,MBIN,Financial Services,Banks—Regional,
MBLY,MBLY,Consumer Cyclical,Auto Parts,
MBOT,MBOT,Healthcare,Medical Instruments & Supplies,
MBUU,MBUU,Consumer Cyclical,Recreational Vehicles,
MBWM,MBWM,Financial Services,Banks—Regional,
MC,MC,Financial Services,Capital Markets,
MCB,MCB,Financial Services,Banks—Regional,
MCBS,MCBS,Financial Services,Banks—Regional,
MCD,MCD,Consumer Cyclical,,
MCFT,MCFT,Consumer Cyclical,Recreational Vehicles,
MCHB,MCHB,Financial Services,Banks—Regional,
MCHP,MCHP,Technology,,
MCHX,MCHX,Communication Services,Advertising Agencies,
MCI,MCI,Financial Services,Asset Management,
MCK,MCK,Healthcare,,
MCN,MCN,Financial Services,Asset Management,
MCO,MCO,Financial Services,,
MCRB,MCRB,Healthcare,Biotechnology,
MCRI,MCRI,Consumer Cyclical,Resorts & Casinos,
MCRP,MCRP,Technology,Computer Hardware,
MCS,MCS,Communication Services,Entertainment,
MCTA,MCTA,Healthcare,,
MCY,MCY,Financial Services,Insurance—Property & Casualty,
MD,MD,Healthcare,Medical Care Facilities,
MDA,MDA,Industrials,Aerospace & Defense,
MDAI,MDAI,Healthcare,Medical Devices,
MDB,MDB,Technology,Software—Infrastructure,
MDBH,MDBH,Financial Services,Capital Markets,
MDGL,MDGL,Healthcare,Biotechnology,
MDIA,MDIA,Communication Services,Broadcasting,
MDLN,MDLN,Healthcare,Medical Instruments & Supplies,
MDLZ,MDLZ,Consumer Defensive,,
MDRR,MDRR,Real Estate,Real Estate Services,
MDT,MDT,Healthcare,,
MDU,MDU,Utilities,Utilities—Regulated Gas,
MDV,MDV,Real Estate,REIT—Industrial,
MDWD,MDWD,Healthcare,Biotechnology,
MDXG,MDXG,Healthcare,Biotechnology,
MDXH,MDXH,Healthcare,Diagnostics & Research,
MEC,MEC,Industrials,Metal Fabrication,
MED,MED,Consumer Cyclical,Personal Services,
MEDP,MEDP,Healthcare,Diagnostics & Research,
MEGL,MEGL,Financial Services,Capital Markets,
MEI,MEI,Technology,Electronic Components,
MELI,MELI,Consumer Cyclical,Internet Retail,
MEOH,MEOH,Basic Materials,Chemicals,
MERC,MERC,Basic Materials,Paper & Paper Products,
MESO,MESO,Healthcare,Biotechnology,
MET,MET,Financial Services,,
META,META,Communication Services,,
METC,METC,Basic Materials,Coking Coal,
METCB,METCB,Basic Materials,Coking Coal,
MF,MF,Communication Services,Advertising Agencies,
MFA,MFA,Real Estate,REIT—Mortgage,
MFC,MFC,Financial Services,Insurance—Life,
MFG,MFG,Financial Services,Banks—Regional,
MFI,MFI,Technology,Software—Application,
MFIC,MFIC,Financial Services,Asset Management,
MFIN,MFIN,Financial Services,Credit Services,
MFM,MFM,Financial Services,Asset Management,
MG,MG,Industrials,Security & Protection Services,
MGA,MGA,Consumer Cyclical,Auto Parts,
MGEE,MGEE,Utilities,Utilities—Regulated Electric,
MGF,MGF,Financial Services,Asset Management,
MGIH,MGIH,Consumer Cyclical,Packaging & Containers,
MGLD,MGLD,Financial Services,Asset Management,
MGM,MGM,Consumer Cyclical,,
MGN,MGN,Industrials,Engineering & Construction,
MGNI,MGNI,Communication Services,Advertising Agencies,
MGNX,MGNX,Healthcare,Biotechnology,
MGPI,MGPI,Consumer Defensive,Beverages—Wineries & Distilleries,
MGRC,MGRC,Industrials,Rental & Leasing Services,
MGRT,MGRT,Technology,Information Technology Services,
MGRX,MGRX,Healthcare,Health Information Services,
MGTX,MGTX,Healthcare,Biotechnology,
MGX,MGX,Healthcare,Biotechnology,
MGY,MGY,Energy,Oil & Gas E&P,
MGYR,MGYR,Financial Services,Banks—Regional,
MH,MH,Consumer Defensive,Education & Training Services,
MHD,MHD,Financial Services,Asset Management,
MHH,MHH,Industrials,Staffing & Employment Services,
MHK,MHK,Consumer Cyclical,"Furnishings, Fixtures & Appliances",
MHO,MHO,Consumer Cyclical,Residential Construction,
MI,MI,Consumer Cyclical,Internet Retail,
MIAX,MIAX,Financial Services,Capital Markets,
MICC,MICC,Consumer Defensive,Packaged Foods,
MIDD,MIDD,Industrials,Specialty Industrial Machinery,
MIMI,MIMI,Industrials,Engineering & Construction,
MIN,MIN,Financial Services,Asset Management,
MIND,MIND,Technology,Scientific & Technical Instruments,
MIR,MIR,Industrials,Specialty Industrial Machinery,
MIRM,MIRM,Healthcare,Biotechnology,
MIST,MIST,Healthcare,Biotechnology,
MITK,MITK,Technology,Software—Application,
MITQ,MITQ,Technology,Communication Equipment,
MITT,MITT,Real Estate,REIT—Mortgage,
MIY,MIY,Financial Services,Asset Management,
MKC,MKC,Consumer Defensive,,
MKC-V,MKC-V,Consumer Defensive,Packaged Foods,
MKDW,MKDW,Consumer Cyclical,Auto Parts,
MKL,MKL,Financial Services,Insurance—Property & Casualty,
MKSI,MKSI,Technology,Scientific & Technical Instruments,
MKTW,MKTW,Financial Services,Financial Data & Stock Exchanges,
MKTX,MKTX,Financial Services,Capital Markets,
MKZR,MKZR,Real Estate,REIT—Diversified,
MLAB,MLAB,Technology,Scientific & Technical Instruments,
MLCI,MLCI,Financial Services,Asset Management,
MLCO,MLCO,Consumer Cyclical,Resorts & Casinos,
MLEC,MLEC,Healthcare,Biotechnology,
MLGO,MLGO,Technology,Software—Infrastructure,
MLI,MLI,Industrials,Metal Fabrication,
MLKN,MLKN,Consumer Cyclical,"Furnishings, Fixtures & Appliances",
MLM,MLM,Basic Materials,,
MLP,MLP,Real Estate,Real Estate Services,
MLR,MLR,Consumer Cyclical,Auto Parts,
MLSS,MLSS,Healthcare,Medical Instruments & Supplies,
MMD,MMD,Financial Services,Asset Management,
MMED,MMED,Healthcare,Medical Instruments & Supplies,
MMI,MMI,Real Estate,Real Estate Services,
MMLP,MMLP,Energy,Oil & Gas Midstream,
MMM,MMM,Industrials,,
MMS,MMS,Industrials,Specialty Business Services,
MMSI,MMSI,Healthcare,Medical Instruments & Supplies,
MMT,MMT,Financial Services,Asset Management,
MMU,MMU,Financial Services,Asset Management,
MMYT,MMYT,Consumer Cyclical,Travel Services,
MNDO,MNDO,Technology,Software—Application,
MNDR,MNDR,Healthcare,Health Information Services,
MNDY,MNDY,Technology,Software—Application,
MNKD,MNKD,Healthcare,Biotechnology,
MNOV,MNOV,Healthcare,Biotechnology,
MNR,MNR,Energy,Oil & Gas E&P,
MNRO,MNRO,Consumer Cyclical,Auto Parts,
MNSB,MNSB,Financial Services,Banks—Regional,
MNSO,MNSO,Consumer Cyclical,Specialty Retail,
MNST,MNST,Consumer Defensive,,
MNTK,MNTK,Basic Materials,Specialty Chemicals,
MNTN,MNTN,Technology,Software—Application,
MNTS,MNTS,Industrials,Aerospace & Defense,
MNY,MNY,Communication Services,Internet Content & Information,
MO,MO,Consumer Defensive,,
MOB,MOB,Industrials,Aerospace & Defense,
MOBX,MOBX,Technology,Semiconductors,
MOD,MOD,Consumer Cyclical,Auto Parts,
MOG-A,MOG-A,Industrials,Aerospace & Defense,
MOG-B,MOG-B,Industrials,Aerospace & Defense,
MOGU,MOGU,Consumer Cyclical,Internet Retail,
MOH,MOH,Healthcare,Healthcare Plans,
MOLN,MOLN,Healthcare,Biotechnology,
MOMO,MOMO,Communication Services,Internet Content & Information,
MORN,MORN,Financial Services,Financial Data & Stock Exchanges,
MOS,MOS,Basic Materials,,
MOV,MOV,Consumer Cyclical,Luxury Goods,
MOVE,MOVE,Technology,Software—Infrastructure,
MP,MP,Basic Materials,Other Industrial Metals & Mining,
MPA,MPA,Financial Services,Asset Management,
MPAA,MPAA,Consumer Cyclical,Auto Parts,
MPB,MPB,Financial Services,Banks—Regional,
MPC,MPC,Energy,,
MPLX,MPLX,Energy,Oil & Gas Midstream,
MPT,MPT,Real Estate,REIT—Healthcare Facilities,
MPTI,MPTI,Technology,Electronic Components,
MPU,MPU,Communication Services,Entertainment,
MPV,MPV,Financial Services,Asset Management,
MPWR,MPWR,Technology,,
MQ,MQ,Technology,Software—Infrastructure,
MRAM,MRAM,Technology,Semiconductors,
MRBK,MRBK,Financial Services,Banks—Regional,
MRCY,MRCY,Industrials,Aerospace & Defense,
MRDN,MRDN,Consumer Cyclical,Gambling,
MREO,MREO,Healthcare,Biotechnology,
MRK,MRK,Healthcare,,
MRKR,MRKR,Healthcare,Biotechnology,
MRLN,MRLN,Industrials,Aerospace & Defense,
MRM,MRM,Consumer Cyclical,Personal Services,
MRNA,MRNA,Healthcare,,
MRNO,MRNO,Real Estate,Real Estate—Development,
MRP,MRP,Real Estate,REIT—Residential,
MRSH,MRSH,Financial Services,,
MRT,MRT,Technology,Software—Application,
MRTN,MRTN,Industrials,Trucking,
MRVI,MRVI,Healthcare,Biotechnology,
MRVL,MRVL,Technology,,
MRX,MRX,Financial Services,Capital Markets,
MS,MS,Financial Services,,
MSA,MSA,Industrials,Security & Protection Services,
MSAI,MSAI,Technology,Electronic Components,
MSB,MSB,Basic Materials,Steel,
MSBI,MSBI,Financial Services,Banks—Regional,
MSC,MSC,Consumer Cyclical,Resorts & Casinos,
MSCI,MSCI,Financial Services,,
MSD,MSD,Financial Services,Asset Management,
MSDL,MSDL,Financial Services,Asset Management,
MSEX,MSEX,Utilities,Utilities—Regulated Water,
MSFT,MSFT,Technology,,
MSGM,MSGM,Communication Services,Electronic Gaming & Multimedia,
MSGS,MSGS,Communication Services,Entertainment,
MSGY,MSGY,Industrials,Engineering & Construction,
MSI,MSI,Technology,,
MSIF,MSIF,Financial Services,Asset Management,
MSLE,MSLE,Healthcare,Biotechnology,
MSM,MSM,Industrials,Industrial Distribution,
MSN,MSN,Technology,Consumer Electronics,
MSS,MSS,Consumer Defensive,Grocery Stores,
MSTR,MSTR,Technology,Software—Application,
MT,MT,Basic Materials,Steel,
MTA,MTA,Basic Materials,Other Precious Metals & Mining,
MTB,MTB,Financial Services,,
MTC,MTC,Technology,Software—Application,
MTCH,MTCH,Communication Services,Internet Content & Information,
MTD,MTD,Healthcare,,
MTDR,MTDR,Energy,Oil & Gas E&P,
MTEK,MTEK,Technology,Electronic Components,
MTEN,MTEN,Industrials,Metal Fabrication,
MTEX,MTEX,Consumer Defensive,Food Distribution,
MTG,MTG,Financial Services,Insurance—Specialty,
MTH,MTH,Consumer Cyclical,Residential Construction,
MTLS,MTLS,Technology,Software—Application,
MTN,MTN,Consumer Cyclical,Resorts & Casinos,
MTNB,MTNB,Healthcare,Biotechnology,
MTR,MTR,Energy,Oil & Gas E&P,
MTRN,MTRN,Basic Materials,Other Industrial Metals & Mining,
MTRX,MTRX,Industrials,Engineering & Construction,
MTSI,MTSI,Technology,Semiconductors,
MTUS,MTUS,Basic Materials,Steel,
MTW,MTW,Industrials,Farm & Heavy Construction Machinery,
MTX,MTX,Basic Materials,Specialty Chemicals,
MTZ,MTZ,Industrials,Engineering & Construction,
MU,MU,Technology,,
MUA,MUA,Financial Services,Asset Management,
MUC,MUC,Financial Services,Asset Management,
MUFG,MUFG,Financial Services,Banks—Diversified,
MUR,MUR,Energy,Oil & Gas E&P,
MUSA,MUSA,Consumer Cyclical,Specialty Retail,
MUX,MUX,Basic Materials,Other Precious Metals & Mining,
MVBF,MVBF,Financial Services,Banks—Regional,
MVIS,MVIS,Technology,Scientific & Technical Instruments,
MVO,MVO,Energy,Oil & Gas E&P,
MVST,MVST,Consumer Cyclical,Auto Parts,
MWA,MWA,Industrials,Specialty Industrial Machinery,
MWG,MWG,Industrials,Rental & Leasing Services,
MWH,MWH,Utilities,Utilities—Renewable,
MWYN,MWYN,Consumer Cyclical,"Furnishings, Fixtures & Appliances",
MX,MX,Technology,Semiconductors,
MXC,MXC,Energy,Oil & Gas E&P,
MXCT,MXCT,Healthcare,Medical Devices,
MXF,MXF,Financial Services,Asset Management,
MXL,MXL,Technology,Semiconductors,
MYE,MYE,Consumer Cyclical,Packaging & Containers,
MYFW,MYFW,Financial Services,Banks—Regional,
MYGN,MYGN,Healthcare,Diagnostics & Research,
MYI,MYI,Financial Services,Asset Management,
MYN,MYN,Financial Services,Asset Management,
MYND,MYND,Consumer Defensive,Education & Training Services,
MYO,MYO,Healthcare,Medical Devices,
MYPS,MYPS,Communication Services,Electronic Gaming & Multimedia,
MYRG,MYRG,Industrials,Engineering & Construction,
MYSE,MYSE,Technology,Software—Application,
MYSZ,MYSZ,Technology,Software—Application,
MZTI,MZTI,Consumer Defensive,Packaged Foods,
NA,NA,Technology,Semiconductors,
NAAS,NAAS,Consumer Cyclical,Specialty Retail,
NABL,NABL,Technology,Information Technology Services,
NAD,NAD,Financial Services,Asset Management,
NAGE,NAGE,Healthcare,Biotechnology,
NAII,NAII,Consumer Defensive,Packaged Foods,
NAKA,NAKA,Financial Services,Capital Markets,
NAMI,NAMI,Communication Services,Internet Content & Information,
NAMM,NAMM,Basic Materials,Gold,
NAMS,NAMS,Healthcare,Biotechnology,
NAN,NAN,Financial Services,Asset Management,
NAT,NAT,Energy,Oil & Gas Midstream,
NATH,NATH,Consumer Cyclical,Restaurants,
NATL,NATL,Technology,Software—Application,
NATR,NATR,Consumer Defensive,Packaged Foods,
NAUT,NAUT,Healthcare,Biotechnology,
NAVI,NAVI,Financial Services,Credit Services,
NAVN,NAVN,Technology,Software—Application,
NAZ,NAZ,Financial Services,Asset Management,
NBBK,NBBK,Financial Services,Banks—Regional,
NBH,NBH,Financial Services,Asset Management,
NBHC,NBHC,Financial Services,Banks—Regional,
NBIS,NBIS,Communication Services,Internet Content & Information,
NBIX,NBIX,Healthcare,Drug Manufacturers—Specialty & Generic,
NBP,NBP,Healthcare,Biotechnology,
NBR,NBR,Energy,Oil & Gas Drilling,
NBTB,NBTB,Financial Services,Banks—Regional,
NBTX,NBTX,Healthcare,Biotechnology,
NC,NC,Energy,Thermal Coal,
NCEW,NCEW,Industrials,Integrated Freight & Logistics,
NCI,NCI,Consumer Cyclical,Apparel Manufacturing,
NCL,NCL,Consumer Cyclical,Textile Composite,
NCLH,NCLH,Consumer Cyclical,,
NCMI,NCMI,Communication Services,Advertising Agencies,
NCNO,NCNO,Technology,Software—Application,
NCPL,NCPL,Financial Services,Capital Markets,
NCRA,NCRA,Consumer Defensive,Packaged Foods,
NCSM,NCSM,Energy,Oil & Gas Equipment & Services,
NCT,NCT,Industrials,Marine Shipping,
NCTY,NCTY,Financial Services,Capital Markets,
NDAQ,NDAQ,Financial Services,,
NDLS,NDLS,Consumer Cyclical,Restaurants,
NDSN,NDSN,Industrials,,
NE,NE,Energy,Oil & Gas Drilling,
NECB,NECB,Financial Services,Banks—Regional,
NEE,NEE,Utilities,,
NEGG,NEGG,Consumer Cyclical,Internet Retail,
NEM,NEM,Basic Materials,,
NEO,NEO,Healthcare,Diagnostics & Research,
NEOG,NEOG,Healthcare,Medical Devices,
NEON,NEON,Technology,Electronic Components,
NEOV,NEOV,Industrials,Electrical Equipment & Parts,
NEPH,NEPH,Healthcare,Medical Instruments & Supplies,
NESR,NESR,Energy,Oil & Gas Equipment & Services,
NET,NET,Technology,Software—Infrastructure,
NEU,NEU,Basic Materials,Specialty Chemicals,
NEUP,NEUP,Healthcare,Biotechnology,
NEWT,NEWT,Financial Services,Banks—Regional,
NEXA,NEXA,Basic Materials,Other Industrial Metals & Mining,
NEXN,NEXN,Communication Services,Advertising Agencies,
NEXR,NEXR,Consumer Cyclical,Internet Retail,
NFE,NFE,Energy,Oil & Gas Midstream,
NFG,NFG,Energy,Oil & Gas Integrated,
NFLX,NFLX,Communication Services,,
NGG,NGG,Utilities,Utilities—Regulated Electric,
NGL,NGL,Energy,Oil & Gas Midstream,
NGNE,NGNE,Healthcare,Biotechnology,
NGS,NGS,Energy,Oil & Gas Equipment & Services,
NGVC,NGVC,Consumer Defensive,Grocery Stores,
NGVT,NGVT,Basic Materials,Specialty Chemicals,
NHI,NHI,Real Estate,REIT—Healthcare Facilities,
NHP,NHP,Real Estate,REIT—Healthcare Facilities,
NHTC,NHTC,Consumer Cyclical,Internet Retail,
NI,NI,Utilities,,
NIC,NIC,Financial Services,Banks—Regional,
NICE,NICE,Technology,Software—Application,
NICM,NICM,Basic Materials,Other Industrial Metals & Mining,
NIM,NIM,Financial Services,Asset Management,
NINE,NINE,Energy,Oil & Gas Equipment & Services,
NIO,NIO,Consumer Cyclical,Auto Manufacturers,
NIPG,NIPG,Communication Services,Entertainment,
NIQ,NIQ,Technology,Software—Application,
NIU,NIU,Consumer Cyclical,Auto Manufacturers,
NIVF,NIVF,Healthcare,Medical Care Facilities,
NIXX,NIXX,Industrials,Staffing & Employment Services,
NJR,NJR,Utilities,Utilities—Regulated Gas,
NKE,NKE,Consumer Cyclical,,
NKSH,NKSH,Financial Services,Banks—Regional,
NKTR,NKTR,Healthcare,Biotechnology,
NL,NL,Industrials,Security & Protection Services,
NLOP,NLOP,Real Estate,REIT—Office,
NLY,NLY,Real Estate,REIT—Mortgage,
NMAX,NMAX,Communication Services,Broadcasting,
NMCO,NMCO,Financial Services,Asset Management,
NMFC,NMFC,Financial Services,Asset Management,
NMI,NMI,Financial Services,Asset Management,
NMIH,NMIH,Financial Services,Insurance—Specialty,
NMM,NMM,Industrials,Marine Shipping,
NMR,NMR,Financial Services,Capital Markets,
NMRK,NMRK,Real Estate,Real Estate Services,
NMT,NMT,Financial Services,Asset Management,
NMTC,NMTC,Healthcare,Medical Devices,
NN,NN,Technology,Software—Infrastructure,
NNBR,NNBR,Industrials,Conglomerates,
NNDM,NNDM,Technology,Computer Hardware,
NNI,NNI,Financial Services,Credit Services,
NNN,NNN,Real Estate,REIT—Retail,
NNNN,NNNN,Healthcare,Medical Instruments & Supplies,
NNOX,NNOX,Healthcare,Medical Devices,
NNY,NNY,Financial Services,Asset Management,
NOA,NOA,Energy,Oil & Gas Equipment & Services,
NOAH,NOAH,Financial Services,Asset Management,
NOC,NOC,Industrials,,
NODK,NODK,Financial Services,Insurance—Property & Casualty,
NOG,NOG,Energy,Oil & Gas E&P,
NOK,NOK,Technology,Communication Equipment,
NOMA,NOMA,Consumer Cyclical,Leisure,
NOMD,NOMD,Consumer Defensive,Packaged Foods,
NOV,NOV,Energy,Oil & Gas Equipment & Services,
NOVT,NOVT,Technology,Scientific & Technical Instruments,
NOW,NOW,Technology,,
NP,NP,Financial Services,Insurance Brokers,
NPB,NPB,Financial Services,Banks—Regional,
NPCE,NPCE,Healthcare,Medical Devices,
NPK,NPK,Industrials,Aerospace & Defense,
NPKI,NPKI,Industrials,Building Products & Equipment,
NPO,NPO,Industrials,Specialty Industrial Machinery,
NPT,NPT,Consumer Cyclical,Specialty Retail,
NPV,NPV,Financial Services,Asset Management,
NPWR,NPWR,Industrials,Specialty Industrial Machinery,
NRC,NRC,Healthcare,Health Information Services,
NRDS,NRDS,Communication Services,Internet Content & Information,
NRDY,NRDY,Technology,Software—Application,
NREF,NREF,Real Estate,REIT—Mortgage,
NRG,NRG,Utilities,,
NRGV,NRGV,Utilities,Utilities—Renewable,
NRIM,NRIM,Financial Services,Banks—Regional,
NRIX,NRIX,Healthcare,Biotechnology,
NRK,NRK,Financial Services,Asset Management,
NRO,NRO,Financial Services,Asset Management,
NRP,NRP,Energy,Thermal Coal,
NRT,NRT,Energy,Oil & Gas E&P,
NRXP,NRXP,Healthcare,Biotechnology,
NSC,NSC,Industrials,,
NSIT,NSIT,Technology,Electronics & Computer Distribution,
NSLR,NSLR,Financial Services,Asset Management,
NSP,NSP,Industrials,Staffing & Employment Services,
NSPR,NSPR,Healthcare,Medical Devices,
NSSC,NSSC,Industrials,Security & Protection Services,
NSTS,NSTS,Financial Services,Banks—Regional,
NSYS,NSYS,Healthcare,Medical Devices,
NTAP,NTAP,Technology,,
NTB,NTB,Financial Services,Banks—Diversified,
NTCL,NTCL,Technology,Software—Application,
NTCT,NTCT,Technology,Software—Infrastructure,
NTES,NTES,Communication Services,Electronic Gaming & Multimedia,
NTGR,NTGR,Technology,Communication Equipment,
NTHI,NTHI,Healthcare,Biotechnology,
NTIC,NTIC,Basic Materials,Specialty Chemicals,
NTIP,NTIP,Industrials,Specialty Business Services,
NTLA,NTLA,Healthcare,Biotechnology,
NTNX,NTNX,Technology,Software—Infrastructure,
NTR,NTR,Basic Materials,Agricultural Inputs,
NTRA,NTRA,Healthcare,Diagnostics & Research,
NTRB,NTRB,Healthcare,Biotechnology,
NTRS,NTRS,Financial Services,,
NTSK,NTSK,Technology,Software—Infrastructure,
NTST,NTST,Real Estate,REIT—Retail,
NTWK,NTWK,Technology,Software—Application,
NTZ,NTZ,Consumer Cyclical,"Furnishings, Fixtures & Appliances",
NU,NU,Financial Services,Banks—Regional,
NUAI,NUAI,Technology,Software—Infrastructure,
NUE,NUE,Basic Materials,,
NUS,NUS,Consumer Defensive,Household & Personal Products,
NUTR,NUTR,Consumer Cyclical,,
NUTX,NUTX,Healthcare,Medical Care Facilities,
NUVB,NUVB,Healthcare,Biotechnology,
NUWE,NUWE,Healthcare,Medical Devices,
NVAX,NVAX,Healthcare,Biotechnology,
NVCR,NVCR,Healthcare,Medical Devices,
NVDA,NVDA,Technology,,
NVEC,NVEC,Technology,Semiconductors,
NVG,NVG,Financial Services,Asset Management,
NVGS,NVGS,Energy,Oil & Gas Midstream,
NVMI,NVMI,Technology,Semiconductor Equipment & Materials,
NVNI,NVNI,Technology,Software—Application,
NVO,NVO,Healthcare,Drug Manufacturers—General,
NVR,NVR,Consumer Cyclical,,
NVRI,NVRI,Industrials,Waste Management,
NVS,NVS,Healthcare,Drug Manufacturers—General,
NVST,NVST,Healthcare,Medical Instruments & Supplies,
NVT,NVT,Industrials,Electrical Equipment & Parts,
NVTS,NVTS,Technology,Semiconductors,
NVX,NVX,Industrials,Electrical Equipment & Parts,
NWBI,NWBI,Financial Services,Banks—Regional,
NWE,NWE,Utilities,Utilities—Regulated Electric,
NWFL,NWFL,Financial Services,Banks—Regional,
NWG,NWG,Financial Services,Banks—Regional,
NWGL,NWGL,Basic Materials,Lumber & Wood Production,
NWL,NWL,Consumer Defensive,Household & Personal Products,
NWN,NWN,Utilities,Utilities—Regulated Gas,
NWPX,NWPX,Basic Materials,Steel,
NWS,NWS,Communication Services,,
NWSA,NWSA,Communication Services,,
NWTG,NWTG,Consumer Cyclical,Leisure,
NX,NX,Industrials,Building Products & Equipment,
NXB,NXB,Consumer Cyclical,Auto & Truck Dealerships,
NXDR,NXDR,Communication Services,Internet Content & Information,
NXDT,NXDT,Real Estate,REIT—Diversified,
NXGL,NXGL,Healthcare,Medical Instruments & Supplies,
NXL,NXL,Healthcare,Medical Devices,
NXPI,NXPI,Technology,,
NXPL,NXPL,Technology,Software—Application,
NXRT,NXRT,Real Estate,REIT—Residential,
NXST,NXST,Communication Services,Broadcasting,
NXT,NXT,Technology,Solar,
NXTS,NXTS,Basic Materials,Agricultural Inputs,
NXTT,NXTT,Technology,Software—Application,
NXXT,NXXT,Utilities,Utilities—Renewable,
NYAX,NYAX,Technology,Software—Infrastructure,
NYC,NYC,Real Estate,Real Estate Services,
NYT,NYT,Communication Services,Publishing,
NYXH,NYXH,Healthcare,Medical Instruments & Supplies,
O,O,Real Estate,,
OABI,OABI,Healthcare,Biotechnology,
OBAI,OBAI,Technology,Software—Infrastructure,
OBDC,OBDC,Financial Services,Asset Management,
OBE,OBE,Energy,Oil & Gas E&P,
OBIO,OBIO,Healthcare,Biotechnology,
OBK,OBK,Financial Services,Banks—Regional,
OBT,OBT,Financial Services,Banks—Regional,
OC,OC,Industrials,Building Products & Equipment,
OCC,OCC,Technology,Communication Equipment,
OCCI,OCCI,Financial Services,Asset Management,
OCFC,OCFC,Financial Services,Banks—Regional,
OCG,OCG,Consumer Cyclical,Internet Retail,
OCGN,OCGN,Healthcare,Biotechnology,
OCS,OCS,Healthcare,Biotechnology,
OCSL,OCSL,Financial Services,Asset Management,
OCUL,OCUL,Healthcare,Biotechnology,
ODC,ODC,Basic Materials,Specialty Chemicals,
ODD,ODD,Consumer Defensive,Household & Personal Products,
ODFL,ODFL,Industrials,,
ODYS,ODYS,Technology,Scientific & Technical Instruments,
OEC,OEC,Basic Materials,Specialty Chemicals,
OESX,OESX,Industrials,Electrical Equipment & Parts,
OFAL,OFAL,Industrials,Engineering & Construction,
OFG,OFG,Financial Services,Banks—Regional,
OFIX,OFIX,Healthcare,Medical Devices,
OFLX,OFLX,Industrials,Specialty Industrial Machinery,
OFRM,OFRM,Consumer Defensive,Packaged Foods,
OFS,OFS,Financial Services,Asset Management,
OGC,OGC,Basic Materials,Gold,
OGE,OGE,Utilities,Utilities—Regulated Electric,
OGEN,OGEN,Healthcare,Biotechnology,
OGG,OGG,Basic Materials,Gold,
OGI,OGI,Healthcare,Drug Manufacturers—Specialty & Generic,
OGN,OGN,Healthcare,Drug Manufacturers—General,
OGS,OGS,Utilities,Utilities—Regulated Gas,
OHI,OHI,Real Estate,REIT—Healthcare Facilities,
OI,OI,Consumer Cyclical,Packaging & Containers,
OIA,OIA,Financial Services,Asset Management,
OII,OII,Energy,Oil & Gas Equipment & Services,
OIO,OIO,Industrials,Waste Management,
OIS,OIS,Energy,Oil & Gas Equipment & Services,
OKE,OKE,Energy,,
OKTA,OKTA,Technology,Software—Infrastructure,
OLB,OLB,Technology,Software—Infrastructure,
OLED,OLED,Technology,Electronic Components,
OLLI,OLLI,Consumer Defensive,Discount Stores,
OLN,OLN,Basic Materials,Chemicals,
OLOX,OLOX,Industrials,Metal Fabrication,
OLP,OLP,Real Estate,REIT—Diversified,
OM,OM,Healthcare,Medical Devices,
OMAB,OMAB,Industrials,Airports & Air Services,
OMC,OMC,Communication Services,,
OMCL,OMCL,Healthcare,Health Information Services,
OMDA,OMDA,Healthcare,Health Information Services,
OMER,OMER,Healthcare,Biotechnology,
OMEX,OMEX,Basic Materials,Other Industrial Metals & Mining,
OMF,OMF,Financial Services,Credit Services,
OMH,OMH,Real Estate,Real Estate Services,
OMSE,OMSE,Energy,Oil & Gas Equipment & Services,
ON,ON,Technology,,
ONB,ONB,Financial Services,Banks—Regional,
ONC,ONC,Healthcare,Biotechnology,
ONCO,ONCO,Healthcare,Biotechnology,
ONDS,ONDS,Technology,Communication Equipment,
ONEG,ONEG,Industrials,Engineering & Construction,
ONEW,ONEW,Consumer Cyclical,Specialty Retail,
ONFO,ONFO,Communication Services,Internet Content & Information,
ONIT,ONIT,Financial Services,Mortgage Finance,
ONL,ONL,Real Estate,REIT—Office,
ONMD,ONMD,Healthcare,Health Information Services,
ONON,ONON,Consumer Cyclical,Footwear & Accessories,
ONT,ONT,Industrials,Waste Management,
ONTO,ONTO,Technology,Semiconductor Equipment & Materials,
OOMA,OOMA,Technology,Software—Application,
OPAD,OPAD,Real Estate,Real Estate Services,
OPAL,OPAL,Utilities,Utilities—Regulated Gas,
OPBK,OPBK,Financial Services,Banks—Regional,
OPCH,OPCH,Healthcare,Medical Care Facilities,
OPEN,OPEN,Real Estate,Real Estate Services,
OPFI,OPFI,Financial Services,Credit Services,
OPK,OPK,Healthcare,Diagnostics & Research,
OPLN,OPLN,Consumer Cyclical,Auto & Truck Dealerships,
OPRA,OPRA,Communication Services,Internet Content & Information,
OPRT,OPRT,Financial Services,Credit Services,
OPRX,OPRX,Healthcare,Health Information Services,
OPTT,OPTT,Industrials,Specialty Industrial Machinery,
OPTU,OPTU,Communication Services,Telecom Services,
OPTX,OPTX,Technology,Electronic Components,
OPXS,OPXS,Industrials,Aerospace & Defense,
OPY,OPY,Financial Services,Capital Markets,
OR,OR,Basic Materials,Gold,
ORA,ORA,Utilities,Utilities—Renewable,
ORBS,ORBS,Consumer Cyclical,Packaging & Containers,
ORC,ORC,Real Estate,REIT—Mortgage,
ORCL,ORCL,Technology,,
ORGO,ORGO,Healthcare,Drug Manufacturers—Specialty & Generic,
ORI,ORI,Financial Services,Insurance—Property & Casualty,
ORIO,ORIO,Technology,Software—Infrastructure,
ORKT,ORKT,Technology,Software—Application,
ORLY,ORLY,Consumer Cyclical,,
ORMP,ORMP,Healthcare,Biotechnology,
ORN,ORN,Industrials,Engineering & Construction,
ORRF,ORRF,Financial Services,Banks—Regional,
OSBC,OSBC,Financial Services,Banks—Regional,
OSCR,OSCR,Healthcare,Healthcare Plans,
OSG,OSG,Financial Services,Insurance—Specialty,
OSIS,OSIS,Technology,Electronic Components,
OSK,OSK,Industrials,Farm & Heavy Construction Machinery,
OSPN,OSPN,Technology,Software—Infrastructure,
OSRH,OSRH,Healthcare,Biotechnology,
OSS,OSS,Technology,Computer Hardware,
OST,OST,Technology,,
OSUR,OSUR,Healthcare,Medical Instruments & Supplies,
OSW,OSW,Consumer Cyclical,Leisure,
OTEX,OTEX,Technology,Software—Application,
OTF,OTF,Financial Services,Asset Management,
OTIS,OTIS,Industrials,,
OTLK,OTLK,Healthcare,Biotechnology,
OTLY,OTLY,Consumer Defensive,Packaged Foods,
OTTR,OTTR,Industrials,Conglomerates,
OUST,OUST,Technology,Electronic Components,
OUT,OUT,Real Estate,REIT—Specialty,
OVBC,OVBC,Financial Services,Banks—Regional,
OVID,OVID,Healthcare,Biotechnology,
OVLY,OVLY,Financial Services,Banks—Regional,
OVV,OVV,Energy,Oil & Gas E&P,
OWL,OWL,Financial Services,Asset Management,
OWLT,OWLT,Healthcare,Medical Devices,
OXBR,OXBR,Financial Services,Insurance—Reinsurance,
OXLC,OXLC,Financial Services,Asset Management,
OXM,OXM,Consumer Cyclical,Apparel Manufacturing,
OXSQ,OXSQ,Financial Services,Asset Management,
OXY,OXY,Energy,,
OZ,OZ,Real Estate,Real Estate—Development,
OZK,OZK,Financial Services,Banks—Regional,
P,P,Technology,Computer Hardware,
PAA,PAA,Energy,Oil & Gas Midstream,
PAAS,PAAS,Basic Materials,Gold,
PAC,PAC,Industrials,Airports & Air Services,
PACB,PACB,Healthcare,Medical Devices,
PACK,PACK,Consumer Cyclical,Packaging & Containers,
PACS,PACS,Healthcare,Medical Care Facilities,
PAG,PAG,Consumer Cyclical,Auto & Truck Dealerships,
PAGP,PAGP,Energy,Oil & Gas Midstream,
PAGS,PAGS,Technology,Software—Infrastructure,
PAHC,PAHC,Healthcare,Drug Manufacturers—Specialty & Generic,
PAL,PAL,Industrials,Integrated Freight & Logistics,
PALI,PALI,Healthcare,Biotechnology,
PAM,PAM,Industrials,Conglomerates,
PAMT,PAMT,Industrials,Trucking,
PANL,PANL,Industrials,Marine Shipping,
PANW,PANW,Technology,,
PAR,PAR,Technology,Software—Application,
PARK,PARK,Healthcare,Medical Care Facilities,
PARR,PARR,Energy,Oil & Gas Refining & Marketing,
PASW,PASW,Consumer Cyclical,Textile Manufacturing,
PATH,PATH,Technology,Software—Infrastructure,
PATK,PATK,Consumer Cyclical,Recreational Vehicles,
PAVM,PAVM,Healthcare,Medical Devices,
PAVS,PAVS,Consumer Defensive,Packaged Foods,
PAX,PAX,Financial Services,Asset Management,
PAY,PAY,Technology,Software—Infrastructure,
PAYC,PAYC,Technology,Software—Application,
PAYO,PAYO,Technology,Software—Infrastructure,
PAYP,PAYP,Technology,Software—Infrastructure,
PAYS,PAYS,Technology,Software—Infrastructure,
PAYX,PAYX,Industrials,,
PB,PB,Financial Services,Banks—Regional,
PBA,PBA,Energy,Oil & Gas Midstream,
PBF,PBF,Energy,Oil & Gas Refining & Marketing,
PBFS,PBFS,Financial Services,Banks—Regional,
PBH,PBH,Healthcare,Drug Manufacturers—Specialty & Generic,
PBHC,PBHC,Financial Services,Banks—Regional,
PBI,PBI,Industrials,Integrated Freight & Logistics,
PBK,PBK,Utilities,Utilities—Renewable,
PBR,PBR,Energy,Oil & Gas Integrated,
PBR-A,PBR-A,Energy,Oil & Gas Integrated,
PBT,PBT,Energy,Oil & Gas Midstream,
PBYI,PBYI,Healthcare,Biotechnology,
PC,PC,Industrials,,
PCAR,PCAR,Industrials,,
PCB,PCB,Financial Services,Banks—Regional,
PCG,PCG,Utilities,,
PCLA,PCLA,Communication Services,Telecom Services,
PCM,PCM,Financial Services,Asset Management,
PCN,PCN,Financial Services,Asset Management,
PCOR,PCOR,Technology,Software—Application,
PCQ,PCQ,Financial Services,Asset Management,
PCRX,PCRX,Healthcare,Drug Manufacturers—Specialty & Generic,
PCT,PCT,Industrials,Pollution & Treatment Controls,
PCTY,PCTY,Technology,Software—Application,
PCYO,PCYO,Utilities,Utilities—Regulated Water,
PD,PD,Technology,Software—Application,
PDC,PDC,Technology,Software—Application,
PDD,PDD,Consumer Cyclical,Internet Retail,
PDEX,PDEX,Healthcare,Medical Instruments & Supplies,
PDFS,PDFS,Technology,Software—Application,
PDLB,PDLB,Financial Services,Banks—Regional,
PDM,PDM,Real Estate,REIT—Office,
PDS,PDS,Energy,Oil & Gas Drilling,
PDT,PDT,Financial Services,Asset Management,
PDYN,PDYN,Technology,Software—Infrastructure,
PEB,PEB,Real Estate,REIT—Hotel & Motel,
PEBK,PEBK,Financial Services,Banks—Regional,
PEBO,PEBO,Financial Services,Banks—Regional,
PECO,PECO,Real Estate,REIT—Retail,
PED,PED,Energy,Oil & Gas E&P,
PEG,PEG,Utilities,,
PEGA,PEGA,Technology,Software—Application,
PEN,PEN,Healthcare,Medical Devices,
PENG,PENG,Technology,Information Technology Services,
PENN,PENN,Consumer Cyclical,Resorts & Casinos,
PEO,PEO,Financial Services,Asset Management,
PEP,PEP,Consumer Defensive,,
PERF,PERF,Technology,Software—Application,
PERI,PERI,Communication Services,Internet Content & Information,
PESI,PESI,Industrials,Waste Management,
PETS,PETS,Healthcare,Pharmaceutical Retailers,
PETZ,PETZ,Real Estate,Real Estate Services,
PEW,PEW,Industrials,Aerospace & Defense,
PFAI,PFAI,Consumer Defensive,Farm Products,
PFBC,PFBC,Financial Services,Banks—Regional,
PFE,PFE,Healthcare,,
PFG,PFG,Financial Services,,
PFGC,PFGC,Consumer Defensive,Food Distribution,
PFIS,PFIS,Financial Services,Banks—Regional,
PFL,PFL,Financial Services,Asset Management,
PFLT,PFLT,Financial Services,Asset Management,
PFN,PFN,Financial Services,Asset Management,
PFO,PFO,Financial Services,Asset Management,
PFS,PFS,Financial Services,Banks—Regional,
PFSA,PFSA,Healthcare,Medical Devices,
PFSI,PFSI,Financial Services,Mortgage Finance,
PFX,PFX,Financial Services,Asset Management,
PG,PG,Consumer Defensive,,
PGC,PGC,Financial Services,Banks—Regional,
PGEN,PGEN,Healthcare,Biotechnology,
PGNY,PGNY,Healthcare,Healthcare Plans,
PGP,PGP,Financial Services,Asset Management,
PGR,PGR,Financial Services,,
PGY,PGY,Technology,Software—Infrastructure,
PH,PH,Industrials,,
PHAR,PHAR,Healthcare,Biotechnology,
PHAT,PHAT,Healthcare,Biotechnology,
PHG,PHG,Healthcare,Medical Devices,
PHI,PHI,Communication Services,Telecom Services,
PHIN,PHIN,Consumer Cyclical,Auto Parts,
PHK,PHK,Financial Services,Asset Management,
PHM,PHM,Consumer Cyclical,,
PHOE,PHOE,Industrials,Engineering & Construction,
PHR,PHR,Healthcare,Health Information Services,
PHUN,PHUN,Technology,Software—Application,
PI,PI,Technology,Semiconductors,
PICS,PICS,Technology,Software—Infrastructure,
PII,PII,Consumer Cyclical,Recreational Vehicles,
PIII,PIII,Healthcare,Medical Care Facilities,
PIM,PIM,Financial Services,Asset Management,
PINE,PINE,Real Estate,REIT—Retail,
PINS,PINS,Communication Services,Internet Content & Information,
PIPR,PIPR,Financial Services,Capital Markets,
PJT,PJT,Financial Services,Capital Markets,
PK,PK,Real Estate,REIT—Hotel & Motel,
PKBK,PKBK,Financial Services,Banks—Regional,
PKE,PKE,Industrials,Aerospace & Defense,
PKG,PKG,Basic Materials,,
PKOH,PKOH,Industrials,Specialty Industrial Machinery,
PKX,PKX,Basic Materials,Steel,
PL,PL,Industrials,Aerospace & Defense,
PLAB,PLAB,Technology,Semiconductor Equipment & Materials,
PLAG,PLAG,Industrials,Conglomerates,
PLAY,PLAY,Communication Services,Entertainment,
PLBC,PLBC,Financial Services,Banks—Regional,
PLBL,PLBL,Consumer Cyclical,Department Stores,
PLBY,PLBY,Consumer Cyclical,Leisure,
PLCE,PLCE,Consumer Cyclical,Apparel Manufacturing,
PLD,PLD,Real Estate,,
PLGO,PLGO,Financial Services,Insurance—Diversified,
PLMR,PLMR,Financial Services,Insurance—Property & Casualty,
PLNT,PLNT,Consumer Cyclical,Leisure,
PLOW,PLOW,Consumer Cyclical,Auto Parts,
PLPC,PLPC,Industrials,Electrical Equipment & Parts,
PLRX,PLRX,Healthcare,Biotechnology,
PLSE,PLSE,Healthcare,Medical Instruments & Supplies,
PLSM,PLSM,Healthcare,Medical Devices,
PLTK,PLTK,Communication Services,Electronic Gaming & Multimedia,
PLTR,PLTR,Technology,,
PLTS,PLTS,Technology,,
PLUG,PLUG,Industrials,Electrical Equipment & Parts,
PLUR,PLUR,Healthcare,Biotechnology,
PLUS,PLUS,Technology,Software—Application,
PLUT,PLUT,Financial Services,Capital Markets,
PLX,PLX,Healthcare,Biotechnology,
PLXS,PLXS,Technology,Electronic Components,
PM,PM,Consumer Defensive,,
PMA,PMA,Industrials,Engineering & Construction,
PMAX,PMAX,Financial Services,Capital Markets,
PMEC,PMEC,Industrials,Specialty Business Services,
PMI,PMI,Healthcare,Medical Devices,
PML,PML,Financial Services,Asset Management,
PMM,PMM,Financial Services,Asset Management,
PMT,PMT,Real Estate,REIT—Mortgage,
PMTS,PMTS,Financial Services,Credit Services,
PN,PN,Technology,Solar,
PNBK,PNBK,Financial Services,Banks—Regional,
PNC,PNC,Financial Services,,
PNFP,PNFP,Financial Services,Banks—Regional,
PNI,PNI,Financial Services,Asset Management,
PNNT,PNNT,Financial Services,Asset Management,
PNR,PNR,Industrials,,
PNRG,PNRG,Energy,Oil & Gas E&P,
PNTG,PNTG,Healthcare,Medical Care Facilities,
PNW,PNW,Utilities,,
POCI,POCI,Healthcare,Medical Instruments & Supplies,
PODC,PODC,Communication Services,Internet Content & Information,
PODD,PODD,Healthcare,,
POET,POET,Technology,Semiconductors,
POLA,POLA,Industrials,Electrical Equipment & Parts,
POM,POM,Healthcare,Pharmaceutical Retailers,
PONY,PONY,Technology,Information Technology Services,
POOL,POOL,Industrials,Industrial Distribution,
POR,POR,Utilities,Utilities—Regulated Electric,
POST,POST,Consumer Defensive,Packaged Foods,
POWI,POWI,Technology,Semiconductors,
POWL,POWL,Industrials,Electrical Equipment & Parts,
POWW,POWW,Industrials,Aerospace & Defense,
PPC,PPC,Consumer Defensive,Packaged Foods,
PPG,PPG,Basic Materials,,
PPHC,PPHC,Industrials,Consulting Services,
PPIH,PPIH,Industrials,Building Products & Equipment,
PPL,PPL,Utilities,,
PPLI,PPLI,Communication Services,Internet Content & Information,
PPSI,PPSI,Industrials,Electrical Equipment & Parts,
PPT,PPT,Financial Services,Asset Management,
PR,PR,Energy,Oil & Gas E&P,
PRAA,PRAA,Financial Services,Credit Services,
PRAX,PRAX,Healthcare,Biotechnology,
PRCH,PRCH,Financial Services,Insurance—Property & Casualty,
PRCT,PRCT,Healthcare,Medical Devices,
PRDO,PRDO,Consumer Defensive,Education & Training Services,
PRE,PRE,Consumer Defensive,Packaged Foods,
PRFX,PRFX,Healthcare,Drug Manufacturers—Specialty & Generic,
PRG,PRG,Industrials,Rental & Leasing Services,
PRGO,PRGO,Healthcare,Drug Manufacturers—Specialty & Generic,
PRGS,PRGS,Technology,Software—Infrastructure,
PRHI,PRHI,Financial Services,Insurance—Property & Casualty,
PRI,PRI,Financial Services,Insurance—Life,
PRIM,PRIM,Industrials,Engineering & Construction,
PRK,PRK,Financial Services,Banks—Regional,
PRKS,PRKS,Consumer Cyclical,Leisure,
PRLB,PRLB,Industrials,Metal Fabrication,
PRLD,PRLD,Healthcare,Biotechnology,
PRM,PRM,Basic Materials,Specialty Chemicals,
PRMB,PRMB,Consumer Defensive,Beverages—Non-Alcoholic,
PRME,PRME,Healthcare,Biotechnology,
PROF,PROF,Healthcare,Medical Devices,
PROK,PROK,Healthcare,Biotechnology,
PROP,PROP,Energy,Oil & Gas E&P,
PROV,PROV,Financial Services,Banks—Regional,
PRPL,PRPL,Consumer Cyclical,"Furnishings, Fixtures & Appliances",
PRPO,PRPO,Healthcare,Diagnostics & Research,
PRQR,PRQR,Healthcare,Biotechnology,
PRSO,PRSO,Technology,Semiconductors,
PRSU,PRSU,Consumer Cyclical,Travel Services,
PRT,PRT,Energy,Oil & Gas E&P,
PRTA,PRTA,Healthcare,Biotechnology,
PRTH,PRTH,Technology,Software—Infrastructure,
PRTS,PRTS,Consumer Cyclical,Auto Parts,
PRU,PRU,Financial Services,,
PRVA,PRVA,Healthcare,Health Information Services,
PRZO,PRZO,Industrials,Aerospace & Defense,
PS,PS,Financial Services,Asset Management,
PSA,PSA,Real Estate,,
PSEC,PSEC,Financial Services,Asset Management,
PSFE,PSFE,Technology,Software—Infrastructure,
PSHG,PSHG,Industrials,Marine Shipping,
PSIG,PSIG,Industrials,Integrated Freight & Logistics,
PSIX,PSIX,Industrials,Specialty Industrial Machinery,
PSKY,PSKY,Communication Services,,
PSMT,PSMT,Consumer Defensive,Discount Stores,
PSN,PSN,Technology,Information Technology Services,
PSNL,PSNL,Healthcare,Diagnostics & Research,
PSNY,PSNY,Consumer Cyclical,Auto Manufacturers,
PSO,PSO,Communication Services,Publishing,
PSQH,PSQH,Technology,Software—Application,
PSTL,PSTL,Real Estate,REIT—Office,
PSTV,PSTV,Healthcare,Biotechnology,
PSX,PSX,Energy,,
PTC,PTC,Technology,,
PTCT,PTCT,Healthcare,Biotechnology,
PTEN,PTEN,Energy,Oil & Gas Drilling,
PTGX,PTGX,Healthcare,Biotechnology,
PTHS,PTHS,Healthcare,Biotechnology,
PTLE,PTLE,Consumer Cyclical,Specialty Retail,
PTLO,PTLO,Consumer Cyclical,Restaurants,
PTN,PTN,Healthcare,Biotechnology,
PTON,PTON,Consumer Cyclical,Leisure,
PTRN,PTRN,Technology,Software—Application,
PUBM,PUBM,Technology,Software—Application,
PUK,PUK,Financial Services,Insurance—Life,
PULM,PULM,Healthcare,Biotechnology,
PUMP,PUMP,Energy,Oil & Gas Equipment & Services,
PVH,PVH,Consumer Cyclical,Apparel Manufacturing,
PVL,PVL,Energy,Oil & Gas E&P,
PVLA,PVLA,Healthcare,Biotechnology,
PW,PW,Real Estate,REIT—Specialty,
PWP,PWP,Financial Services,Capital Markets,
PWR,PWR,Industrials,,
PXED,PXED,Consumer Defensive,Education & Training Services,
PXLW,PXLW,Technology,Semiconductors,
PXS,PXS,Energy,Oil & Gas Midstream,
PYPL,PYPL,Financial Services,,
PYXS,PYXS,Healthcare,Biotechnology,
PZZA,PZZA,Consumer Cyclical,Restaurants,
Q,Q,Technology,,
QBTS,QBTS,Technology,Computer Hardware,
QCOM,QCOM,Technology,,
QCRH,QCRH,Financial Services,Banks—Regional,
QDEL,QDEL,Healthcare,Medical Devices,
QFIN,QFIN,Financial Services,Credit Services,
QGEN,QGEN,Healthcare,Diagnostics & Research,
QH,QH,Technology,Software—Application,
QLYS,QLYS,Technology,Software—Infrastructure,
QMCO,QMCO,Technology,Computer Hardware,
QMMM,QMMM,Communication Services,,
QNST,QNST,Communication Services,Advertising Agencies,
QRHC,QRHC,Industrials,Waste Management,
QRVO,QRVO,Technology,Semiconductors,
QSI,QSI,Healthcare,Medical Devices,
QSR,QSR,Consumer Cyclical,Restaurants,
QTEX,QTEX,Technology,Computer Hardware,
QTI,QTI,Healthcare,Medical Devices,
QTRX,QTRX,Healthcare,Medical Devices,
QTTB,QTTB,Healthcare,Biotechnology,
QTWO,QTWO,Technology,Software—Application,
QUAD,QUAD,Industrials,Specialty Business Services,
QUBT,QUBT,Technology,Computer Hardware,
QUCY,QUCY,Healthcare,Diagnostics & Research,
QUIK,QUIK,Technology,Semiconductors,
QURE,QURE,Healthcare,Biotechnology,
QXL,QXL,Technology,Information Technology Services,
QXO,QXO,Industrials,Industrial Distribution,
R,R,Industrials,Rental & Leasing Services,
RACE,RACE,Consumer Cyclical,Auto Manufacturers,
RADX,RADX,Healthcare,Biotechnology,
RAIL,RAIL,Industrials,Railroads,
RAIN,RAIN,Industrials,Pollution & Treatment Controls,
RAL,RAL,Technology,Electronic Components,
RAMP,RAMP,Technology,Software—Infrastructure,
RAND,RAND,Financial Services,Asset Management,
RANI,RANI,Healthcare,Biotechnology,
RAPP,RAPP,Healthcare,Biotechnology,
RARE,RARE,Healthcare,Biotechnology,
RAVE,RAVE,Consumer Cyclical,Restaurants,
RAY,RAY,Consumer Defensive,Household & Personal Products,
RAYA,RAYA,Industrials,Electrical Equipment & Parts,
RBA,RBA,Industrials,Specialty Business Services,
RBB,RBB,Financial Services,Banks—Regional,
RBBN,RBBN,Technology,Software—Application,
RBC,RBC,Industrials,Tools & Accessories,
RBCAA,RBCAA,Financial Services,Banks—Regional,
RBKB,RBKB,Financial Services,Banks—Regional,
RBLX,RBLX,Communication Services,Electronic Gaming & Multimedia,
RBNE,RBNE,Energy,Oil & Gas Midstream,
RBRK,RBRK,Technology,Software—Infrastructure,
RC,RC,Real Estate,REIT—Mortgage,
RCAT,RCAT,Industrials,Aerospace & Defense,
RCEL,RCEL,Healthcare,Medical Devices,
RCG,RCG,Financial Services,Asset Management,
RCI,RCI,Communication Services,Telecom Services,
RCKY,RCKY,Consumer Cyclical,Footwear & Accessories,
RCL,RCL,Consumer Cyclical,,
RCMT,RCMT,Industrials,Conglomerates,
RCON,RCON,Energy,Oil & Gas Equipment & Services,
RCS,RCS,Financial Services,Asset Management,
RCT,RCT,Technology,Software—Application,
RCUS,RCUS,Healthcare,Biotechnology,
RDCM,RDCM,Communication Services,Telecom Services,
RDDT,RDDT,Communication Services,Internet Content & Information,
RDGT,RDGT,Healthcare,Pharmaceutical Retailers,
RDHL,RDHL,Healthcare,Drug Manufacturers—Specialty & Generic,
RDI,RDI,Communication Services,Entertainment,
RDIB,RDIB,Communication Services,Entertainment,
RDN,RDN,Financial Services,Insurance—Specialty,
RDNT,RDNT,Healthcare,Diagnostics & Research,
RDNW,RDNW,Consumer Cyclical,Auto & Truck Dealerships,
RDVT,RDVT,Technology,Software—Application,
RDW,RDW,Industrials,Aerospace & Defense,
RDWR,RDWR,Technology,Software—Infrastructure,
RDY,RDY,Healthcare,Drug Manufacturers—Specialty & Generic,
RDZN,RDZN,Technology,Software—Application,
REAL,REAL,Consumer Cyclical,Luxury Goods,
REAX,REAX,Real Estate,Real Estate Services,
REBN,REBN,Consumer Cyclical,Restaurants,
RECT,RECT,Consumer Cyclical,Specialty Retail,
REFI,REFI,Real Estate,REIT—Mortgage,
REFR,REFR,Technology,Electronic Components,
REG,REG,Real Estate,,
REGN,REGN,Healthcare,,
REKR,REKR,Technology,Software—Infrastructure,
RELL,RELL,Technology,Electronic Components,
RELX,RELX,Industrials,Specialty Business Services,
RELY,RELY,Technology,Software—Infrastructure,
RENT,RENT,Consumer Cyclical,Apparel Retail,
RENX,RENX,Real Estate,Real Estate—Development,
RERE,RERE,Consumer Cyclical,Internet Retail,
RES,RES,Energy,Oil & Gas Equipment & Services,
RETO,RETO,Basic Materials,Building Materials,
REX,REX,Basic Materials,Chemicals,
REXR,REXR,Real Estate,REIT—Industrial,
REYN,REYN,Consumer Cyclical,Packaging & Containers,
REZI,REZI,Industrials,Industrial Distribution,
RF,RF,Financial Services,,
RFI,RFI,Financial Services,Asset Management,
RFIL,RFIL,Industrials,Electrical Equipment & Parts,
RFL,RFL,Real Estate,Real Estate Services,
RGA,RGA,Financial Services,Insurance—Reinsurance,
RGCO,RGCO,Utilities,Utilities—Regulated Gas,
RGEN,RGEN,Healthcare,Medical Instruments & Supplies,
RGLD,RGLD,Basic Materials,Gold,
RGNX,RGNX,Healthcare,Biotechnology,
RGP,RGP,Industrials,Consulting Services,
RGR,RGR,Industrials,Aerospace & Defense,
RGS,RGS,Consumer Cyclical,Personal Services,
RGT,RGT,Financial Services,Asset Management,
RGTI,RGTI,Technology,Computer Hardware,
RH,RH,Consumer Cyclical,Specialty Retail,
RHI,RHI,Industrials,Staffing & Employment Services,
RHLD,RHLD,Industrials,Specialty Business Services,
RHP,RHP,Real Estate,REIT—Hotel & Motel,
RICK,RICK,Consumer Cyclical,Restaurants,
RIG,RIG,Energy,Oil & Gas Drilling,
RIGL,RIGL,Healthcare,Biotechnology,
RILY,RILY,Financial Services,Financial Conglomerates,
RIME,RIME,Technology,Consumer Electronics,
RIO,RIO,Basic Materials,Other Industrial Metals & Mining,
RIOT,RIOT,Financial Services,Capital Markets,
RITM,RITM,Real Estate,REIT—Mortgage,
RITR,RITR,Industrials,Engineering & Construction,
RIVN,RIVN,Consumer Cyclical,Auto Manufacturers,
RJET,RJET,Industrials,Airlines,
RJF,RJF,Financial Services,,
RKDA,RKDA,Consumer Defensive,Packaged Foods,
RKLB,RKLB,Industrials,Aerospace & Defense,
RKT,RKT,Financial Services,Mortgage Finance,
RL,RL,Consumer Cyclical,,
RLAY,RLAY,Healthcare,Biotechnology,
RLGT,RLGT,Industrials,Integrated Freight & Logistics,
RLI,RLI,Financial Services,Insurance—Property & Casualty,
RLJ,RLJ,Real Estate,REIT—Hotel & Motel,
RLX,RLX,Consumer Defensive,Tobacco,
RLYB,RLYB,Healthcare,Biotechnology,
RM,RM,Financial Services,Credit Services,
RMAX,RMAX,Real Estate,Real Estate Services,
RMBI,RMBI,Financial Services,Banks—Regional,
RMBS,RMBS,Technology,Semiconductors,
RMCF,RMCF,Consumer Defensive,Confectioners,
RMCO,RMCO,Financial Services,Asset Management,
RMD,RMD,Healthcare,,
RMIX,RMIX,Basic Materials,Building Materials,
RMNI,RMNI,Technology,Software—Application,
RMR,RMR,Real Estate,Real Estate Services,
RMSG,RMSG,Technology,Software—Application,
RMT,RMT,Financial Services,Asset Management,
RMTI,RMTI,Healthcare,Drug Manufacturers—Specialty & Generic,
RNA,RNA,Healthcare,Biotechnology,
RNAC,RNAC,Healthcare,Biotechnology,
RNG,RNG,Technology,Software—Application,
RNGR,RNGR,Energy,Oil & Gas Equipment & Services,
RNP,RNP,Financial Services,Asset Management,
RNR,RNR,Financial Services,Insurance—Reinsurance,
RNST,RNST,Financial Services,Banks—Regional,
RNW,RNW,Utilities,Utilities—Renewable,
RNXT,RNXT,Healthcare,Biotechnology,
ROAD,ROAD,Industrials,Engineering & Construction,
ROC,ROC,Technology,Software—Infrastructure,
ROCK,ROCK,Industrials,Building Products & Equipment,
ROG,ROG,Technology,Electronic Components,
ROIV,ROIV,Healthcare,Biotechnology,
ROK,ROK,Industrials,,
ROKU,ROKU,Communication Services,Entertainment,
ROL,ROL,Industrials,,
ROLR,ROLR,Consumer Cyclical,Gambling,
ROMA,ROMA,Industrials,Consulting Services,
ROOT,ROOT,Financial Services,Insurance—Property & Casualty,
ROP,ROP,Technology,,
ROST,ROST,Consumer Cyclical,,
RPAY,RPAY,Technology,Software—Infrastructure,
RPC,RPC,Financial Services,Asset Management,
RPD,RPD,Technology,Software—Infrastructure,
RPGL,RPGL,Technology,Software—Application,
RPID,RPID,Healthcare,Medical Devices,
RPM,RPM,Basic Materials,Specialty Chemicals,
RPRX,RPRX,Healthcare,Biotechnology,
RPT,RPT,Real Estate,REIT—Mortgage,
RQI,RQI,Financial Services,Asset Management,
RR,RR,Industrials,Specialty Industrial Machinery,
RRBI,RRBI,Financial Services,Banks—Regional,
RRC,RRC,Energy,Oil & Gas E&P,
RRGB,RRGB,Consumer Cyclical,Restaurants,
RRR,RRR,Consumer Cyclical,Resorts & Casinos,
RRX,RRX,Industrials,Specialty Industrial Machinery,
RS,RS,Basic Materials,Steel,
RSG,RSG,Industrials,,
RSI,RSI,Consumer Cyclical,Gambling,
RSKD,RSKD,Technology,Software—Application,
RSSS,RSSS,Technology,Software—Application,
RSVR,RSVR,Communication Services,Entertainment,
RTB,RTB,Technology,Software—Application,
RTO,RTO,Industrials,Specialty Business Services,
RTX,RTX,Industrials,,
RUBI,RUBI,Industrials,Marine Shipping,
RUM,RUM,Communication Services,Internet Content & Information,
RUN,RUN,Technology,Solar,
RUSHA,RUSHA,Consumer Cyclical,Auto & Truck Dealerships,
RUSHB,RUSHB,Consumer Cyclical,Auto & Truck Dealerships,
RVLV,RVLV,Consumer Cyclical,Internet Retail,
RVMD,RVMD,Healthcare,Biotechnology,
RVP,RVP,Healthcare,Medical Instruments & Supplies,
RVSB,RVSB,Financial Services,Banks—Regional,
RVSN,RVSN,Industrials,Railroads,
RVT,RVT,Financial Services,Asset Management,
RVTY,RVTY,Healthcare,,
RWAY,RWAY,Financial Services,Asset Management,
RWT,RWT,Real Estate,REIT—Mortgage,
RXO,RXO,Industrials,Trucking,
RXRX,RXRX,Healthcare,Biotechnology,
RXST,RXST,Healthcare,Medical Devices,
RXT,RXT,Technology,Software—Infrastructure,
RY,RY,Financial Services,Banks—Diversified,
RYAAY,RYAAY,Industrials,Airlines,
RYAM,RYAM,Basic Materials,Chemicals,
RYAN,RYAN,Financial Services,Insurance—Specialty,
RYET,RYET,Consumer Defensive,Education & Training Services,
RYM,RYM,Consumer Defensive,Tobacco,
RYN,RYN,Real Estate,REIT—Specialty,
RYOJ,RYOJ,Industrials,Consulting Services,
RYTM,RYTM,Healthcare,Biotechnology,
RYZ,RYZ,Industrials,Metal Fabrication,
RZLV,RZLV,Technology,Software—Infrastructure,
S,S,Technology,Software—Infrastructure,
SABR,SABR,Technology,Software—Infrastructure,
SABS,SABS,Healthcare,Biotechnology,
SACH,SACH,Real Estate,REIT—Mortgage,
SAFE,SAFE,Real Estate,REIT—Diversified,
SAFT,SAFT,Financial Services,Insurance—Property & Casualty,
SAFX,SAFX,Utilities,Utilities—Renewable,
SAGT,SAGT,Technology,Software—Application,
SAH,SAH,Consumer Cyclical,Auto & Truck Dealerships,
SAIA,SAIA,Industrials,Trucking,
SAIC,SAIC,Technology,Information Technology Services,
SAIH,SAIH,Technology,Information Technology Services,
SAIL,SAIL,Technology,Software—Infrastructure,
SAM,SAM,Consumer Defensive,Beverages—Brewers,
SAMG,SAMG,Financial Services,Asset Management,
SAN,SAN,Financial Services,Banks—Diversified,
SANG,SANG,Technology,Software—Infrastructure,
SANM,SANM,Technology,Electronic Components,
SAP,SAP,Technology,Software—Application,
SAR,SAR,Financial Services,Asset Management,
SARO,SARO,Industrials,Aerospace & Defense,
SATL,SATL,Industrials,Aerospace & Defense,
SB,SB,Industrials,Marine Shipping,
SBAC,SBAC,Real Estate,,
SBC,SBC,Industrials,Consulting Services,
SBCF,SBCF,Financial Services,Banks—Regional,
SBET,SBET,Financial Services,Capital Markets,
SBFG,SBFG,Financial Services,Banks—Regional,
SBFM,SBFM,Healthcare,Drug Manufacturers—Specialty & Generic,
SBGI,SBGI,Communication Services,Broadcasting,
SBH,SBH,Consumer Cyclical,Specialty Retail,
SBLK,SBLK,Industrials,Marine Shipping,
SBR,SBR,Energy,Oil & Gas Midstream,
SBRA,SBRA,Real Estate,REIT—Healthcare Facilities,
SBS,SBS,Utilities,Utilities—Regulated Water,
SBSI,SBSI,Financial Services,Banks—Regional,
SBSW,SBSW,Basic Materials,Other Precious Metals & Mining,
SBUX,SBUX,Consumer Cyclical,,
SCAG,SCAG,Industrials,Farm & Heavy Construction Machinery,
SCCO,SCCO,Basic Materials,Copper,
SCHL,SCHL,Communication Services,Publishing,
SCHW,SCHW,Financial Services,,
SCI,SCI,Consumer Cyclical,Personal Services,
SCKT,SCKT,Technology,Computer Hardware,
SCL,SCL,Basic Materials,Specialty Chemicals,
SCLX,SCLX,Healthcare,Drug Manufacturers—General,
SCM,SCM,Financial Services,Asset Management,
SCNI,SCNI,Healthcare,Biotechnology,
SCNX,SCNX,Healthcare,Pharmaceutical Retailers,
SCOR,SCOR,Technology,Software—Application,
SCSC,SCSC,Technology,Electronics & Computer Distribution,
SCWO,SCWO,Industrials,Pollution & Treatment Controls,
SCYX,SCYX,Healthcare,Drug Manufacturers—Specialty & Generic,
SCZM,SCZM,Basic Materials,Other Industrial Metals & Mining,
SD,SD,Energy,Oil & Gas E&P,
SDA,SDA,Consumer Cyclical,Auto & Truck Dealerships,
SDGR,SDGR,Healthcare,Health Information Services,
SDHC,SDHC,Real Estate,Real Estate—Development,
SDOT,SDOT,Consumer Defensive,Farm Products,
SDRL,SDRL,Energy,Oil & Gas Drilling,
SE,SE,Consumer Cyclical,Internet Retail,
SEAT,SEAT,Communication Services,Internet Content & Information,
SEDG,SEDG,Technology,Solar,
SEED,SEED,Basic Materials,Agricultural Inputs,
SEER,SEER,Healthcare,Biotechnology,
SEG,SEG,Real Estate,Real Estate Services,
SEGG,SEGG,Consumer Cyclical,Gambling,
SEI,SEI,Energy,Oil & Gas Equipment & Services,
SEIC,SEIC,Financial Services,Asset Management,
SELF,SELF,Real Estate,REIT—Specialty,
SENEA,SENEA,Consumer Defensive,Packaged Foods,
SENEB,SENEB,Consumer Defensive,Packaged Foods,
SENS,SENS,Healthcare,Medical Devices,
SEPN,SEPN,Healthcare,Biotechnology,
SER,SER,Healthcare,Biotechnology,
SERA,SERA,Healthcare,Medical Devices,
SERV,SERV,Industrials,Integrated Freight & Logistics,
SES,SES,Consumer Cyclical,Auto Parts,
SEVN,SEVN,Real Estate,REIT—Mortgage,
SEZL,SEZL,Financial Services,Credit Services,
SF,SF,Financial Services,Capital Markets,
SFBC,SFBC,Financial Services,Banks—Regional,
SFBS,SFBS,Financial Services,Banks—Regional,
SFD,SFD,Consumer Defensive,Packaged Foods,
SFHG,SFHG,Industrials,Specialty Business Services,
SFIX,SFIX,Consumer Cyclical,Apparel Retail,
SFL,SFL,Industrials,Marine Shipping,
SFM,SFM,Consumer Defensive,Grocery Stores,
SFNC,SFNC,Financial Services,Banks—Regional,
SFST,SFST,Financial Services,Banks—Regional,
SFWL,SFWL,Industrials,Integrated Freight & Logistics,
SG,SG,Consumer Cyclical,Restaurants,
SGA,SGA,Communication Services,Broadcasting,
SGC,SGC,Consumer Cyclical,Apparel Manufacturing,
SGHC,SGHC,Consumer Cyclical,Gambling,
SGHT,SGHT,Healthcare,Medical Devices,
SGI,SGI,Consumer Cyclical,"Furnishings, Fixtures & Appliances",
SGLY,SGLY,Industrials,Integrated Freight & Logistics,
SGML,SGML,Basic Materials,Other Industrial Metals & Mining,
SGMT,SGMT,Healthcare,Biotechnology,
SGRP,SGRP,Industrials,Specialty Business Services,
SGRY,SGRY,Healthcare,Medical Care Facilities,
SGU,SGU,Energy,Oil & Gas Refining & Marketing,
SHAK,SHAK,Consumer Cyclical,Restaurants,
SHAZ,SHAZ,Technology,Information Technology Services,
SHBI,SHBI,Financial Services,Banks—Regional,
SHC,SHC,Healthcare,Diagnostics & Research,
SHEL,SHEL,Energy,Oil & Gas Integrated,
SHEN,SHEN,Communication Services,Telecom Services,
SHFS,SHFS,Financial Services,Banks—Regional,
SHG,SHG,Financial Services,Banks—Regional,
SHIM,SHIM,Industrials,Engineering & Construction,
SHIP,SHIP,Industrials,Marine Shipping,
SHLS,SHLS,Technology,Solar,
SHMD,SHMD,Industrials,Specialty Industrial Machinery,
SHO,SHO,Real Estate,REIT—Hotel & Motel,
SHOE,SHOE,Consumer Cyclical,Apparel Retail,
SHOO,SHOO,Consumer Cyclical,Footwear & Accessories,
SHOP,SHOP,Technology,Software—Application,
SHW,SHW,Basic Materials,,
SI,SI,Healthcare,Medical Devices,
SIBN,SIBN,Healthcare,Medical Devices,
SID,SID,Basic Materials,Steel,
SIDU,SIDU,Industrials,Aerospace & Defense,
SIEB,SIEB,Financial Services,Capital Markets,
SIF,SIF,Industrials,Aerospace & Defense,
SIFY,SIFY,Communication Services,Telecom Services,
SIG,SIG,Consumer Cyclical,Luxury Goods,
SIGA,SIGA,Healthcare,Drug Manufacturers—Specialty & Generic,
SIGI,SIGI,Financial Services,Insurance—Property & Casualty,
SII,SII,Financial Services,Asset Management,
SILC,SILC,Technology,Communication Equipment,
SILO,SILO,Healthcare,Biotechnology,
SIMO,SIMO,Technology,Semiconductors,
SINT,SINT,Healthcare,Medical Devices,
SIRI,SIRI,Communication Services,Entertainment,
SITC,SITC,Real Estate,REIT—Retail,
SITE,SITE,Industrials,Industrial Distribution,
SITM,SITM,Technology,Semiconductors,
SJ,SJ,Communication Services,Internet Content & Information,
SJM,SJM,Consumer Defensive,,
SJT,SJT,Energy,Oil & Gas E&P,
SKIL,SKIL,Consumer Defensive,Education & Training Services,
SKIN,SKIN,Consumer Defensive,Household & Personal Products,
SKK,SKK,Industrials,Engineering & Construction,
SKM,SKM,Communication Services,Telecom Services,
SKT,SKT,Real Estate,REIT—Retail,
SKWD,SKWD,Financial Services,Insurance—Property & Casualty,
SKY,SKY,Consumer Cyclical,Residential Construction,
SKYA,SKYA,Technology,Software—Infrastructure,
SKYH,SKYH,Real Estate,Real Estate—Development,
SKYQ,SKYQ,Energy,Oil & Gas Integrated,
SKYT,SKYT,Technology,Semiconductors,
SKYW,SKYW,Industrials,Airlines,
SKYX,SKYX,Industrials,Electrical Equipment & Parts,
SLAB,SLAB,Technology,Semiconductors,
SLB,SLB,Energy,,
SLBT,SLBT,Healthcare,Biotechnology,
SLDB,SLDB,Healthcare,Biotechnology,
SLDE,SLDE,Financial Services,Insurance—Property & Casualty,
SLDP,SLDP,Consumer Cyclical,Auto Parts,
SLE,SLE,Communication Services,Internet Content & Information,
SLF,SLF,Financial Services,Insurance—Diversified,
SLG,SLG,Real Estate,REIT—Office,
SLGB,SLGB,Industrials,Integrated Freight & Logistics,
SLGL,SLGL,Healthcare,Biotechnology,
SLGN,SLGN,Consumer Cyclical,Packaging & Containers,
SLM,SLM,Financial Services,Credit Services,
SLMT,SLMT,Technology,Software—Infrastructure,
SLN,SLN,Healthcare,Biotechnology,
SLNG,SLNG,Energy,Oil & Gas Integrated,
SLNH,SLNH,Financial Services,Capital Markets,
SLP,SLP,Healthcare,Health Information Services,
SLQT,SLQT,Financial Services,Insurance Brokers,
SLRC,SLRC,Financial Services,Asset Management,
SLS,SLS,Healthcare,Biotechnology,
SLSN,SLSN,Consumer Defensive,Household & Personal Products,
SLVM,SLVM,Basic Materials,Paper & Paper Products,
SM,SM,Energy,Oil & Gas E&P,
SMA,SMA,Real Estate,REIT—Industrial,
SMBC,SMBC,Financial Services,Banks—Regional,
SMBK,SMBK,Financial Services,Banks—Regional,
SMC,SMC,Energy,Oil & Gas Midstream,
SMCI,SMCI,Technology,,
SMFG,SMFG,Financial Services,Banks—Diversified,
SMG,SMG,Basic Materials,Agricultural Inputs,
SMHI,SMHI,Industrials,Marine Shipping,
SMID,SMID,Basic Materials,Building Materials,
SMJF,SMJF,Consumer Cyclical,Textile Manufacturing,
SMP,SMP,Consumer Cyclical,Auto Parts,
SMPL,SMPL,Consumer Defensive,Packaged Foods,
SMR,SMR,Industrials,Specialty Industrial Machinery,
SMRT,SMRT,Technology,Software—Application,
SMSI,SMSI,Technology,Software—Application,
SMTC,SMTC,Technology,Semiconductors,
SMTI,SMTI,Healthcare,Medical Instruments & Supplies,
SMTK,SMTK,Technology,Semiconductor Equipment & Materials,
SMWB,SMWB,Technology,Software—Application,
SMX,SMX,Industrials,Specialty Business Services,
SMXT,SMXT,Technology,Solar,
SN,SN,Consumer Cyclical,"Furnishings, Fixtures & Appliances",
SNA,SNA,Industrials,,
SNAL,SNAL,Communication Services,Electronic Gaming & Multimedia,
SNAP,SNAP,Communication Services,Internet Content & Information,
SND,SND,Energy,Oil & Gas Equipment & Services,
SNDA,SNDA,Healthcare,Medical Care Facilities,
SNDK,SNDK,Technology,,
SNDL,SNDL,Consumer Defensive,Beverages—Wineries & Distilleries,
SNDR,SNDR,Industrials,Trucking,
SNDX,SNDX,Healthcare,Biotechnology,
SNES,SNES,Basic Materials,Specialty Chemicals,
SNEX,SNEX,Financial Services,Capital Markets,
SNFCA,SNFCA,Financial Services,Insurance—Life,
SNGX,SNGX,Healthcare,Biotechnology,
SNN,SNN,Healthcare,Medical Devices,
SNOA,SNOA,Healthcare,Drug Manufacturers—Specialty & Generic,
SNOW,SNOW,Technology,Software—Application,
SNPS,SNPS,Technology,,
SNT,SNT,Industrials,Security & Protection Services,
SNTG,SNTG,Financial Services,Credit Services,
SNTI,SNTI,Healthcare,Biotechnology,
SNWV,SNWV,Healthcare,Medical Devices,
SNX,SNX,Technology,Electronics & Computer Distribution,
SNY,SNY,Healthcare,Drug Manufacturers—General,
SNYR,SNYR,Healthcare,Medical Distribution,
SO,SO,Utilities,,
SOAR,SOAR,Industrials,Airports & Air Services,
SOBO,SOBO,Energy,Oil & Gas Midstream,
SOBR,SOBR,Technology,Scientific & Technical Instruments,
SOC,SOC,Energy,Oil & Gas Drilling,
SOFI,SOFI,Financial Services,Credit Services,
SOGP,SOGP,Communication Services,Internet Content & Information,
SOHU,SOHU,Communication Services,Electronic Gaming & Multimedia,
SOLS,SOLS,Basic Materials,Specialty Chemicals,
SOLV,SOLV,Healthcare,,
SOMN,SOMN,Utilities,Utilities—Regulated Electric,
SON,SON,Consumer Cyclical,Packaging & Containers,
SONM,SONM,Technology,Software—Infrastructure,
SONO,SONO,Technology,Consumer Electronics,
SONY,SONY,Technology,Consumer Electronics,
SOPH,SOPH,Healthcare,Health Information Services,
SOR,SOR,Financial Services,Asset Management,
SORA,SORA,Consumer Cyclical,Luxury Goods,
SOS,SOS,Financial Services,Capital Markets,
SOTK,SOTK,Technology,Scientific & Technical Instruments,
SOUN,SOUN,Technology,Software—Application,
SOWG,SOWG,Consumer Defensive,Confectioners,
SPAI,SPAI,Industrials,Aerospace & Defense,
SPB,SPB,Consumer Defensive,Household & Personal Products,
SPCB,SPCB,Industrials,Security & Protection Services,
SPCE,SPCE,Industrials,Aerospace & Defense,
SPE,SPE,Financial Services,Asset Management,
SPFI,SPFI,Financial Services,Banks—Regional,
SPG,SPG,Real Estate,,
SPGI,SPGI,Financial Services,,
SPH,SPH,Utilities,Utilities—Regulated Gas,
SPHL,SPHL,Consumer Cyclical,Residential Construction,
SPHR,SPHR,Communication Services,Entertainment,
SPIR,SPIR,Industrials,Specialty Business Services,
SPMC,SPMC,Financial Services,Asset Management,
SPNT,SPNT,Financial Services,Insurance—Reinsurance,
SPOK,SPOK,Healthcare,Health Information Services,
SPOT,SPOT,Communication Services,Internet Content & Information,
SPPL,SPPL,Industrials,Specialty Industrial Machinery,
SPRB,SPRB,Healthcare,Biotechnology,
SPRC,SPRC,Healthcare,Biotechnology,
SPRO,SPRO,Healthcare,Biotechnology,
SPRU,SPRU,Technology,Solar,
SPRY,SPRY,Healthcare,Biotechnology,
SPSC,SPSC,Technology,Software—Application,
SPT,SPT,Technology,Software—Application,
SPWH,SPWH,Consumer Cyclical,Specialty Retail,
SPWR,SPWR,Technology,Solar,
SPXC,SPXC,Industrials,Building Products & Equipment,
SPXX,SPXX,Financial Services,Asset Management,
SQFT,SQFT,Real Estate,REIT—Diversified,
SQM,SQM,Basic Materials,Specialty Chemicals,
SQNS,SQNS,Technology,Semiconductors,
SR,SR,Utilities,Utilities—Regulated Gas,
SRAD,SRAD,Technology,Software—Application,
SRBK,SRBK,Financial Services,Banks—Regional,
SRCE,SRCE,Financial Services,Banks—Regional,
SRE,SRE,Utilities,,
SRFM,SRFM,Industrials,Airlines,
SRG,SRG,Real Estate,Real Estate Services,
SRI,SRI,Consumer Cyclical,Auto Parts,
SRL,SRL,Financial Services,Capital Markets,
SRPT,SRPT,Healthcare,Biotechnology,
SRRK,SRRK,Healthcare,Biotechnology,
SRTA,SRTA,Healthcare,Medical Care Facilities,
SRTS,SRTS,Healthcare,Medical Devices,
SRV,SRV,Financial Services,Asset Management,
SRZN,SRZN,Healthcare,Biotechnology,
SSB,SSB,Financial Services,Banks—Regional,
SSD,SSD,Basic Materials,Lumber & Wood Production,
SSII,SSII,Healthcare,Medical Devices,
SSL,SSL,Basic Materials,Specialty Chemicals,
SSM,SSM,Consumer Cyclical,Auto Manufacturers,
SSNC,SSNC,Technology,Software—Application,
SSP,SSP,Communication Services,Broadcasting,
SSRM,SSRM,Basic Materials,Gold,
SST,SST,Industrials,Specialty Business Services,
SSTI,SSTI,Technology,Software—Application,
SSTK,SSTK,Communication Services,Internet Content & Information,
SSYS,SSYS,Technology,Computer Hardware,
ST,ST,Technology,Scientific & Technical Instruments,
STAA,STAA,Healthcare,Medical Instruments & Supplies,
STAG,STAG,Real Estate,REIT—Industrial,
STAK,STAK,Energy,Oil & Gas Equipment & Services,
STBA,STBA,Financial Services,Banks—Regional,
STC,STC,Financial Services,Insurance—Property & Casualty,
STE,STE,Healthcare,,
STEM,STEM,Utilities,Utilities—Renewable,
STEP,STEP,Financial Services,Asset Management,
STEW,STEW,Financial Services,Asset Management,
STEX,STEX,Financial Services,Capital Markets,
STFS,STFS,Communication Services,Advertising Agencies,
STG,STG,Consumer Defensive,Education & Training Services,
STGW,STGW,Communication Services,Advertising Agencies,
STHO,STHO,Real Estate,Real Estate Services,
STI,STI,Industrials,Electrical Equipment & Parts,
STIM,STIM,Healthcare,Medical Devices,
STKE,STKE,Financial Services,Capital Markets,
STKH,STKH,Consumer Defensive,Packaged Foods,
STKS,STKS,Consumer Cyclical,Restaurants,
STLA,STLA,Consumer Cyclical,Auto Manufacturers,
STLD,STLD,Basic Materials,,
STM,STM,Technology,Semiconductors,
STN,STN,Industrials,Engineering & Construction,
STNE,STNE,Technology,Software—Infrastructure,
STNG,STNG,Energy,Oil & Gas Midstream,
STOK,STOK,Healthcare,Biotechnology,
STRA,STRA,Consumer Defensive,Education & Training Services,
STRL,STRL,Industrials,Engineering & Construction,
STRO,STRO,Healthcare,Biotechnology,
STRR,STRR,Industrials,Conglomerates,
STRS,STRS,Real Estate,Real Estate—Diversified,
STRT,STRT,Consumer Cyclical,Auto Parts,
STRW,STRW,Real Estate,REIT—Healthcare Facilities,
STT,STT,Financial Services,,
STTK,STTK,Healthcare,Biotechnology,
STUB,STUB,Communication Services,Internet Content & Information,
STVN,STVN,Healthcare,Medical Instruments & Supplies,
STWD,STWD,Real Estate,REIT—Mortgage,
STX,STX,Technology,,
STZ,STZ,Consumer Defensive,,
SU,SU,Energy,Oil & Gas Integrated,
SUGP,SUGP,Industrials,Security & Protection Services,
SUI,SUI,Real Estate,REIT—Residential,
SUIG,SUIG,Financial Services,Credit Services,
SUN,SUN,Energy,Oil & Gas Refining & Marketing,
SUNB,SUNB,Industrials,Rental & Leasing Services,
SUNC,SUNC,Energy,Oil & Gas Midstream,
SUNE,SUNE,Technology,Solar,
SUNS,SUNS,Real Estate,REIT—Mortgage,
SUPN,SUPN,Healthcare,Drug Manufacturers—Specialty & Generic,
SUPV,SUPV,Financial Services,Banks—Regional,
SUPX,SUPX,Technology,Software—Infrastructure,
SURG,SURG,Communication Services,Telecom Services,
SUZ,SUZ,Basic Materials,Paper & Paper Products,
SVC,SVC,Real Estate,REIT—Hotel & Motel,
SVCO,SVCO,Technology,Software—Application,
SVM,SVM,Basic Materials,Silver,
SVRA,SVRA,Healthcare,Biotechnology,
SVRE,SVRE,Technology,Scientific & Technical Instruments,
SVRN,SVRN,Industrials,Marine Shipping,
SVV,SVV,Consumer Cyclical,Specialty Retail,
SW,SW,Basic Materials,,
SWAG,SWAG,Communication Services,Advertising Agencies,
SWBI,SWBI,Industrials,Aerospace & Defense,
SWIM,SWIM,Industrials,Building Products & Equipment,
SWK,SWK,Industrials,,
SWKS,SWKS,Technology,,
SWMR,SWMR,Technology,Software—Infrastructure,
SWVL,SWVL,Industrials,Railroads,
SWX,SWX,Utilities,Utilities—Regulated Gas,
SXC,SXC,Basic Materials,Coking Coal,
SXI,SXI,Industrials,Specialty Industrial Machinery,
SXT,SXT,Basic Materials,Specialty Chemicals,
SXTC,SXTC,Healthcare,Drug Manufacturers—Specialty & Generic,
SXTP,SXTP,Healthcare,Biotechnology,
SY,SY,Healthcare,Health Information Services,
SYBT,SYBT,Financial Services,Banks—Regional,
SYF,SYF,Financial Services,,
SYK,SYK,Healthcare,,
SYM,SYM,Industrials,Specialty Industrial Machinery,
SYNA,SYNA,Technology,Semiconductors,
SYNX,SYNX,Technology,Communication Equipment,
SYPR,SYPR,Consumer Cyclical,Auto Parts,
SYY,SYY,Consumer Defensive,,
T,T,Communication Services,,
TAC,TAC,Utilities,Utilities—Independent Power Producers,
TACT,TACT,Technology,Computer Hardware,
TAK,TAK,Healthcare,Drug Manufacturers—Specialty & Generic,
TAL,TAL,Consumer Defensive,Education & Training Services,
TALK,TALK,Healthcare,Health Information Services,
TALO,TALO,Energy,Oil & Gas E&P,
TANH,TANH,Consumer Defensive,Household & Personal Products,
TAOP,TAOP,Technology,Software—Infrastructure,
TAOX,TAOX,Technology,Software—Infrastructure,
TAP,TAP,Consumer Defensive,,
TAP-A,TAP-A,Consumer Defensive,Beverages—Brewers,
TARS,TARS,Healthcare,Biotechnology,
TASK,TASK,Technology,Information Technology Services,
TATT,TATT,Industrials,Aerospace & Defense,
TAYD,TAYD,Industrials,Specialty Industrial Machinery,
TBBB,TBBB,Consumer Defensive,Discount Stores,
TBBK,TBBK,Financial Services,Banks—Regional,
TBCH,TBCH,Technology,Consumer Electronics,
TBI,TBI,Industrials,Staffing & Employment Services,
TBLA,TBLA,Communication Services,Internet Content & Information,
TBPH,TBPH,Healthcare,Biotechnology,
TC,TC,Communication Services,Advertising Agencies,
TCBI,TCBI,Financial Services,Banks—Regional,
TCBK,TCBK,Financial Services,Banks—Regional,
TCBS,TCBS,Financial Services,Banks—Regional,
TCBX,TCBX,Financial Services,Banks—Regional,
TCI,TCI,Real Estate,Real Estate Services,
TCMD,TCMD,Healthcare,Medical Devices,
TCOM,TCOM,Consumer Cyclical,Travel Services,
TCPC,TCPC,Financial Services,Asset Management,
TCRT,TCRT,Healthcare,Biotechnology,
TCRX,TCRX,Healthcare,Biotechnology,
TCX,TCX,Technology,Software—Infrastructure,
TD,TD,Financial Services,Banks—Diversified,
TDAY,TDAY,Communication Services,Publishing,
TDC,TDC,Technology,Software—Infrastructure,
TDG,TDG,Industrials,,
TDIC,TDIC,Communication Services,Advertising Agencies,
TDOC,TDOC,Healthcare,Health Information Services,
TDS,TDS,Communication Services,Telecom Services,
TDTH,TDTH,Technology,Information Technology Services,
TDUP,TDUP,Consumer Cyclical,Internet Retail,
TDW,TDW,Energy,Oil & Gas Equipment & Services,
TDY,TDY,Technology,,
TE,TE,Industrials,Electrical Equipment & Parts,
TEAD,TEAD,Communication Services,Internet Content & Information,
TEAM,TEAM,Technology,Software—Application,
TECH,TECH,Healthcare,,
TECK,TECK,Basic Materials,Copper,
TEI,TEI,Financial Services,Asset Management,
TEL,TEL,Technology,,
TELA,TELA,Healthcare,Medical Devices,
TEM,TEM,Healthcare,Health Information Services,
TEN,TEN,Energy,Oil & Gas Midstream,
TENB,TENB,Technology,Software—Infrastructure,
TEO,TEO,Communication Services,Telecom Services,
TER,TER,Technology,,
TEVA,TEVA,Healthcare,Drug Manufacturers—Specialty & Generic,
TEX,TEX,Industrials,Farm & Heavy Construction Machinery,
TFC,TFC,Financial Services,,
TFII,TFII,Industrials,Trucking,
TFIN,TFIN,Financial Services,Banks—Regional,
TFPM,TFPM,Basic Materials,Other Precious Metals & Mining,
TFSL,TFSL,Financial Services,Banks—Regional,
TFX,TFX,Healthcare,Medical Instruments & Supplies,
TG,TG,Industrials,Metal Fabrication,
TGE,TGE,Financial Services,Asset Management,
TGHL,TGHL,Technology,Software—Infrastructure,
TGL,TGL,Technology,Software—Application,
TGLS,TGLS,Basic Materials,Building Materials,
TGS,TGS,Energy,Oil & Gas Integrated,
TGT,TGT,Consumer Defensive,,
TGTX,TGTX,Healthcare,Biotechnology,
TH,TH,Industrials,Specialty Business Services,
THC,THC,Healthcare,Medical Care Facilities,
THCH,THCH,Consumer Cyclical,Restaurants,
THFF,THFF,Financial Services,Banks—Regional,
THG,THG,Financial Services,Insurance—Property & Casualty,
THH,THH,Industrials,Specialty Business Services,
THO,THO,Consumer Cyclical,Recreational Vehicles,
THRM,THRM,Consumer Cyclical,Auto Parts,
THRY,THRY,Technology,Software—Application,
THW,THW,Financial Services,Asset Management,
TIC,TIC,Industrials,Specialty Business Services,
TIGO,TIGO,Communication Services,Telecom Services,
TIGR,TIGR,Financial Services,Capital Markets,
TILE,TILE,Consumer Cyclical,"Furnishings, Fixtures & Appliances",
TIMB,TIMB,Communication Services,Telecom Services,
TIPT,TIPT,Financial Services,Insurance—Specialty,
TISI,TISI,Industrials,Specialty Business Services,
TITN,TITN,Industrials,Industrial Distribution,
TJGC,TJGC,Communication Services,Advertising Agencies,
TJX,TJX,Consumer Cyclical,,
TK,TK,Energy,Oil & Gas Midstream,
TKC,TKC,Communication Services,Telecom Services,
TKLF,TKLF,Consumer Cyclical,Specialty Retail,
TKNO,TKNO,Healthcare,Drug Manufacturers—Specialty & Generic,
TKO,TKO,Communication Services,,
TKR,TKR,Industrials,Tools & Accessories,
TLF,TLF,Consumer Cyclical,Specialty Retail,
TLIH,TLIH,Industrials,Industrial Distribution,
TLK,TLK,Communication Services,Telecom Services,
TLN,TLN,Utilities,Utilities—Independent Power Producers,
TLPH,TLPH,Healthcare,Drug Manufacturers—Specialty & Generic,
TLRY,TLRY,Healthcare,Drug Manufacturers—Specialty & Generic,
TLS,TLS,Technology,Software—Infrastructure,
TLSI,TLSI,Healthcare,Medical Devices,
TLX,TLX,Healthcare,Biotechnology,
TLYS,TLYS,Consumer Cyclical,Apparel Retail,
TM,TM,Consumer Cyclical,Auto Manufacturers,
TMCI,TMCI,Healthcare,Medical Devices,
TMDX,TMDX,Healthcare,Medical Devices,
TME,TME,Communication Services,Internet Content & Information,
TMHC,TMHC,Consumer Cyclical,,
TMO,TMO,Healthcare,,
TMP,TMP,Financial Services,Banks—Regional,
TMS,TMS,Financial Services,Financial Conglomerates,
TMUS,TMUS,Communication Services,,
TNC,TNC,Industrials,Specialty Industrial Machinery,
TNDM,TNDM,Healthcare,Medical Devices,
TNET,TNET,Industrials,Staffing & Employment Services,
TNGX,TNGX,Healthcare,Biotechnology,
TNK,TNK,Energy,Oil & Gas Midstream,
TNL,TNL,Consumer Cyclical,Travel Services,
TNMG,TNMG,Communication Services,Publishing,
TNON,TNON,Healthcare,Medical Devices,
TNXP,TNXP,Healthcare,Biotechnology,
TNYA,TNYA,Healthcare,Biotechnology,
TOI,TOI,Healthcare,Medical Care Facilities,
TOL,TOL,Consumer Cyclical,Residential Construction,
TOMZ,TOMZ,Industrials,Pollution & Treatment Controls,
TONX,TONX,Technology,Software—Application,
TOON,TOON,Communication Services,Entertainment,
TOP,TOP,Financial Services,Capital Markets,
TOPP,TOPP,Industrials,Trucking,
TOPS,TOPS,Energy,Oil & Gas Midstream,
TORO,TORO,Energy,Oil & Gas Midstream,
TOST,TOST,Technology,Software—Infrastructure,
TOUR,TOUR,Consumer Cyclical,Travel Services,
TOVX,TOVX,Healthcare,Biotechnology,
TOYO,TOYO,Technology,Solar,
TPB,TPB,Consumer Defensive,Tobacco,
TPC,TPC,Industrials,Engineering & Construction,
TPCS,TPCS,Industrials,Metal Fabrication,
TPET,TPET,Energy,Oil & Gas E&P,
TPG,TPG,Financial Services,Asset Management,
TPL,TPL,Energy,,
TPR,TPR,Consumer Cyclical,,
TPVG,TPVG,Financial Services,Asset Management,
TR,TR,Consumer Defensive,Confectioners,
TRAK,TRAK,Technology,Software—Application,
TRAW,TRAW,Healthcare,Biotechnology,
TRC,TRC,Industrials,Conglomerates,
TRDA,TRDA,Healthcare,Biotechnology,
TREE,TREE,Financial Services,Financial Conglomerates,
TREX,TREX,Industrials,Building Products & Equipment,
TRGP,TRGP,Energy,,
TRI,TRI,Industrials,Specialty Business Services,
TRIB,TRIB,Healthcare,Medical Devices,
TRIN,TRIN,Financial Services,Asset Management,
TRIP,TRIP,Consumer Cyclical,Travel Services,
TRLV,TRLV,Healthcare,Drug Manufacturers—Specialty & Generic,
TRMB,TRMB,Technology,,
TRMD,TRMD,Energy,Oil & Gas Midstream,
TRMK,TRMK,Financial Services,Banks—Regional,
TRN,TRN,Industrials,Railroads,
TRNO,TRNO,Real Estate,REIT—Industrial,
TRNR,TRNR,Consumer Cyclical,Personal Services,
TRNS,TRNS,Industrials,Specialty Business Services,
TRON,TRON,Consumer Cyclical,Leisure,
TROO,TROO,Financial Services,Credit Services,
TROW,TROW,Financial Services,,
TROX,TROX,Basic Materials,Chemicals,
TRP,TRP,Energy,Oil & Gas Midstream,
TRS,TRS,Consumer Cyclical,Packaging & Containers,
TRSG,TRSG,Industrials,Metal Fabrication,
TRST,TRST,Financial Services,Banks—Regional,
TRT,TRT,Technology,Semiconductor Equipment & Materials,
TRTX,TRTX,Real Estate,REIT—Mortgage,
TRU,TRU,Financial Services,Financial Data & Stock Exchanges,
TRUG,TRUG,Consumer Cyclical,Leisure,
TRUP,TRUP,Financial Services,Insurance—Property & Casualty,
TRV,TRV,Financial Services,,
TRVG,TRVG,Communication Services,Internet Content & Information,
TRX,TRX,Basic Materials,Gold,
TS,TS,Energy,Oil & Gas Equipment & Services,
TSAT,TSAT,Technology,Communication Equipment,
TSBK,TSBK,Financial Services,Banks—Regional,
TSCO,TSCO,Consumer Cyclical,,
TSEM,TSEM,Technology,Semiconductors,
TSHA,TSHA,Healthcare,Biotechnology,
TSLA,TSLA,Consumer Cyclical,,
TSLX,TSLX,Financial Services,Asset Management,
TSM,TSM,Technology,Semiconductors,
TSN,TSN,Consumer Defensive,,
TSQ,TSQ,Communication Services,Advertising Agencies,
TSSI,TSSI,Technology,Information Technology Services,
TT,TT,Industrials,,
TTAM,TTAM,Basic Materials,Building Materials,
TTAN,TTAN,Technology,Software—Application,
TTC,TTC,Industrials,Tools & Accessories,
TTD,TTD,Communication Services,,
TTE,TTE,Energy,Oil & Gas Integrated,
TTEC,TTEC,Technology,Information Technology Services,
TTEK,TTEK,Industrials,Engineering & Construction,
TTGT,TTGT,Technology,Information Technology Services,
TTI,TTI,Industrials,Conglomerates,
TTMI,TTMI,Technology,Electronic Components,
TTWO,TTWO,Communication Services,,
TU,TU,Communication Services,Telecom Services,
TULP,TULP,Consumer Defensive,Farm Products,
TURB,TURB,Technology,Solar,
TUSK,TUSK,Industrials,Conglomerates,
TUYA,TUYA,Technology,Software—Infrastructure,
TV,TV,Communication Services,Telecom Services,
TVAI,TVAI,Financial Services,Shell Companies,
TVRD,TVRD,Healthcare,Biotechnology,
TVTX,TVTX,Healthcare,Biotechnology,
TW,TW,Financial Services,Capital Markets,
TWAV,TWAV,Financial Services,Asset Management,
TWFG,TWFG,Financial Services,Insurance Brokers,
TWG,TWG,Consumer Defensive,Food Distribution,
TWI,TWI,Industrials,Farm & Heavy Construction Machinery,
TWIN,TWIN,Industrials,Specialty Industrial Machinery,
TWLO,TWLO,Technology,Software—Infrastructure,
TWO,TWO,Real Estate,REIT—Mortgage,
TWST,TWST,Healthcare,Diagnostics & Research,
TX,TX,Basic Materials,Steel,
TXG,TXG,Healthcare,Health Information Services,
TXMD,TXMD,Healthcare,Drug Manufacturers—Specialty & Generic,
TXN,TXN,Technology,,
TXNM,TXNM,Utilities,Utilities—Regulated Electric,
TXO,TXO,Energy,Oil & Gas E&P,
TXRH,TXRH,Consumer Cyclical,Restaurants,
TXT,TXT,Industrials,,
TY,TY,Financial Services,Asset Management,
TYG,TYG,Financial Services,Asset Management,
TYGO,TYGO,Technology,Solar,
TYL,TYL,Technology,,
TZOO,TZOO,Communication Services,Internet Content & Information,
U,U,Technology,Software—Application,
UA,UA,Consumer Cyclical,Apparel Manufacturing,
UAA,UAA,Consumer Cyclical,Apparel Manufacturing,
UAL,UAL,Industrials,,
UAMY,UAMY,Basic Materials,Other Industrial Metals & Mining,
UAN,UAN,Basic Materials,Agricultural Inputs,
UBCP,UBCP,Financial Services,Banks—Regional,
UBER,UBER,Industrials,,
UBS,UBS,Financial Services,Banks—Diversified,
UBSI,UBSI,Financial Services,Banks—Regional,
UCAR,UCAR,Consumer Cyclical,Auto & Truck Dealerships,
UCB,UCB,Financial Services,Banks—Regional,
UCFI,UCFI,Consumer Defensive,,
UCL,UCL,Communication Services,Telecom Services,
UCTT,UCTT,Technology,Semiconductor Equipment & Materials,
UDR,UDR,Real Estate,,
UE,UE,Real Estate,REIT—Retail,
UEC,UEC,Energy,Uranium,
UEIC,UEIC,Technology,Consumer Electronics,
UFCS,UFCS,Financial Services,Insurance—Property & Casualty,
UFG,UFG,Industrials,Marine Shipping,
UFI,UFI,Consumer Cyclical,Textile Manufacturing,
UFPI,UFPI,Basic Materials,Lumber & Wood Production,
UFPT,UFPT,Healthcare,Medical Devices,
UG,UG,Consumer Defensive,Household & Personal Products,
UGI,UGI,Utilities,Utilities—Regulated Gas,
UGP,UGP,Energy,Oil & Gas Refining & Marketing,
UHAL,UHAL,Industrials,Rental & Leasing Services,
UHAL-B,UHAL-B,Industrials,Rental & Leasing Services,
UHS,UHS,Healthcare,,
UHT,UHT,Real Estate,REIT—Healthcare Facilities,
UI,UI,Technology,Communication Equipment,
UIS,UIS,Technology,Information Technology Services,
UK,UK,Real Estate,Real Estate Services,
UL,UL,Consumer Defensive,Household & Personal Products,
ULBI,ULBI,Industrials,Electrical Equipment & Parts,
ULCC,ULCC,Industrials,Airlines,
ULH,ULH,Industrials,Trucking,
ULS,ULS,Industrials,Specialty Business Services,
ULTA,ULTA,Consumer Cyclical,,
UMAC,UMAC,Technology,Computer Hardware,
UMBF,UMBF,Financial Services,Banks—Regional,
UMC,UMC,Technology,Semiconductors,
UMH,UMH,Real Estate,REIT—Residential,
UNB,UNB,Financial Services,Banks—Regional,
UNCY,UNCY,Healthcare,Biotechnology,
UNF,UNF,Industrials,Specialty Business Services,
UNFI,UNFI,Consumer Defensive,Food Distribution,
UNH,UNH,Healthcare,,
UNIT,UNIT,Real Estate,REIT—Specialty,
UNM,UNM,Financial Services,Insurance—Life,
UNP,UNP,Industrials,,
UNTY,UNTY,Financial Services,Banks—Regional,
UONE,UONE,Communication Services,Broadcasting,
UONEK,UONEK,Communication Services,Broadcasting,
UP,UP,Industrials,Airports & Air Services,
UPB,UPB,Healthcare,Biotechnology,
UPBD,UPBD,Technology,Software—Application,
UPC,UPC,Healthcare,Drug Manufacturers—Specialty & Generic,
UPLD,UPLD,Technology,Software—Application,
UPS,UPS,Industrials,,
UPST,UPST,Financial Services,Credit Services,
UPWK,UPWK,Communication Services,Internet Content & Information,
UPXI,UPXI,Communication Services,Internet Content & Information,
URBN,URBN,Consumer Cyclical,Apparel Retail,
URG,URG,Energy,Uranium,
URGN,URGN,Healthcare,Biotechnology,
URI,URI,Industrials,,
UROY,UROY,Energy,Uranium,
USA,USA,Financial Services,Asset Management,
USAC,USAC,Energy,Oil & Gas Equipment & Services,
USAR,USAR,Basic Materials,Other Industrial Metals & Mining,
USAS,USAS,Basic Materials,Other Industrial Metals & Mining,
USB,USB,Financial Services,,
USCB,USCB,Financial Services,Banks—Regional,
USEA,USEA,Industrials,Marine Shipping,
USFD,USFD,Consumer Defensive,Food Distribution,
USIO,USIO,Technology,Software—Infrastructure,
USLM,USLM,Basic Materials,Building Materials,
USNA,USNA,Consumer Defensive,Packaged Foods,
USPH,USPH,Healthcare,Medical Care Facilities,
UTF,UTF,Financial Services,Asset Management,
UTG,UTG,Financial Services,Asset Management,
UTHR,UTHR,Healthcare,Drug Manufacturers—Specialty & Generic,
UTI,UTI,Consumer Defensive,Education & Training Services,
UTL,UTL,Utilities,Utilities—Diversified,
UTMD,UTMD,Healthcare,Medical Instruments & Supplies,
UTSI,UTSI,Technology,Communication Equipment,
UTZ,UTZ,Consumer Defensive,Packaged Foods,
UUU,UUU,Industrials,Building Products & Equipment,
UUUU,UUUU,Energy,Uranium,
UVE,UVE,Financial Services,Insurance—Property & Casualty,
UVSP,UVSP,Financial Services,Banks—Regional,
UVV,UVV,Consumer Defensive,Tobacco,
UWMC,UWMC,Financial Services,Mortgage Finance,
UXIN,UXIN,Consumer Cyclical,Auto & Truck Dealerships,
UZX,UZX,Consumer Cyclical,Internet Retail,
V,V,Financial Services,,
VABK,VABK,Financial Services,Banks—Regional,
VAC,VAC,Consumer Cyclical,Resorts & Casinos,
VAL,VAL,Energy,Oil & Gas Drilling,
VALE,VALE,Basic Materials,Other Industrial Metals & Mining,
VALN,VALN,Healthcare,Biotechnology,
VALU,VALU,Financial Services,Financial Data & Stock Exchanges,
VATE,VATE,Industrials,Engineering & Construction,
VBF,VBF,Financial Services,Asset Management,
VBIO,VBIO,Healthcare,Biotechnology,
VBNK,VBNK,Financial Services,Banks—Regional,
VC,VC,Consumer Cyclical,Auto Parts,
VCEL,VCEL,Healthcare,Biotechnology,
VCIG,VCIG,Industrials,Consulting Services,
VCTR,VCTR,Financial Services,Asset Management,
VCV,VCV,Financial Services,Asset Management,
VCYT,VCYT,Healthcare,Diagnostics & Research,
VECO,VECO,Technology,Semiconductor Equipment & Materials,
VEEA,VEEA,Technology,Information Technology Services,
VEEE,VEEE,Consumer Cyclical,Recreational Vehicles,
VEEV,VEEV,Healthcare,,
VEL,VEL,Financial Services,Mortgage Finance,
VELO,VELO,Technology,Computer Hardware,
VENU,VENU,Consumer Cyclical,Restaurants,
VEON,VEON,Communication Services,Telecom Services,
VERI,VERI,Technology,Software—Infrastructure,
VERU,VERU,Healthcare,Biotechnology,
VERX,VERX,Technology,Software—Application,
VET,VET,Energy,Oil & Gas E&P,
VFC,VFC,Consumer Cyclical,Apparel Manufacturing,
VFF,VFF,Consumer Defensive,Farm Products,
VFS,VFS,Consumer Cyclical,Auto Manufacturers,
VG,VG,Energy,Oil & Gas Midstream,
VGM,VGM,Financial Services,Asset Management,
VGNT,VGNT,Consumer Cyclical,Auto Parts,
VHC,VHC,Technology,Software—Infrastructure,
VHI,VHI,Basic Materials,Chemicals,
VHUB,VHUB,Consumer Defensive,Grocery Stores,
VIA,VIA,Technology,Software—Application,
VIAV,VIAV,Technology,Communication Equipment,
VICI,VICI,Real Estate,,
VICR,VICR,Technology,Electronic Components,
VIK,VIK,Consumer Cyclical,Travel Services,
VINP,VINP,Financial Services,Asset Management,
VIOT,VIOT,Consumer Cyclical,"Furnishings, Fixtures & Appliances",
VIPS,VIPS,Consumer Cyclical,Internet Retail,
VIR,VIR,Healthcare,Biotechnology,
VIRC,VIRC,Consumer Cyclical,"Furnishings, Fixtures & Appliances",
VIRT,VIRT,Financial Services,Capital Markets,
VISN,VISN,Technology,Communication Equipment,
VIST,VIST,Energy,Oil & Gas E&P,
VITL,VITL,Consumer Defensive,Farm Products,
VIV,VIV,Communication Services,Telecom Services,
VIVK,VIVK,Energy,Oil & Gas Integrated,
VIVO,VIVO,Technology,Software—Infrastructure,
VIVS,VIVS,Healthcare,Biotechnology,
VKI,VKI,Financial Services,Asset Management,
VKQ,VKQ,Financial Services,Asset Management,
VLGEA,VLGEA,Consumer Defensive,Grocery Stores,
VLN,VLN,Technology,Semiconductors,
VLO,VLO,Energy,,
VLRS,VLRS,Industrials,Airlines,
VLT,VLT,Financial Services,Asset Management,
VLTO,VLTO,Industrials,,
VLY,VLY,Financial Services,Banks—Regional,
VMAR,VMAR,Consumer Cyclical,Recreational Vehicles,
VMC,VMC,Basic Materials,,
VMD,VMD,Healthcare,Medical Devices,
VMET,VMET,Basic Materials,Other Precious Metals & Mining,
VMI,VMI,Industrials,Conglomerates,
VMO,VMO,Financial Services,Asset Management,
VNCE,VNCE,Consumer Cyclical,Apparel Manufacturing,
VNDA,VNDA,Healthcare,Biotechnology,
VNET,VNET,Technology,Information Technology Services,
VNO,VNO,Real Estate,REIT—Office,
VNOM,VNOM,Energy,Oil & Gas Midstream,
VNRX,VNRX,Healthcare,Medical Devices,
VNT,VNT,Technology,Scientific & Technical Instruments,
VNTG,VNTG,Industrials,Marine Shipping,
VOC,VOC,Energy,Oil & Gas E&P,
VOD,VOD,Communication Services,Telecom Services,
VOXR,VOXR,Basic Materials,Other Precious Metals & Mining,
VOYA,VOYA,Financial Services,Financial Conglomerates,
VOYG,VOYG,Industrials,Aerospace & Defense,
VPG,VPG,Technology,Scientific & Technical Instruments,
VPV,VPV,Financial Services,Asset Management,
VRA,VRA,Consumer Cyclical,Footwear & Accessories,
VRAX,VRAX,Healthcare,Biotechnology,
VRCA,VRCA,Healthcare,Biotechnology,
VRDN,VRDN,Healthcare,Biotechnology,
VREX,VREX,Healthcare,Medical Devices,
VRME,VRME,Industrials,Security & Protection Services,
VRNS,VRNS,Technology,Software—Infrastructure,
VRRM,VRRM,Technology,Information Technology Services,
VRSK,VRSK,Industrials,,
VRSN,VRSN,Technology,,
VRT,VRT,Industrials,,
VRTS,VRTS,Financial Services,Asset Management,
VRTX,VRTX,Healthcare,,
VS,VS,Technology,Software—Application,
VSA,VSA,Consumer Defensive,Education & Training Services,
VSAT,VSAT,Technology,Communication Equipment,
VSEC,VSEC,Industrials,Aerospace & Defense,
VSEE,VSEE,Healthcare,Health Information Services,
VSH,VSH,Technology,Semiconductors,
VSME,VSME,Communication Services,Advertising Agencies,
VSNT,VSNT,Communication Services,Entertainment,
VST,VST,Utilities,,
VSTM,VSTM,Healthcare,Biotechnology,
VSTS,VSTS,Industrials,Rental & Leasing Services,
VSXY,VSXY,Consumer Cyclical,Apparel Retail,
VTAK,VTAK,Healthcare,Medical Devices,
VTEX,VTEX,Technology,Software—Application,
VTGN,VTGN,Healthcare,Biotechnology,
VTIX,VTIX,Technology,Computer Hardware,
VTMX,VTMX,Real Estate,Real Estate—Development,
VTOL,VTOL,Energy,Oil & Gas Equipment & Services,
VTR,VTR,Real Estate,,
VTRS,VTRS,Healthcare,,
VTS,VTS,Energy,Oil & Gas E&P,
VTSI,VTSI,Technology,Software—Application,
VTVT,VTVT,Healthcare,Biotechnology,
VUZI,VUZI,Technology,Consumer Electronics,
VVOS,VVOS,Healthcare,Medical Devices,
VVR,VVR,Financial Services,Asset Management,
VVV,VVV,Consumer Cyclical,Auto & Truck Dealerships,
VVX,VVX,Industrials,Aerospace & Defense,
VYGR,VYGR,Healthcare,Biotechnology,
VYNE,VYNE,Healthcare,Biotechnology,
VYX,VYX,Technology,Information Technology Services,
VZ,VZ,Communication Services,,
W,W,Consumer Cyclical,Internet Retail,
WAB,WAB,Industrials,,
WABC,WABC,Financial Services,Banks—Regional,
WAFD,WAFD,Financial Services,Banks—Regional,
WAFU,WAFU,Consumer Defensive,Education & Training Services,
WAL,WAL,Financial Services,Banks—Regional,
WASH,WASH,Financial Services,Banks—Regional,
WAT,WAT,Healthcare,,
WATT,WATT,Technology,Communication Equipment,
WAVE,WAVE,Utilities,Utilities—Renewable,
WAY,WAY,Healthcare,Health Information Services,
WB,WB,Communication Services,Internet Content & Information,
WBD,WBD,Communication Services,,
WBI,WBI,Energy,Oil & Gas Equipment & Services,
WBS,WBS,Financial Services,Banks—Regional,
WBTN,WBTN,Communication Services,Internet Content & Information,
WBUY,WBUY,Consumer Cyclical,Internet Retail,
WBX,WBX,Technology,Electronic Components,
WCC,WCC,Industrials,Industrial Distribution,
WCN,WCN,Industrials,Waste Management,
WCT,WCT,Technology,Software—Application,
WD,WD,Financial Services,Mortgage Finance,
WDAY,WDAY,Technology,,
WDC,WDC,Technology,,
WDFC,WDFC,Basic Materials,Specialty Chemicals,
WDH,WDH,Financial Services,Insurance—Diversified,
WDS,WDS,Energy,Oil & Gas E&P,
WEAV,WEAV,Healthcare,Health Information Services,
WEC,WEC,Utilities,,
WELL,WELL,Real Estate,,
WEN,WEN,Consumer Cyclical,Restaurants,
WERN,WERN,Industrials,Trucking,
WES,WES,Energy,Oil & Gas Midstream,
WEST,WEST,Consumer Defensive,Packaged Foods,
WETH,WETH,Technology,Electronic Components,
WETO,WETO,Technology,Software—Infrastructure,
WEX,WEX,Technology,Software—Infrastructure,
WEYS,WEYS,Consumer Cyclical,Footwear & Accessories,
WF,WF,Financial Services,Banks—Regional,
WFC,WFC,Financial Services,,
WFCF,WFCF,Industrials,Specialty Business Services,
WFF,WFF,Industrials,Specialty Industrial Machinery,
WFG,WFG,Basic Materials,Lumber & Wood Production,
WFRD,WFRD,Energy,Oil & Gas Equipment & Services,
WGO,WGO,Consumer Cyclical,Recreational Vehicles,
WGS,WGS,Healthcare,Diagnostics & Research,
WH,WH,Consumer Cyclical,Lodging,
WHD,WHD,Energy,Oil & Gas Equipment & Services,
WHF,WHF,Financial Services,Asset Management,
WHG,WHG,Financial Services,Asset Management,
WHLR,WHLR,Real Estate,REIT—Retail,
WHR,WHR,Consumer Cyclical,"Furnishings, Fixtures & Appliances",
WHWK,WHWK,Healthcare,Biotechnology,
WIA,WIA,Financial Services,Asset Management,
WILC,WILC,Consumer Defensive,Food Distribution,
WIMI,WIMI,Communication Services,Advertising Agencies,
WINA,WINA,Consumer Cyclical,Specialty Retail,
WING,WING,Consumer Cyclical,Restaurants,
WIT,WIT,Technology,Information Technology Services,
WIW,WIW,Financial Services,Asset Management,
WIX,WIX,Technology,Software—Infrastructure,
WK,WK,Technology,Software—Application,
WKC,WKC,Energy,Oil & Gas Refining & Marketing,
WKEY,WKEY,Technology,Semiconductors,
WKHS,WKHS,Consumer Cyclical,Auto Manufacturers,
WKSP,WKSP,Consumer Cyclical,Auto Parts,
WLDN,WLDN,Industrials,Engineering & Construction,
WLDS,WLDS,Technology,Consumer Electronics,
WLFC,WLFC,Industrials,Rental & Leasing Services,
WLK,WLK,Basic Materials,Specialty Chemicals,
WLKP,WLKP,Basic Materials,Chemicals,
WLTH,WLTH,Technology,Software—Application,
WLY,WLY,Communication Services,Publishing,
WLYB,WLYB,Communication Services,Publishing,
WM,WM,Industrials,,
WMB,WMB,Energy,,
WMG,WMG,Communication Services,Entertainment,
WMK,WMK,Consumer Defensive,Grocery Stores,
WMS,WMS,Industrials,Building Products & Equipment,
WMT,WMT,Consumer Defensive,,
WNC,WNC,Industrials,Farm & Heavy Construction Machinery,
WNEB,WNEB,Financial Services,Banks—Regional,
WNW,WNW,Consumer Cyclical,Internet Retail,
WOK,WOK,Healthcare,Medical Devices,
WOLF,WOLF,Technology,Semiconductors,
WOOF,WOOF,Consumer Cyclical,Specialty Retail,
WOR,WOR,Industrials,Metal Fabrication,
WPC,WPC,Real Estate,REIT—Diversified,
WPM,WPM,Basic Materials,Gold,
WPP,WPP,Communication Services,Advertising Agencies,
WPRT,WPRT,Consumer Cyclical,Auto Parts,
WRAP,WRAP,Technology,Scientific & Technical Instruments,
WRB,WRB,Financial Services,,
WRBY,WRBY,Healthcare,Medical Instruments & Supplies,
WRD,WRD,Technology,Software—Application,
WRLD,WRLD,Financial Services,Credit Services,
WS,WS,Basic Materials,Steel,
WSBC,WSBC,Financial Services,Banks—Regional,
WSBF,WSBF,Financial Services,Banks—Regional,
WSBK,WSBK,Financial Services,Banks—Regional,
WSC,WSC,Industrials,Rental & Leasing Services,
WSFS,WSFS,Financial Services,Banks—Regional,
WSHP,WSHP,Communication Services,Internet Content & Information,
WSM,WSM,Consumer Cyclical,,
WSO,WSO,Industrials,Industrial Distribution,
WSO-B,WSO-B,Industrials,Industrial Distribution,
WST,WST,Healthcare,,
WT,WT,Financial Services,Asset Management,
WTBA,WTBA,Financial Services,Banks—Regional,
WTF,WTF,Financial Services,Capital Markets,
WTFC,WTFC,Financial Services,Banks—Regional,
WTI,WTI,Energy,Oil & Gas E&P,
WTM,WTM,Financial Services,Insurance—Property & Casualty,
WTRG,WTRG,Utilities,Utilities—Regulated Water,
WTS,WTS,Industrials,Specialty Industrial Machinery,
WTTR,WTTR,Energy,Oil & Gas Equipment & Services,
WTW,WTW,Financial Services,,
WU,WU,Financial Services,Credit Services,
WULF,WULF,Financial Services,Capital Markets,
WVE,WVE,Healthcare,Biotechnology,
WVVI,WVVI,Consumer Defensive,Beverages—Wineries & Distilleries,
WW,WW,Healthcare,Medical Care Facilities,
WWD,WWD,Industrials,Aerospace & Defense,
WWW,WWW,Consumer Cyclical,Footwear & Accessories,
WXM,WXM,Industrials,Industrial Distribution,
WY,WY,Real Estate,,
WYFI,WYFI,Technology,Information Technology Services,
WYHG,WYHG,Consumer Defensive,Packaged Foods,
WYNN,WYNN,Consumer Cyclical,,
WYY,WYY,Technology,Information Technology Services,
XAIR,XAIR,Healthcare,Medical Devices,
XBIO,XBIO,Healthcare,Biotechnology,
XBIT,XBIT,Healthcare,Biotechnology,
XBP,XBP,Technology,Software—Infrastructure,
XCH,XCH,Industrials,Electrical Equipment & Parts,
XCUR,XCUR,Healthcare,Biotechnology,
XE,XE,Industrials,Specialty Industrial Machinery,
XEL,XEL,Utilities,,
XELB,XELB,Consumer Cyclical,Apparel Manufacturing,
XENE,XENE,Healthcare,Biotechnology,
XERS,XERS,Healthcare,Drug Manufacturers—Specialty & Generic,
XFOR,XFOR,Healthcare,Biotechnology,
XGN,XGN,Healthcare,Diagnostics & Research,
XHG,XHG,Financial Services,Insurance Brokers,
XHLD,XHLD,Communication Services,Broadcasting,
XHR,XHR,Real Estate,REIT—Hotel & Motel,
XIFR,XIFR,Utilities,Utilities—Renewable,
XLO,XLO,Healthcare,Biotechnology,
XMAX,XMAX,Consumer Cyclical,"Furnishings, Fixtures & Appliances",
XMTR,XMTR,Industrials,Industrial Distribution,
XNCR,XNCR,Healthcare,Biotechnology,
XNDU,XNDU,Technology,Software—Infrastructure,
XNET,XNET,Technology,Software—Infrastructure,
XOM,XOM,Energy,,
XOS,XOS,Industrials,Farm & Heavy Construction Machinery,
XP,XP,Financial Services,Capital Markets,
XPEL,XPEL,Consumer Cyclical,Auto Parts,
XPER,XPER,Technology,Software—Application,
XPEV,XPEV,Consumer Cyclical,Auto Manufacturers,
XPO,XPO,Industrials,Trucking,
XPOF,XPOF,Consumer Cyclical,Leisure,
XPON,XPON,Industrials,Electrical Equipment & Parts,
XPRO,XPRO,Energy,Oil & Gas Equipment & Services,
XRAY,XRAY,Healthcare,Medical Instruments & Supplies,
XRN,XRN,Real Estate,REIT—Healthcare Facilities,
XRX,XRX,Industrials,Business Equipment & Supplies,
XTIA,XTIA,Industrials,Aerospace & Defense,
XTLB,XTLB,Healthcare,Biotechnology,
XWEL,XWEL,Healthcare,Diagnostics & Research,
XXII,XXII,Consumer Defensive,Tobacco,
XYF,XYF,Financial Services,Credit Services,
XYL,XYL,Industrials,,
XYZ,XYZ,Financial Services,,
XZO,XZO,Financial Services,Insurance—Diversified,
YAAS,YAAS,Technology,Software—Application,
YALA,YALA,Technology,Software—Application,
YB,YB,Technology,Software—Application,
YCBD,YCBD,Healthcare,Drug Manufacturers—Specialty & Generic,
YDDL,YDDL,Industrials,Waste Management,
YDES,YDES,Healthcare,Biotechnology,
YDKG,YDKG,Communication Services,Advertising Agencies,
YELP,YELP,Communication Services,Internet Content & Information,
YETI,YETI,Consumer Cyclical,Leisure,
YEXT,YEXT,Technology,Software—Infrastructure,
YHC,YHC,Consumer Defensive,Beverages—Wineries & Distilleries,
YHGJ,YHGJ,Consumer Cyclical,Packaging & Containers,
YI,YI,Healthcare,Medical Distribution,
YIBO,YIBO,Technology,Computer Hardware,
YJ,YJ,Consumer Cyclical,Internet Retail,
YMAT,YMAT,Basic Materials,Specialty Chemicals,
YMM,YMM,Technology,Software—Application,
YMT,YMT,Technology,Software—Application,
YORW,YORW,Utilities,Utilities—Regulated Water,
YOU,YOU,Technology,Software—Application,
YOUL,YOUL,Consumer Defensive,Education & Training Services,
YPF,YPF,Energy,Oil & Gas Integrated,
YQ,YQ,Consumer Defensive,Education & Training Services,
YRD,YRD,Financial Services,Credit Services,
YSG,YSG,Consumer Defensive,Household & Personal Products,
YSS,YSS,Industrials,Aerospace & Defense,
YSWY,YSWY,Consumer Defensive,Grocery Stores,
YSXT,YSXT,Industrials,Specialty Business Services,
YTRA,YTRA,Consumer Cyclical,Travel Services,
YUM,YUM,Consumer Cyclical,,
YUMC,YUMC,Consumer Cyclical,Restaurants,
YXT,YXT,Technology,Software—Application,
YYAI,YYAI,Technology,Software—Infrastructure,
YYGH,YYGH,Industrials,Specialty Business Services,
Z,Z,Communication Services,Internet Content & Information,
ZBAO,ZBAO,Financial Services,Insurance Brokers,
ZBH,ZBH,Healthcare,,
ZBIO,ZBIO,Healthcare,Biotechnology,
ZBRA,ZBRA,Technology,,
ZCMD,ZCMD,Healthcare,Health Information Services,
ZD,ZD,Communication Services,Advertising Agencies,
ZDAI,ZDAI,Industrials,Engineering & Construction,
ZDGE,ZDGE,Communication Services,Internet Content & Information,
ZENA,ZENA,Technology,Software—Infrastructure,
ZEO,ZEO,Technology,Solar,
ZEPP,ZEPP,Technology,Consumer Electronics,
ZETA,ZETA,Technology,Software—Infrastructure,
ZG,ZG,Communication Services,Internet Content & Information,
ZGN,ZGN,Consumer Cyclical,Apparel Manufacturing,
ZH,ZH,Communication Services,Internet Content & Information,
ZIM,ZIM,Industrials,Marine Shipping,
ZION,ZION,Financial Services,Banks—Regional,
ZIP,ZIP,Communication Services,Internet Content & Information,
ZJK,ZJK,Industrials,Specialty Industrial Machinery,
ZJYL,ZJYL,Healthcare,Medical Instruments & Supplies,
ZKH,ZKH,Consumer Cyclical,Internet Retail,
ZKIN,ZKIN,Basic Materials,Steel,
ZLAB,ZLAB,Healthcare,Biotechnology,
ZM,ZM,Technology,Software—Application,
ZNB,ZNB,Communication Services,Entertainment,
ZONE,ZONE,Industrials,Pollution & Treatment Controls,
ZOOZ,ZOOZ,Industrials,Electrical Equipment & Parts,
ZS,ZS,Technology,Software—Infrastructure,
ZSQR,ZSQR,Technology,Software—Infrastructure,
ZSTK,ZSTK,Financial Services,Asset Management,
ZTEK,ZTEK,Healthcare,Medical Instruments & Supplies,
ZTG,ZTG,Industrials,Consulting Services,
ZTO,ZTO,Industrials,Integrated Freight & Logistics,
ZTS,ZTS,Healthcare,,
ZUMZ,ZUMZ,Consumer Cyclical,Apparel Retail,
ZVIA,ZVIA,Consumer Defensive,Beverages—Non-Alcoholic,
ZVRA,ZVRA,Healthcare,Biotechnology,
ZWS,ZWS,Industrials,Pollution & Treatment Controls,
ZYBT,ZYBT,Healthcare,Drug Manufacturers—Specialty & Generic,
ZYME,ZYME,Healthcare,Biotechnology,
