symbol,name,sector,industry
20MICRONS,20 Microns Limited,,
21STCENMGM,Twentyfirst Century Management Services Limited,,
360ONE,360 One Wam Limited,,
3BBLACKBIO,3B Blackbio Dx Limited,,
3IINFOLTD,3i Infotech Limited,,
3MINDIA,3M India Limited,,
5PAISA,5paisa Capital Limited,,
63MOONS,63 moons technologies limited,,
A2ZINFRA,A2Z Infra Engineering Limited,,
AAATECH,AAA Technologies Limited,,
AADHARHFC,Aadhar Housing Finance Limited,,
AAKAAR,Aakaar Medical Technologies Ltd.,,
AAKASH,Aakash Exploration Services Limited,,
AARADHYA,Aaradhya Disposal Industries Limited,,
AAREYDRUGS,Aarey Drugs & Pharmaceuticals Limited,,
AARNAV,Aarnav Fashions Limited,,
AARON,Aaron Industries Limited,,
AARTECH,Aartech Solonics Limited,,
AARTIDRUGS,Aarti Drugs Limited,,
AARTIIND,Aarti Industries Limited,,
AARTIPHARM,Aarti Pharmalabs Limited,,
AARTISURF,Aarti Surfactants Limited,,
AARVI,Aarvi Encon Limited,,
AASTHA,Aastha Spintex Limited,,
AATMAJ,Aatmaj Healthcare Limited,,
AAVAS,Aavas Financiers Limited,,
ABAN,Aban Offshore Limited,,
ABANSENT,ABans Enterprises Limited,,
ABB,ABB India Limited,,
ABBOTINDIA,Abbott India Limited,,
ABCAPITAL,Aditya Birla Capital Limited,,
ABCOTS,A B Cotspin India Limited,,
ABDL,Allied Blenders and Distillers Limited,,
ABFRL,Aditya Birla Fashion and Retail Limited,,
ABHAPOWER,Abha Power and Steel Limited,,
ABINFRA,A B Infrabuild Limited,,
ABLBL,Aditya Birla Lifestyle Brands Limited,,
ABMINTLLTD,ABM International Limited,,
ABMKNO,ABM Knowledgeware Limited,,
ABREL,Aditya Birla Real Estate Limited,,
ABSLAMC,Aditya Birla Sun Life AMC Limited,,
ABSMARINE,ABS Marine Services Limited,,
ACC,ACC Limited,,
ACCELYA,Accelya Solutions India Limited,,
ACCENTMIC,Accent Microcell Limited,,
ACCORD,Accord Synergy Limited,,
ACCPL,Accretion Pharmaceuticals Limited,,
ACCURACY,Accuracy Shipping Limited,,
ACE,Action Construction Equipment Limited,,
ACEINTEG,Ace Integrated Solutions Limited,,
ACETEC,Acetech E-Commerce Limited,,
ACI,Archean Chemical Industries Limited,,
ACL,Andhra Cements Limited,,
ACMESOLAR,ACME Solar Holdings Limited,,
ACSTECH,ACS Technologies Limited,,
ACTIVEINFR,Active Infrastructures Limited,,
ACUTAAS,Acutaas Chemicals Limited,,
ADANIENSOL,Adani Energy Solutions Limited,,
ADANIENT,Adani Enterprises Limited,,
ADANIGREEN,Adani Green Energy Limited,,
ADANIPORTS,Adani Ports and Special Economic Zone Limited,,
ADANIPOWER,Adani Power Limited,,
ADDICTIVE,Addictive Learning Technology Limited,,
ADFFOODS,ADF Foods Limited,,
ADISOFT,Adisoft Technologies Limited,,
ADL,Archidply Decor Limited,,
ADOR,Ador Welding Limited,,
ADROITINFO,Adroit Infotech Limited,,
ADSL,Allied Digital Services Limited,,
ADVAIT,Advait Energy Transitions Limited,,
ADVANCE,Advance Agrolife Limited,,
ADVANIHOTR,Advani Hotels & Resorts (India) Limited,,
ADVENTHTL,Advent Hotels International Limited,,
ADVENZYMES,Advanced Enzyme Technologies Limited,,
AEGISLOG,Aegis Logistics Limited,,
AEGISVOPAK,Aegis Vopak Terminals Limited,,
AEPL,Artemis Electricals and Projects Limited,,
AEQUS,Aequs Limited,,
AEROENTER,Aeroflex Enterprises Limited,,
AEROFLEX,Aeroflex Industries Limited,,
AERON,Aeron Composite Limited,,
AERONEU,Aeroflex Neu Limited,,
AEROPLANE,Amir Chand Jagdish Kumar (Exports) Limited,,
AESTHETIK,Aesthetik Engineers Limited,,
AETHER,Aether Industries Limited,,
AFCONS,Afcons Infrastructure Limited,,
AFFLE,Affle 3i Limited,,
AFFORDABLE,Affordable Robotic & Automation Limited,,
AFIL,Akme Fintrade (India) Limited,,
AFSL,Abans Financial Services Limited,,
AGARIND,Agarwal Industrial Corporation Limited,,
AGARWALEYE,Dr. Agarwal's Health Care Limited,,
AGARWALFT,Agarwal Float Glass India Limited,,
AGARWALTUF,Agarwal Toughened Glass India Limited,,
AGI,AGI Greenpac Limited,,
AGIIL,AGI Infra Limited,,
AGL,Allcargo Global Limited,,
AGNI,Agni Green Power Limited,,
AGRITECH,Agri-tech (India) Limited,,
AGROPHOS,Agro Phos (India) Limited,,
AGSTRA,AGS Transact Technologies Limited,,
AGUL,A G Universal Limited,,
AHCL,Anlon Healthcare Limited,,
AHIMSA,Ahimsa Industries Limited,,
AHLADA,Ahlada Engineers Limited,,
AHLEAST,Asian Hotels (East) Limited,,
AHLUCONT,Ahluwalia Contracts (India) Limited,,
AHLWEST,Asian Hotels (West) Limited,,
AIAENG,AIA Engineering Limited,,
AIIL,Authum Investment & Infrastructure Limited,,
AILIMITED,Abhishek Integrations Limited,,
AIMTRON,Aimtron Electronics Limited,,
AIRAN,Airan Limited,,
AIROLAM,Airo Lam Limited,,
AISL,ANI Integrated Services Limited,,
AJANTPHARM,Ajanta Pharma Limited,,
AJAXENGG,Ajax Engineering Limited,,
AJMERA,Ajmera Realty & Infra India Limited,,
AJOONI,Ajooni Biotech Limited,,
AKANKSHA,Akanksha Power and Infrastructure Limited,,
AKASH,Akash Infra-Projects Limited,,
AKCAPIT,A. K. Capital Services Limited,,
AKG,AKG Exim Limited,,
AKI,AKI India Limited,,
AKIKO,Akiko Global Services Limited,,
AKSHAR,Akshar Spintex Limited,,
AKSHARCHEM,AksharChem (India) Limited,,
AKSHOPTFBR,Aksh Optifibre Limited,,
AKUMS,Akums Drugs and Pharmaceuticals Limited,,
ALANKIT,Alankit Limited,,
ALBERTDAVD,Albert David Limited,,
ALCODIS,Alcokraft Distilleries Limited,,
ALEMBICLTD,Alembic Limited,,
ALGOQUANT,Algoquant Fintech Limited,,
ALICON,Alicon Castalloy Limited,,
ALIVUS,Alivus Life Sciences Limited,,
ALKALI,Alkali Metals Limited,,
ALKEM,Alkem Laboratories Limited,,
ALKYLAMINE,Alkyl Amines Chemicals Limited,,
ALLCARGO,Allcargo Logistics Limited,,
ALLDIGI,Alldigi Tech Limited,,
ALLETEC,All E Technologies Limited,,
ALLTIME,All Time Plastics Limited,,
ALMONDZ,Almondz Global Securities Limited,,
ALOKINDS,Alok Industries Limited,,
ALPA,Alpa Laboratories Limited,,
ALPEXSOLAR,Alpex Solar Limited,,
ALPHAGEO,Alphageo (India) Limited,,
ALPINETEX,Alpine Texworld Limited,,
ALPSINDUS,Alps Industries Limited,,
ALUWIND,Aluwind Infra-Tech Limited,,
AMAGI,Amagi Media Labs Limited,,
AMANTA,Amanta Healthcare Limited,,
AMBAAUTO,Amba Auto Sales and Services Limited,,
AMBALALSA,Ambalal Sarabhai Enterprises Limited,,
AMBANIORGO,Ambani Orgochem Limited,,
AMBER,Amber Enterprises India Limited,,
AMBICAAGAR,Ambica Agarbathies Aroma & Industries Limited,,
AMBIKCO,Ambika Cotton Mills Limited,,
AMBUJACEM,Ambuja Cements Limited,,
AMCL,ANB Metal Cast Limited,,
AMDIND,AMD Industries Limited,,
AMEYA,Ameya Precision Engineers Limited,,
AMIABLE,Amiable Logistics (India) Limited,,
AMJLAND,AMJ Land Holdings Limited,,
AMNPLST,Amines & Plasticizers Limited,,
AMRUTANJAN,Amrutanjan Health Care Limited,,
ANANDRATHI,Anand Rathi Wealth Limited,,
ANANTAM,Anantam Highways Trust,,
ANANTRAJ,Anant Raj Limited,,
ANDHRAPAP,Andhra Paper Limited,,
ANDHRSUGAR,The Andhra Sugars Limited,,
ANGELONE,Angel One Limited,,
ANIKINDS,Anik Industries Limited,,
ANKITMETAL,Ankit Metal & Power Limited,,
ANLON,Anlon Technology Solutions Limited,,
ANMOL,Anmol India Limited,,
ANNAPURNA,Annapurna Swadisht Limited,,
ANONDITA,Anondita Medicare Limited,,
ANSALAPI,Ansal Properties & Infrastructure Limited,,
ANTELOPUS,Antelopus Selan Energy Limited,,
ANTGRAPHIC,Antarctica Limited,,
ANTHEM,Anthem Biosciences Limited,,
ANUHPHR,Anuh Pharma Limited,,
ANUP,The Anup Engineering Limited,,
ANURAS,Anupam Rasayan India Ltd,,
ANYA,Anya Polytech & Fertilizers Limited,,
APARINDS,APAR Industries Limited,,
APCL,Anjani Portland Cement Limited,,
APCOTEXIND,Apcotex Industries Limited,,
APEX,Apex Frozen Foods Limited,,
APEXECO,Apex Ecotech Limited,,
APLAPOLLO,APL Apollo Tubes Limited,,
APLLTD,Alembic Pharmaceuticals Limited,,
APOLLO,Apollo Micro Systems Limited,,
APOLLOHOSP,Apollo Hospitals Enterprise Limited,,
APOLLOPIPE,Apollo Pipes Limited,,
APOLLOTYRE,Apollo Tyres Limited,,
APOLSINHOT,Apollo Sindoori Hotels Limited,,
APRAMEYA,Aprameya Engineering Limited,,
APS,Australian Premium Solar (India) Limited,,
APSISAERO,Apsis Aerocom Limited,,
APTECHT,Aptech Limited,,
APTUS,Aptus Value Housing Finance India Limited,,
AQYLON,Aqylon Nexus Limited,,
ARABIAN,Arabian Petroleum Limited,,
ARCHIDPLY,Archidply Industries Limited,,
ARCHIES,Archies Limited,,
ARCIIL,ARC Insulation & Insulators Limited,,
ARENTERP,Rajdarshan Industries Limited,,
ARE_M,Amara Raja Energy & Mobility Limited,,
ARFIN,Arfin India Limited,,
ARHAM,Arham Technologies Limited,,
ARIES,Aries Agro Limited,,
ARIHANT,Arihant Foundations & Housing Limited,,
ARIHANTACA,Arihant Academy Limited,,
ARIHANTCAP,Arihant Capital Markets Limited,,
ARIHANTSUP,Arihant Superstructures Limited,,
ARIS,Arisinfra Solutions Limited,,
ARISTO,Aristo Bio-Tech and Lifescience Limited,,
ARKADE,Arkade Developers Limited,,
ARMANFIN,Arman Financial Services Limited,,
ARMOUR,Armour Security (India). Ltd.,,
AROGRANITE,Aro Granite Industries Limited,,
ARROWGREEN,Arrow Greentech Limited,,
ARSHIYA,Arshiya Limited,,
ARSSBL,Anand Rathi Share and Stock Brokers Limited,,
ARSSINFRA,ARSS Infrastructure Projects Limited,,
ARTEMISMED,Artemis Medicare Services Limited,,
ARTNIRMAN,Art Nirman Limited,,
ARUNAYA,Arunaya Organics Limited,,
ARVEE,Arvee Laboratories (India) Ltd.,,
ARVIND,Arvind Limited,,
ARVINDFASN,Arvind Fashions Limited,,
ARVINDPORT,Arvind Port and Infra Limited,,
ARVSMART,Arvind SmartSpaces Limited,,
ASAHIINDIA,Asahi India Glass Limited,,
ASAHISONG,Asahi Songwon Colors Limited,,
ASAL,Automotive Stampings and Assemblies Limited,,
ASALCBR,Associated Alcohols & Breweries Limited,,
ASCOM,Ascom Leasing & Investments Limited,,
ASHALOG,Ashapura Logistics Limited,,
ASHAPURMIN,Ashapura Minechem Limited,,
ASHIANA,Ashiana Housing Limited,,
ASHIKAG,Ashika Global Securities Limited,,
ASHIMASYN,Ashima Limited,,
ASHOKA,Ashoka Buildcon Limited,,
ASHOKAMET,Ashoka Metcast Limited,,
ASHOKLEY,Ashok Leyland Limited,,
ASHWINI,Ashwini Container Movers Limited,,
ASIANENE,Asian Energy Services Limited,,
ASIANHOTNR,Asian Hotels (North) Limited,,
ASIANPAINT,Asian Paints Limited,,
ASIANTILES,Asian Granito India Limited,,
ASKAUTOLTD,ASK Automotive Limited,,
ASMS,Avio Smart Market Stack Limited,,
ASPINWALL,Aspinwall and Company Limited,,
ASPIRE,Aspire & Innovative Advertising Limited,,
ASTAR,Asian Star Company Limited,,
ASTEC,Astec LifeSciences Limited,,
ASTERDM,Aster DM Quality Care Limited,,
ASTRAL,Astral Limited,,
ASTRAMICRO,Astra Microwave Products Limited,,
ASTRAZEN,AstraZeneca Pharma India Limited,,
ASTRON,Astron Paper & Board Mill Limited,,
ATALREAL,Atal Realtech Limited,,
ATAM,Atam Valves Limited,,
ATCENERGY,ATC Energies System Limited,,
ATGL,Adani Total Gas Limited,,
ATHERENERG,Ather Energy Limited,,
ATL,Allcargo Terminals Limited,,
ATLANTAA,Atlantaa Limited,,
ATLANTAELE,Atlanta Electricals Limited,,
ATLASCYCLE,Atlas Cycles (Haryana) Limited,,
ATLPP,Allcargo Terminals Limited,,
ATMASTCO,Atmastco Limited,,
ATUL,Atul Ltd,,
ATULAUTO,Atul Auto Limited,,
AUBANK,AU Small Finance Bank Limited,,
AURIGROW,Auri Grow India Limited,,
AURIONPRO,Aurionpro Solutions Limited,,
AUROIMPEX,Auro Impex & Chemicals Limited,,
AUROPHARMA,Aurobindo Pharma Limited,,
AURUM,Aurum PropTech Limited,,
AURUS,Aurus Gem Corporation Limited,,
AUSL,Aditya Ultra Steel Limited,,
AUSOMENT,AuSom Enterprise Limited,,
AUTOAXLES,Automotive Axles Limited,,
AUTOIND,Autoline Industries Limited,,
AVADHSUGAR,Avadh Sugar & Energy Limited,,
AVAILFC,Available Finance Limited,,
AVALON,Avalon Technologies Limited,,
AVANA,Avana Electrosystems Limited,,
AVANTEL,Avantel Limited,,
AVANTIFEED,Avanti Feeds Limited,,
AVATAR,ASL Industries Limited,,
AVG,AVG Logistics Limited,,
AVIANSH,Avi Ansh Textile Limited,,
AVIENCE,Avience Biomedicals Limited,,
AVL,Aditya Vision Limited,,
AVONMORE,Avonmore Capital & Management Services Limited,,
AVPINFRA,AVP Infracon Limited,,
AVROIND,Avro India Limited,,
AVSL,AVSL Industries Limited,,
AVTNPL,AVT Natural Products Limited,,
AWFIS,Awfis Space Solutions Limited,,
AWHCL,Antony Waste Handling Cell Limited,,
AWL,AWL Agri Business Limited,,
AXISBANK,Axis Bank Limited,,
AXISCADES,AXISCADES Technologies Limited,,
AXITA,Axita Cotton Limited,,
AYE,Aye Finance Limited,,
AYMSYNTEX,AYM Syntex Limited,,
AZAD,Azad Engineering Limited,,
BABAFP,Baba Food Processing (India) Limited,,
BAFNAPH,Bafna Pharmaceuticals Limited,,
BAGDIGITAL,B.A.G. Convergence Limited,,
BAGFILMS,B.A.G. Films and Media Limited,,
BAGMANE,Bagmane Prime Office REIT,,
BAHETI,Baheti Recycling Industries Limited,,
BAIDFIN,Baid Finserv Limited,,
BAJAJCON,Bajaj Consumer Care Limited,,
BAJAJELEC,Bajaj Electricals Limited,,
BAJAJFINSV,Bajaj Finserv Ltd.,,
BAJAJHCARE,Bajaj HealthCare Limited,,
BAJAJHFL,Bajaj Housing Finance Limited,,
BAJAJHIND,Bajaj Hindusthan Sugar Limited,,
BAJAJHLDNG,Bajaj Holdings & Investment Limited,,
BAJAJINDEF,Indef Manufacturing Limited,,
BAJAJST,Bajaj Steel Industries Limited,,
BAJAJ_AUTO,Bajaj Auto Limited,,
BAJEL,Bajel Projects Limited,,
BAJFINANCE,Bajaj Finance Limited,,
BALAJEE,Shree Tirupati Balajee Agro Trading Company Limited,,
BALAJIPHOS,Balaji Phosphates Limited,,
BALAJITELE,Balaji Telefilms Limited,,
BALAMINES,Balaji Amines Limited,,
BALAXI,Balaxi Pharmaceuticals Limited,,
BALCO,Solve Plastic Products Limited,,
BALKRISHNA,Balkrishna Paper Mills Limited,,
BALKRISIND,Balkrishna Industries Limited,,
BALMLAWRIE,Balmer Lawrie & Co. Ltd.,,
BALPHARMA,Bal Pharma Limited,,
BALRAMCHIN,Balrampur Chini Mills Limited,,
BALUFORGE,Balu Forge Industries Limited,,
BANARBEADS,Banaras Beads Limited,,
BANARISUG,Bannari Amman Sugars Limited,,
BANCOINDIA,Banco Products (India) Limited,,
BANDHANBNK,Bandhan Bank Limited,,
BANG,Bang Overseas Limited,,
BANKA,Banka BioLoo Limited,,
BANKBARODA,Bank of Baroda Limited,,
BANKINDIA,Bank of India Limited,,
BANSALWIRE,Bansal Wire Industries Limited,,
BANSWRAS,Banswara Syntex Limited,,
BARFLEX,Barflex Polyfilms Limited,,
BASF,BASF India Limited,,
BASILIC,Basilic Fly Studio Limited,,
BASML,Bannari Amman Spinning Mills Ltd,,
BATAINDIA,Bata India Limited,,
BATLIBOI,Batliboi Limited,,
BAWEJA,Baweja Studios Limited,,
BAYERCROP,Bayer CropScience Limited,,
BBL,Bharat Bijlee Limited,,
BBOX,Black Box Limited,,
BBTC,The Bombay Burmah Trading Corporation Limited,,
BBTCL,B&B Triplewall Containers Limited,,
BCG,Brightcom Group Limited,,
BCLIND,BCL Industries Limited,,
BCONCEPTS,Brand Concepts Limited,,
BCPL,BCPL Railway Infrastructure Limited,,
BDL,Bharat Dynamics Limited,,
BEACON,Beacon Trusteeship Limited,,
BEARDSELL,Beardsell Limited,,
BECTORFOOD,Mrs. Bectors Food Specialities Limited,,
BEDMUTHA,Bedmutha Industries Limited,,
BEEKAY,Beekay Steel Industries Limited,,
BEL,Bharat Electronics Limited,,
BELLACASA,Bella Casa Fashion & Retail Limited,,
BELRISE,Belrise Industries Limited,,
BEML,BEML Limited,,
BENGALASM,Bengal & Assam Company Limited,,
BEPL,Bhansali Engineering Polymers Limited,,
BERGEPAINT,Berger Paints India Limited,,
BESTAGRO,Best Agrolife Limited,,
BETA,Beta Drugs Limited,,
BEWLTD,BEW Engineering Limited,,
BFINVEST,BF Investment Limited,,
BFUTILITIE,BF Utilities Limited,,
BGRENERGY,BGR Energy Systems Limited,,
BHADORA,Bhadora Industries Limited,,
BHAGCHEM,Bhagiradha Chemicals & Industries Limited,,
BHAGERIA,Bhageria Industries Limited,,
BHAGYANGR,Bhagyanagar India Limited,,
BHANDARI,Bhandari Hosiery Exports Limited,,
BHARATCOAL,Bharat Coking Coal Limited,,
BHARATFORG,Bharat Forge Limited,,
BHARATGEAR,Bharat Gears Limited,,
BHARATRAS,Bharat Rasayan Limited,,
BHARATSE,Bharat Seats Limited,,
BHARATWIRE,Bharat Wire Ropes Limited,,
BHARTIARTL,Bharti Airtel Limited,,
BHARTIHEXA,Bharti Hexacom Limited,,
BHEL,Bharat Heavy Electricals Limited,,
BI,Bilcare Limited,,
BIGBLOC,Bigbloc Construction Limited,,
BIKAJI,Bikaji Foods International Limited,,
BIKEWO,Bikewo Green Tech Limited,,
BIL,Bhartiya International Ltd.,,
BILVYAPAR,BIL Vyapar Limited,,
BIMETAL,Bimetal Bearings Limited,,
BIOCON,Biocon Limited,,
BIOFILCHEM,Biofil Chemicals and Pharmaceuticals Limited,,
BIOPOL,Biopol Chemicals Limited,,
BIRDYS,Grill Splendour Services Limited,,
BIRET,Brookfield India Real Estate Trust,,
BIRLACABLE,Birla Cable Limited,,
BIRLACORPN,Birla Corporation Limited,,
BIRLAMONEY,Aditya Birla Money Limited,,
BIRLANU,BirlaNu Limited,,
BIRLAPREC,Birla Precision Technologies Limited,,
BLACKBUCK,BlackBuck Limited,,
BLACKROSE,Black Rose Industries Limited,,
BLAL,BEML Land Assets Limited,,
BLBLIMITED,BLB Limited,,
BLIL,Balmer Lawrie Investments Limited,,
BLISSGVS,Bliss GVS Pharma Limited,,
BLKASHYAP,B.L. Kashyap and Sons Limited,,
BLS,BLS International Services Limited,,
BLSE,BLS E-Services Limited,,
BLUECHIP,Blue Chip India Limited,,
BLUECOAST,Blue Coast Hotels Limited,,
BLUEDART,Blue Dart Express Limited,,
BLUEJET,Blue Jet Healthcare Limited,,
BLUEPEBBLE,Blue Pebble Limited,,
BLUESTARCO,Blue Star Limited,,
BLUESTONE,BlueStone Jewellery and Lifestyle Limited,,
BLUEWATER,Blue Water Logistics Limited,,
BLUSPRING,Bluspring Enterprises Limited,,
BMETRICS,Bombay Metrics Supply Chain Limited,,
BMLL,Bio Medica Laboratories Limited,,
BMWVENTLTD,BMW Ventures Limited,,
BNAGROCHEM,BN Agrochem Limited,,
BNALTD,B & A Limited,,
BODALCHEM,Bodal Chemicals Limited,,
BOHRAIND,Bohra Industries Limited,,
BOMDYEING,The Bombay Dyeing and Manufacturing Company Limited,,
BONLON,Bonlon Industries Limited,,
BORANA,Borana Weaves Limited,,
BOROLTD,Borosil Limited,,
BORORENEW,Borosil Renewables Limited,,
BOROSCI,Borosil Scientific Limited,,
BOSCHLTD,Bosch Limited,,
BOSS,Boss Packaging Solutions Limited,,
BPCL,Bharat Petroleum Corporation Limited,,
BPL,BPL Limited,,
BRACEPORT,Brace Port Logistics Limited,,
BRANDMAN,Brandman Retail Limited,,
BRIGADE,Brigade Enterprises Limited,,
BRIGHOTEL,Brigade Hotel Ventures Limited,,
BRITANNIA,Britannia Industries Limited,,
BRNL,Bharat Road Network Limited,,
BROOKS,Brooks Laboratories Limited,,
BSE,BSE Limited,,
BSHSL,Bombay Super Hybrid Seeds Limited,,
BSL,BSL Limited,,
BSOFT,Birlasoft Limited,,
BTML,Bodhi Tree Multimedia Limited,,
BTTL,Bhilwara Technical Textiles Limited,,
BUILDPRO,Shankara Buildpro Limited,,
BULKCORP,Bulkcorp International Limited,,
BURNPUR,Burnpur Cement Limited,,
BUTTERFLY,Butterfly Gandhimathi Appliances Limited,,
BVCL,Barak Valley Cements Limited,,
BYKE,The Byke Hospitality Limited,,
C2C,C2C Advanced Systems Limited,,
CADSYS,Cadsys (India) Limited,,
CALSOFT,California Software Company Limited,,
CALSOFTPP,California Software Company Limited,,
CAMLINFINE,Camlin Fine Sciences Limited,,
CAMPUS,Campus Activewear Limited,,
CAMS,Computer Age Management Services Limited,,
CANARYS,Canarys Automations Limited,,
CANBK,Canara Bank,,
CANFINHOME,Can Fin Homes Limited,,
CANHLIFE,Canara HSBC Life Insurance Company Limited,,
CANTABIL,Cantabil Retail India Limited,,
CAPACITE,Capacit'e Infraprojects Limited,,
CAPILLARY,Capillary Technologies India Limited,,
CAPINVIT,Capital Infra Trust,,
CAPITALSFB,Capital Small Finance Bank Limited,,
CAPLIPOINT,Caplin Point Laboratories Limited,,
CAPTRUST,Capital Trust Limited,,
CARBORUNIV,Carborundum Universal Limited,,
CARERATING,CARE Ratings Limited,,
CARRARO,Carraro India Limited,,
CARTRADE,CarTrade Tech Limited,,
CARYSIL,Carysil Limited,,
CASTROLIND,Castrol India Limited,,
CBAZAAR,Net Avenue Technologies Limited,,
CCAVENUE,AvenuesAI Limited,,
CCCL,Consolidated Construction Consortium Limited,,
CCHHL,Country Club Hospitality & Holidays Limited,,
CCL,CCL Products (India) Limited,,
CDSL,Central Depository Services (India) Limited,,
CEATLTD,CEAT Limited,,
CEDAAR,Cedaar Textiles Limited,,
CEIGALL,Ceigall India Limited,,
CEINSYS,Ceinsys Tech Limited,,
CELEBRITY,Celebrity Fashions Limited,,
CELLECOR,Cellecor Gadgets Limited,,
CELLO,Cello World Limited,,
CELLPOINT,Cell Point (India) Limited,,
CEMPRO,Cemindia Projects Limited,,
CENTENKA,Century Enka Limited,,
CENTEXT,Century Extrusions Limited,,
CENTRALBK,Central Bank of India,,
CENTRUM,Centrum Capital Limited,,
CENTUM,Centum Electronics Limited,,
CENTURYPLY,Century Plyboards (India) Limited,,
CERA,Cera Sanitaryware Limited,,
CEREBRAINT,Cerebra Integrated Technologies Limited,,
CESC,CESC Limited,,
CEWATER,Concord Enviro Systems Limited,,
CGCL,Capri Global Capital Limited,,
CGPOWER,CG Power and Industrial Solutions Limited,,
CGRAPHICS,Creative Graphics Solutions India Limited,,
CHALET,Chalet Hotels Limited,,
CHAMBLFERT,Chambal Fertilisers and Chemicals Limited,,
CHAMUNDA,Chamunda Electrical Limited,,
CHANDAN,Chandan Healthcare Limited,,
CHAVDA,Chavda Infra Limited,,
CHEMBOND,Chembond Material Technologies Limited,,
CHEMBONDCH,Chembond Chemicals Limited,,
CHEMCON,Chemcon Speciality Chemicals Limited,,
CHEMFAB,Chemfab Alkalis Limited,,
CHEMPLASTS,Chemplast Sanmar Limited,,
CHENNPETRO,Chennai Petroleum Corporation Limited,,
CHETANA,Chetana Education Limited,,
CHEVIOT,Cheviot Company Limited,,
CHOICEIN,Choice International Limited,,
CHOLAFIN,Cholamandalam Investment and Finance Company Limited,,
CHOLAHLDNG,Cholamandalam Financial Holdings Limited,,
CIEINDIA,CIE Automotive India Limited,,
CIFL,Capital India Finance Limited,,
CIGNITITEC,Cigniti Technologies Limited,,
CINELINE,Cineline India Limited,,
CINEVISTA,Cinevista Limited,,
CIPLA,Cipla Limited,,
CITIUSINVT,Citius TransNet Investment Trust,,
CKKRETAIL,C K K Retail Mart Limited,,
CLASSICEIL,Classic Electrodes (India) Limited,,
CLAYCRAFT,Clay Craft India Limited,,
CLCIND,CLC Industries Limited,,
CLEAN,Clean Science and Technology Limited,,
CLEANMAX,Clean Max Enviro Energy Solutions Limited,,
CLEDUCATE,CL Educate Limited,,
CLSEL,Chaman Lal Setia Exports Ltd.,,
CLSL,Crop Life Science Limited,,
CMLL,Caliber Mining and Logistics Limited,,
CMNL,Chaman Metallics Limited,,
CMPDI,Central Mine Planning & Design Institute Limited,,
CMRGREEN,CMR Green Technologies Limited,,
CMRSL,Cyber Media Research & Services Limited,,
CMSINFO,CMS Info Systems Limited,,
CNL,Creative Newtech Limited,,
COALINDIA,Coal India Limited,,
COASTCORP,Coastal Corporation Limited,,
COCHINSHIP,Cochin Shipyard Limited,,
COCKERILL,John Cockerill India Limited,,
COFFEEDAY,Coffee Day Enterprises Limited,,
COFORGE,Coforge Limited,,
COHANCE,Cohance Lifesciences Limited,,
COLPAL,Colgate-Palmolive (India) Limited,,
COMFINTE,Comfort Intech Limited,,
COMMITTED,Committed Cargo Care Limited,,
COMPINFO,Compuage Infocom Limited,,
COMPUSOFT,Compucom Software Limited,,
COMSYN,Commercial Syn Bags Limited,,
CONCOR,Container Corporation of India Limited,,
CONCORDBIO,Concord Biotech Limited,,
CONFIPET,Confidence Petroleum India Limited,,
CONNPLEX,Connplex Cinemas Limited,,
CONSOFINVT,Consolidated Finvest & Holdings Limited,,
CONTI,Continental Seeds and Chemicals Limited,,
CONTROLPR,Control Print Limited,,
COOLCAPS,Cool Caps Industries Limited,,
CORALFINAC,Coral India Finance and Housing Limited,,
CORDELIA,Waterways Leisure Tourism Limited,,
CORDSCABLE,Cords Cable Industries Limited,,
COROMANDEL,Coromandel International Limited,,
CORONA,CORONA Remedies Limited,,
COSMOFIRST,Cosmo First Limited,,
COUNCODOS,Country Condo's Limited,,
CPCAP,CP Capital Limited,,
CPEDU,Career Point Edutech Ltd.,,
CPL,Captain Polyplast Limited,,
CPPLUS,Aditya Infotech Limited,,
CPS,CPS Shapers Limited,,
CRAFTSMAN,Craftsman Automation Limited,,
CRAMC,Canara Robeco Asset Management Company Limited,,
CRAYONS,Crayons Advertising Limited,,
CREATIVEYE,Creative Eye Limited,,
CREDITACC,CreditAccess Grameen Limited,,
CREST,Crest Ventures Limited,,
CRISIL,CRISIL Limited,,
CRIZAC,Crizac Limited,,
CROMPTON,Crompton Greaves Consumer Electricals Limited,,
CROWN,Crown Lifters Limited,,
CSBBANK,CSB Bank Limited,,
CSLFINANCE,CSL Finance Limited,,
CSM,CSM Technologies Limited,,
CSSL,Clear Secured Services Limited,,
CTE,Cambridge Technology Enterprises Limited,,
CUB,City Union Bank Limited,,
CUBEXTUB,Cubex Tubings Limited,,
CUDML,Cash UR Drive Marketing Limited,,
CUMMINSIND,Cummins India Limited,,
CUPID,Cupid Limited,,
CURAA,Cura Technologies Limited,,
CURIS,Curis Lifesciences Limited,,
CURRENT,Current Infraprojects Limited,,
CYBERMEDIA,Cyber Media (India) Limited,,
CYBERTECH,CyberTech Systems and Software Limited,,
CYIENT,Cyient Limited,,
CYIENTDLM,Cyient DLM Limited,,
DABUR,Dabur India Limited,,
DAICHI,Dai-ichi Karkaria Limited,,
DALBHARAT,Dalmia Bharat Limited,,
DALMIASUG,Dalmia Bharat Sugar and Industries Limited,,
DAMCAPITAL,DAM Capital Advisors Limited,,
DAMODARIND,Damodar Industries Limited,,
DANGEE,Dangee Dums Limited,,
DANISH,Danish Power Limited,,
DATAMATICS,Datamatics Global Services Limited,,
DATAPATTNS,Data Patterns (India) Limited,,
DAVANGERE,Davangere Sugar Company Limited,,
DBCORP,D. B. Corp Limited,,
DBEIL,Deepak Builders & Engineers India Limited,,
DBL,Dilip Buildcon Limited,,
DBOL,Dhampur Bio Organics Limited,,
DBREALTY,Valor Estate Limited,,
DBSTOCKBRO,DB (International) Stock Brokers Limited,,
DCAL,Dishman Carbogen Amcis Limited,,
DCBBANK,DCB Bank Limited,,
DCCL,Dar Credit & Capital Limited,,
DCG,DCG Cables & Wires Limited,,
DCI,DC Infotech and Communication Limited,,
DCM,DCM Limited,,
DCMFINSERV,DCM Financial Services Limited,,
DCMNVL,DCM Nouvelle Limited,,
DCMSHRIRAM,DCM Shriram Limited,,
DCMSIL,DCM Shriram International Limited,,
DCMSRIND,DCM Shriram Industries Limited,,
DCW,DCW Limited,,
DCXINDIA,DCX Systems Limited,,
DDEVPLSTIK,Ddev Plastiks Industries Limited,,
DECCANCE,Deccan Cements Limited,,
DECCANTRAN,Deccan Transcon Leasing Limited,,
DECNGOLD,Deccan Gold Mines Limited,,
DEEDEV,DEE Development Engineers Limited,,
DEEM,Deem Roll-Tech Limited,,
DEEPAKFERT,Deepak Fertilisers And Petrochemicals Corporation Limited,,
DEEPAKNTR,Deepak Nitrite Limited,,
DEEPINDS,Deep Industries Limited,,
DELAPLEX,Delaplex Limited,,
DELHIVERY,Delhivery Limited,,
DELPHIFX,Delphi World Money Limited,,
DELTACORP,Delta Corp Limited,,
DELTAMAGNT,Delta Manufacturing Limited,,
DELTIC,Delta Autocorp Limited,,
DEN,DEN Networks Limited,,
DENEERS,De Neers Tools Limited,,
DENORA,De Nora India Limited,,
DENTA,Denta Water and Infra Solutions Limited,,
DENTALKART,Vasa Denticity Limited,,
DESTINY,Destiny Logistics & Infra Limited,,
DEVIT,Dev Information Technology Limited,,
DEVX,Dev Accelerator Limited,,
DEVYANI,Devyani International Limited,,
DGCONTENT,Digicontent Limited,,
DHAMPURSUG,Dhampur Sugar Mills Limited,,
DHANBANK,Dhanlaxmi Bank Limited,,
DHANLAXMI,Dhanlaxmi Crop Science Limited,,
DHANSA,Dhansa Labs Limited,,
DHANUKA,Dhanuka Agritech Limited,,
DHARAN,Dharan Infra-EPC Limited,,
DHARARAIL,Dhara Rail Projects Limited,,
DHARIWAL,Dhariwal Corp Limited,,
DHARMAJ,Dharmaj Crop Guard Limited,,
DHRUV,Dhruv Consultancy Services Limited,,
DHTL,DocMode Health Technologies Limited,,
DHUNINV,Dhunseri Investments Limited,,
DIACABS,Diamond Power Infrastructure Limited,,
DIAMINESQ,Diamines and Chemicals Limited,,
DIAMONDYD,Prataap Snacks Limited,,
DICIND,DIC India Limited,,
DIFFNKG,Diffusion Engineers Limited,,
DIGIDRIVE,Digidrive Distributors Limited,,
DIGIKORE,Digikore Studios Limited,,
DIGISPICE,DiGiSPICE Technologies Limited,,
DIGITIDE,Digitide Solutions Limited,,
DIGJAMLMTD,Digjam Limited,,
DIL,Debock Industries Limited,,
DIRL,Dhanuka Infra Realty Limited,,
DISAQ,DISA India Limited,,
DISHTV,Dish TV India Limited,,
DIVGIITTS,Divgi TorqTransfer Systems Limited,,
DIVINEHIRA,Divine Hira Jewellers Limited,,
DIVISLAB,Divi's Laboratories Limited,,
DIVYADHAN,Divyadhan Recycling Industries Limited,,
DIXON,Dixon Technologies (India) Limited,,
DJML,DJ Mediaprint & Logistics Limited,,
DKEGL,D.K. Enterprises Global Limited,,
DLF,DLF Limited,,
DLINKINDIA,D-Link (India) Limited,,
DMART,Avenue Supermarts Limited,,
DMCC,DMCC Speciality Chemicals Limited,,
DNAMEDIA,Diligent Media Corporation Limited,,
DODLA,Dodla Dairy Limited,,
DOLATALGO,Dolat Algotech Limited,,
DOLLAR,Dollar Industries Limited,,
DOLLEX,Dollex Agrotech Limited,,
DOLPHIN,Dolphin Offshore Enterprises (India) Limited,,
DOMS,DOMS Industries Limited,,
DONEAR,Donear Industries Limited,,
DPABHUSHAN,D. P. Abhushan Limited,,
DPEL,Divine Power Energy Limited,,
DPSCLTD,India Power Corporation Limited,,
DPWIRES,D.P. Wires Limited,,
DRAGARWQ,Dr. Agarwal's Eye Hospital Limited,,
DRCSYSTEMS,DRC Systems India Limited,,
DREAMFOLKS,Dreamfolks Services Limited,,
DREDGECORP,Dredging Corporation of India Limited,,
DRONE,Drone Destination Limited,,
DRREDDY,Dr. Reddy's Laboratories Limited,,
DRSCARGO,DRS Cargo Movers Ltd,,
DRSDILIP,DRS Dilip Roadlines Limited,,
DSFCL,DCM Shriram Fine Chemicals Limited,,
DSSL,Dynacons Systems & Solutions Limited,,
DTIL,Dhunseri Tea & Industries Limited,,
DTL,Diensten Tech Limited,,
DUCOL,Ducol Organics And Colours Limited,,
DUCON,Ducon Infratechnologies Limited,,
DUGLOBAL,DUDigital Global Limited,,
DURLAX,Durlax Top Surface Limited,,
DVL,Dhunseri Ventures Limited,,
DWARKESH,Dwarikesh Sugar Industries Limited,,
DYCL,Dynamic Cables Limited,,
DYNAMATECH,Dynamatic Technologies Limited,,
DYNAMIC,Dynamic Services & Security Limited,,
DYNPRO,Dynemic Products Limited,,
E2E,E2E Networks Limited,,
E2ERAIL,E to E Transportation Infrastructure Limited,,
EASEMYTRIP,Easy Trip Planners Limited,,
EASTSILK,Eastern Silk Industries Limited,,
EBGNG,GNG Electronics Limited,,
ECLERX,eClerx Services Limited,,
ECOLINE,Ecoline Exim Limited,,
ECOSMOBLTY,Ecos (India) Mobility & Hospitality Limited,,
EDELWEISS,Edelweiss Financial Services Limited,,
EDUCOMP,Educomp Solutions Limited,,
EEPL,Eppeltone Engineers Limited,,
EFACTOR,E Factor Experiences Limited,,
EFCIL,EFC (I) Limited,,
EFFWA,Effwa Infra & Research Limited,,
EFORCE,Electro Force (India) Limited,,
EICHERMOT,Eicher Motors Limited,,
EIDPARRY,E.I.D.- Parry (India) Limited,,
EIEL,Enviro Infra Engineers Limited,,
EIFFL,Euro India Fresh Foods Limited,,
EIHAHOTELS,EIH Associated Hotels Limited,,
EIHOTEL,EIH Limited,,
EIMCOELECO,Eimco Elecon (India) Limited,,
EKC,Everest Kanto Cylinder Limited,,
ELANTAS,ELANTAS Beck India Limited,,
ELCIDIN,Elcid Investments Limited,,
ELDEHSG,Eldeco Housing and Industries Limited,,
ELECON,Elecon Engineering Company Limited,,
ELECTCAST,Electrosteel Castings Limited,,
ELECTHERM,Electrotherm (India) Limited,,
ELGIEQUIP,Elgi Equipments Limited,,
ELGIRUBCO,Elgi Rubber Company Limited,,
ELGNZ,Eleganz Interiors Limited,,
ELIN,Elin Electronics Limited,,
ELITECON,Elitecon International Limited,,
ELLEN,Ellenbarrie Industrial Gases Limited,,
ELPROINTL,Elpro International Limited,,
EMAMILTD,Emami Limited,,
EMAMIPAP,Emami Paper Mills Limited,,
EMAMIREAL,Emami Realty Limited,,
EMAPARTNER,EMA Partners India Limited,,
EMBASSY,Embassy Office Parks REIT,,
EMBDL,Embassy Developments Limited,,
EMCURE,Emcure Pharmaceuticals Limited,,
EMIL,Electronics Mart India Limited,,
EMKAY,Emkay Global Financial Services Limited,,
EMKAYTOOLS,Emkay Taps and Cutting Tools Limited,,
EMMBI,Emmbi Industries Limited,,
EMMIL,Energy-Mission Machineries (India) Limited,,
EMMVEE,Emmvee Photovoltaic Power Limited,,
EMPOWER,Empower India Limited,,
EMSLIMITED,EMS Limited,,
EMUDHRA,eMudhra Limited,,
ENCOMPAS,Encompass Design India Limited,,
ENDURANCE,Endurance Technologies Limited,,
ENERGYDEV,Energy Development Company Limited,,
ENFUSE,Enfuse Solutions Limited,,
ENGINERSIN,Engineers India Limited,,
ENIL,Entertainment Network (India) Limited,,
ENRIN,Siemens Energy India Limited,,
ENSER,Enser Communications Limited,,
ENTERO,Entero Healthcare Solutions Limited,,
ENVIRO,Envirotech Systems Limited,,
EPACK,EPACK Durable Limited,,
EPACKPEB,EPack Prefab Technologies Limited,,
EPIGRAL,Epigral Limited,,
EPL,EPL Limited,,
EPWINDIA,EPW India Limited,,
EQUIPPP,Equippp Social Impact Technologies Limited,,
EQUITASBNK,Equitas Small Finance Bank Limited,,
ERIS,Eris Lifesciences Limited,,
EROSMEDIA,Eros International Media Limited,,
ESABINDIA,ESAB India Limited,,
ESAFSFB,ESAF Small Finance Bank,,
ESCONET,Esconet Technologies Limited,,
ESCORTS,Escorts Kubota Limited,,
ESFL,Essen Speciality Films Limited,,
ESPRIT,Esprit Stones Limited,,
ESSARSHPNG,Essar Shipping Limited,,
ESSENTIA,Integra Essentia Limited,,
ESTER,Ester Industries Limited,,
ETERNAL,Eternal Limited,,
ETHOSLTD,Ethos Limited,,
ETL,Emkay Tools Limited,,
ETML,Emerald Tyre Manufacturers Limited,,
EUREKAFORB,Eureka Forbes Limited,,
EUROBOND,Euro Panel Products Limited,,
EUROPRATIK,Euro Pratik Sales Limited,,
EUROTEXIND,Eurotex Industries and Exports Limited,,
EVEREADY,Eveready Industries India Limited,,
EVERESTIND,Everest Industries Limited,,
EXCELINDUS,Excel Industries Limited,,
EXCELLENT,Excellent Wires and Packaging Limited,,
EXCELSOFT,Excelsoft Technologies Limited,,
EXICOM,Exicom Tele-Systems Limited,,
EXIDEIND,Exide Industries Limited,,
EXIMROUTES,Exim Routes Limited,,
EXPLEOSOL,Expleo Solutions Limited,,
EXXARO,Exxaro Tiles Limited,,
FABTECH,Fabtech Technologies Limited,,
FACT,The Fertilisers and Chemicals Travancore Limited,,
FAIRCHEMOR,Fairchem Organics Limited,,
FAZE3Q,Faze Three Limited,,
FCL,Fineotex Chemical Limited,,
FCONSUMER,Future Consumer Limited,,
FCSSOFT,FCS Software Solutions Limited,,
FDC,FDC Limited,,
FEDDERSHOL,Fedders Holding Limited,,
FEDERALBNK,The Federal Bank Limited,,
FEDFINA,Fedbank Financial Services Limited,,
FEL,Future Enterprises Limited,,
FELDVR,Future Enterprises Limited,,
FELIX,Felix Industries Limited,,
FERMENTA,Fermenta Biotech Limited,,
FIBERWEB,Fiberweb (India) Limited,,
FIDEL,Fidel Softech Limited,,
FIEMIND,Fiem Industries Limited,,
FILATEX,Filatex India Limited,,
FILATFASH,Filatex Fashions Limited,,
FINBUD,Finbud Financial Services Limited,,
FINCABLES,Finolex Cables Limited,,
FINEORG,Fine Organic Industries Limited,,
FINKURVE,Finkurve Financial Services Limited,,
FINOPB,Fino Payments Bank Limited,,
FINPIPE,Finolex Industries Limited,,
FIRSTCRY,Brainbees Solutions Limited,,
FISCHER,Fischer Medical Ventures Limited,,
FIVESTAR,Five-Star Business Finance Limited,,
FLAIR,Flair Writing Industries Limited,,
FLEXITUFF,Flexituff Ventures International Limited,,
FLFL,Future Lifestyle Fashions Limited,,
FLUOROCHEM,Gujarat Fluorochemicals Limited,,
FLYSBS,FlySBS Aviation Limited,,
FMGOETZE,Federal-Mogul Goetze (India) Limited,,
FMNL,Future Market Networks Limited,,
FOCE,Foce India Limited,,
FOCUS,Focus Lighting and Fixtures Limited,,
FONEBOX,Fonebox Retail Limited,,
FOODSIN,Foods and Inns Limited,,
FORCAS,Forcas Studio Limited,,
FORCEMOT,Force Motors Limited,,
FORGEAUTO,Forge Auto International Limited,,
FORTIS,Fortis Healthcare Limited,,
FOSECOIND,Foseco India Limited,,
FRACTAL,Fractal Analytics Limited,,
FRESHARA,Freshara Agro Exports Limited,,
FROG,Frog Cellsat Limited,,
FRONTSP,Frontier Springs Limited,,
FSL,Firstsource Solutions Limited,,
FUSION,Fusion Finance Limited,,
FUSIONPP,Fusion Finance Limited,,
FWSTC,Flywings Simulator Training Centre Limited,,
GABRIEL,Gabriel India Limited,,
GAEL,Gujarat Ambuja Exports Limited,,
GAIL,GAIL (India) Limited,,
GAJANAND,Gajanand International Limited,,
GALAPREC,Gala Precision Engineering Limited,,
GALAXYSURF,Galaxy Surfactants Limited,,
GALLANTT,Gallantt Ispat Limited,,
GANDHAR,Gandhar Oil Refinery (India) Limited,,
GANDHITUBE,Gandhi Special Tubes Limited,,
GANECOS,Ganesha Ecosphere Limited,,
GANESHBE,Ganesh Benzoplast Limited,,
GANESHCP,Ganesh Consumer Products Limited,,
GANESHHOU,Ganesh Housing Limited,,
GANESHIN,Ganesh Infraworld Limited,,
GANGABATH,Ganga Bath Fittings Limited,,
GANGAFORGE,Ganga Forging Limited,,
GANGESSECU,Ganges Securities Limited,,
GARFIBRES,Garware Technical Fibres Limited,,
GARUDA,Garuda Construction and Engineering Limited,,
GATECH,GACM Technologies Limited,,
GATECHDVR,GACM Technologies Limited,,
GATEWAY,Gateway Distriparks Limited,,
GAUDIUMIVF,Gaudium IVF and Women Health Limited,,
GAYAHWS,Gayatri Highways Limited,,
GAYAPROJ,Gayatri Projects Limited,,
GCHOTELS,Grand Continent Hotels Limited,,
GCSL,Gretex Corporate Services Limited,,
GEECEE,GeeCee Ventures Limited,,
GEEKAYWIRE,Geekay Wires Limited,,
GEMAROMA,Gem Aromatics Limited,,
GENCON,Generic Engineering Construction and Projects Limited,,
GENESYS,Genesys International Corporation Limited,,
GENSOL,Gensol Engineering Limited,,
GENUSPAPER,Genus Paper & Boards Limited,,
GENUSPOWER,Genus Power Infrastructures Limited,,
GENXAI,Genxai Analytics Limited,,
GEOJITFSL,Geojit Financial Services Limited,,
GESHIP,The Great Eastern Shipping Company Limited,,
GFLLIMITED,GFL Limited,,
GFSTEELS,Grand Foundry Limited,,
GGBL,Ganesh Green Bharat Limited,,
GHCL,GHCL Limited,,
GHCLTEXTIL,GHCL Textiles Limited,,
GICHSGFIN,GIC Housing Finance Limited,,
GICL,Globe International Carriers Limited,,
GICRE,General Insurance Corporation of India,,
GILLANDERS,Gillanders Arbuthnot and Company Limited,,
GILLETTE,Gillette India Limited,,
GINNIFILA,Ginni Filaments Limited,,
GIPCL,Gujarat Industries Power Company Limited,,
GIRIRAJ,Giriraj Civil Developers Limited,,
GJL,Grover Jewells Limited,,
GKENERGY,GK Energy Limited,,
GKSL,Gujarat Kidney And Super Speciality Limited,,
GKWLIMITED,GKW Limited,,
GLAND,Gland Pharma Limited,,
GLAXO,GlaxoSmithKline Pharmaceuticals Limited,,
GLENMARK,Glenmark Pharmaceuticals Limited,,
GLFL,Gujarat Lease Financing Limited,,
GLOBAL,Global Education Limited,,
GLOBALE,Globale Tessile Limited,,
GLOBALPET,Global Pet Industries Limited,,
GLOBALVECT,Global Vectra Helicorp Limited,,
GLOBE,Globe Enterprises (India) Limited,,
GLOBECIVIL,Globe Civil Projects Limited,,
GLOBUSSPR,Globus Spirits Limited,,
GLOSTERLTD,Gloster Limited,,
GLOTTIS,Glottis Limited,,
GMBREW,G.M. Breweries Limited,,
GMDCLTD,Gujarat Mineral Development Corporation Limited,,
GML,Galaxy Medicare Limited,,
GMMPFAUDLR,GMM Pfaudler Limited,,
GMRAIRPORT,GMR Airports Limited,,
GMRP_UI,GMR Power And Urban Infra Limited,,
GNA,G N A Axles Limited,,
GNFC,Gujarat Narmada Valley Fertilizers & Chemicals Limited,,
GNRL,Gujarat Natural Resources Limited,,
GOACARBON,Goa Carbon Limited,,
GOCLCORP,GOCL Corporation Limited,,
GOCOLORS,Go Fashion (India) Limited,,
GODAVARIB,Godavari Biorefineries Limited,,
GODFRYPHLP,Godfrey Phillips India Limited,,
GODIGIT,Go Digit General Insurance Limited,,
GODREJAGRO,Godrej Agrovet Limited,,
GODREJCP,Godrej Consumer Products Limited,,
GODREJIND,Godrej Industries Limited,,
GODREJPROP,Godrej Properties Limited,,
GOENKA,Goenka Diamond and Jewels Limited,,
GOKEX,Gokaldas Exports Limited,,
GOKUL,Gokul Refoils & Solvent Limited,,
GOKULAGRO,Gokul Agro Resources Limited,,
GOLDENTOBC,Golden Tobacco Limited,,
GOLDIAM,Goldiam International Limited,,
GOLDKART,Goldkart Jewels Limited,,
GOLDSTAR,Goldstar Power Limited,,
GOLDTECH,AION-TECH Solutions Limited,,
GOODLUCK,Goodluck India Limited,,
GOODYEAR,Goodyear India Limited,,
GOPAL,Gopal Snacks Limited,,
GOYALALUM,Goyal Aluminiums Limited,,
GOYALSALT,Goyal Salt Limited,,
GPECO,GP ECO Solutions India Limited,,
GPIL,Godawari Power & Ispat Limited,,
GPPL,Gujarat Pipavav Port Limited,,
GPTHEALTH,GPT Healthcare Limited,,
GPTINFRA,GPT Infraprojects Limited,,
GRADIENTE,Gradiente Infotainment Limited,,
GRANDOAK,Grand Oak Canyons Distillery Limited,,
GRANULES,Granules India Limited,,
GRAPHISAD,Graphisads Limited,,
GRAPHITE,Graphite India Limited,,
GRASIM,Grasim Industries Limited,,
GRAUWEIL,Grauer & Weil (India) Limited,,
GRAVISSHO,Graviss Hospitality Limited,,
GRAVITA,Gravita India Limited,,
GRCL,Gayatri Rubbers and Chemicals Limited,,
GREAVESCOT,Greaves Cotton Limited,,
GREENCHEF,Greenchef Appliances Limited,,
GREENLAM,Greenlam Industries Limited,,
GREENLEAF,Greenleaf Envirotech Limited,,
GREENPANEL,Greenpanel Industries Limited,,
GREENPLY,Greenply Industries Limited,,
GREENPOWER,Orient Green Power Company Limited,,
GRETEX,Gretex Industries Limited,,
GRINDWELL,Grindwell Norton Limited,,
GRINFRA,G R Infraprojects Limited,,
GRMOVER,GRM Overseas Limited,,
GROBTEA,The Grob Tea Company Limited,,
GROWW,Billionbrains Garage Ventures Limited,,
GRPLTD,GRP Limited,,
GRSE,Garden Reach Shipbuilders & Engineers Limited,,
GRWRHITECH,Garware Hi-Tech Films Limited,,
GSFC,Gujarat State Fertilizers & Chemicals Limited,,
GSLSU,Global Surfaces Limited,,
GSMFOILS,GSM Foils Limited,,
GSPCROP,GSP Crop Science Limited,,
GSPL,Gujarat State Petronet Limited,,
GSS,GSS Infotech Limited,,
GSTL,Globesecure Technologies Limited,,
GTECJAINX,G-Tec Jainx Education Limited,,
GTL,GTL Limited,,
GTLINFRA,GTL Infrastructure Limited,,
GTPL,GTPL Hathway Limited,,
GUFICBIO,Gufic Biosciences Limited,,
GUJALKALI,Gujarat Alkalies and Chemicals Limited,,
GUJAPOLLO,Gujarat Apollo Industries Limited,,
GUJENERGY,Gujarat Energy Limited,,
GUJRAFFIA,Gujarat Raffia Industries Limited,,
GUJTHEM,Gujarat Themis Biosyn Limited,,
GULFOILLUB,Gulf Oil Lubricants India Limited,,
GULFPETRO,GP Petroleums Limited,,
GULPOLY,Gulshan Polyols Limited,,
GURUNANAK,Gurunanak Agriculture India Limited,,
GVKPIL,GVK Power & Infrastructure Limited,,
GVPIL,GE Power India Limited,,
GVPTECH,GVP Infotech Limited,,
GVPTECHPP,GVP Infotech Limited,,
GVT_D,GE Vernova T&D India Limited,,
GYFTR,Gyftr Limited,,
HAL,Hindustan Aeronautics Limited,,
HALDER,Halder Venture Limited,,
HALDYNGL,Haldyn Glass Limited,,
HALEOSLABS,Haleos Labs Limited,,
HAPPSTMNDS,Happiest Minds Technologies Limited,,
HAPPY,Happy Steels Limited,,
HAPPYFORGE,Happy Forgings Limited,,
HARDWYN,Hardwyn India Limited,,
HARIOMPIPE,Hariom Pipe Industries Limited,,
HARRMALAYA,Harrisons Malayalam Limited,,
HARSHA,Harsha Engineers International Limited,,
HATHWAY,Hathway Cable and Datacom Limited,,
HATSUN,Hatsun Agro Product Limited,,
HAVELLS,Havells India Limited,,
HAVISHA,Sri Havisha Hospitality and Infrastructure Limited,,
HAWKINCOOK,Hawkins Cookers Limited,,
HBESD,HB Estate Developers Limited,,
HBLENGINE,HBL Engineering Limited,,
HBSL,HB Stockholdings Limited,,
HCC,Hindustan Construction Company Limited,,
HCG,HealthCare Global Enterprises Limited,,
HCLTECH,HCL Technologies Limited,,
HDBFS,HDB Financial Services Limited,,
HDFCAMC,HDFC Asset Management Company Limited,,
HDFCBANK,HDFC Bank Limited,,
HDFCLIFE,HDFC Life Insurance Company Limited,,
HDIL,Housing Development and Infrastructure Limited,,
HEADSUP,Heads UP Ventures Limited,,
HEALTHX,Health X Platform Limited,,
HECPROJECT,HEC Infra Projects Limited,,
HEG,HEG Limited,,
HEIDELBERG,HeidelbergCement India Limited,,
HEMIPROP,Hemisphere Properties India Limited,,
HERANBA,Heranba Industries Limited,,
HERCULES,Hercules Investments Limited,,
HERITGFOOD,Heritage Foods Limited,,
HEROMOTOCO,Hero MotoCorp Limited,,
HESTERBIO,Hester Biosciences Limited,,
HEXAGON,Hexagon Nutrition Limited,,
HEXATRADEX,Hexa Tradex Limited,,
HEXT,Hexaware Technologies Limited,,
HFCL,HFCL Limited,,
HGINFRA,H.G. Infra Engineering Limited,,
HGM,Handson Global Management (HGM) Limited,,
HGS,Hinduja Global Solutions Limited,,
HIGREEN,Hi-Green Carbon Limited,,
HIKAL,Hikal Limited,,
HILINFRA,Highway Infrastructure Limited,,
HILTON,Hilton Metal Forging Limited,,
HIMATSEIDE,Himatsingka Seide Limited,,
HINDALCO,Hindalco Industries Limited,,
HINDCOMPOS,Hindustan Composites Limited,,
HINDCON,Hindcon Chemicals Limited,,
HINDCOPPER,Hindustan Copper Limited,,
HINDMOTORS,Hindustan Motors Limited,,
HINDOILEXP,Hindustan Oil Exploration Company Limited,,
HINDPETRO,Hindustan Petroleum Corporation Limited,,
HINDUNILVR,Hindustan Unilever Limited,,
HINDWAREAP,Hindware Home Innovation Limited,,
HINDZINC,Hindustan Zinc Limited,,
HIRECT,Hirect Limited,,
HISARMETAL,Hisar Metal Industries Limited,,
HITECH,Hi-Tech Pipes Limited,,
HITECHCORP,Hitech Corporation Limited,,
HITECHGEAR,The Hi-Tech Gears Limited,,
HLEGLAS,HLE Glascoat Limited,,
HLVLTD,HLV Limited,,
HMAAGRO,HMA Agro Industries Limited,,
HMT,HMT Limited,,
HMVL,Hindustan Media Ventures Limited,,
HNDFDS,Hindustan Foods Limited,,
HOACFOODS,Hoac Foods India Limited,,
HOLMARC,Holmarc Opto-Mechatronics Limited,,
HOMEFIRST,Home First Finance Company India Limited,,
HOMESFY,Homesfy Realty Limited,,
HONASA,Honasa Consumer Limited,,
HONAUT,Honeywell Automation India Limited,,
HONDAPOWER,Honda India Power Products Limited,,
HPAL,HP Adhesives Limited,,
HPIL,Hindprakash Industries Limited,,
HPL,HPL Electric & Power Limited,,
HPTL,HP Telecom India Limited,,
HRHNEXT,HRH Next Services Limited,,
HSCL,Himadri Speciality Chemical Limited,,
HTMEDIA,HT Media Limited,,
HUBTOWN,Hubtown Limited,,
HUDCO,Housing and Urban Development Corporation Limited,,
HUHTAMAKI,Huhtamaki India Limited,,
HVAX,HVAX Technologies Limited,,
HYBRIDFIN,Hybrid Financial Services Limited,,
HYUNDAI,Hyundai Motor India Limited,,
IBLFL,IBL Finance Limited,,
IBULLSLTD,Indiabulls Limited,,
ICDSLTD,ICDS Limited,,
ICELCO,IC Electricals Company Limited,,
ICEMAKE,Ice Make Refrigeration Limited,,
ICICIAMC,ICICI Prudential Asset Management Company Limited,,
ICICIBANK,ICICI Bank Limited,,
ICICIGI,ICICI Lombard General Insurance Company Limited,,
ICICIPRULI,ICICI Prudential Life Insurance Company Limited,,
ICIL,Indo Count Industries Limited,,
ICRA,ICRA Limited,,
IDBI,IDBI Bank Limited,,
IDEA,Vodafone Idea Limited,,
IDEAFORGE,ideaForge Technology Limited,,
IDEALTECHO,Ideal Technoplast Industries Limited,,
IDENTICAL,Identical Brains Studios Limited,,
IDFCFIRSTB,IDFC First Bank Limited,,
IEML,Indian Emulsifiers Limited,,
IEX,Indian Energy Exchange Limited,,
IFBAGRO,IFB Agro Industries Limited,,
IFBIND,IFB Industries Limited,,
IFCI,IFCI Limited,,
IFGLEXPOR,IFGL Refractories Limited,,
IGARASHI,Igarashi Motors India Limited,,
IGCL,Indogulf Cropsciences Limited,,
IGIL,International Gemological Institute Limited,,
IGL,Indraprastha Gas Limited,,
IGPL,I G Petrochemicals Limited,,
IIFL,IIFL Finance Limited,,
IIFLCAPS,IIFL Capital Services Limited,,
IITL,Industrial Investment Trust Limited,,
IKIO,IKIO Technologies Limited,,
IKS,Inventurus Knowledge Solutions Limited,,
IL_FSENGG,IL&FS Engineering and Construction Company Limited,,
IL_FSTRANS,IL&FS Transportation Networks Limited,,
IMAGICAA,Imagicaaworld Entertainment Limited,,
IMFA,Indian Metals and Ferro Alloys Limited,,
IMPAL,India Motor Parts & Accessories Limited,,
IMPEXFERRO,Impex Ferro Tech Limited,,
INA,Insolation Energy Limited,,
INCREDIBLE,Incredible Industries Limited,,
INDBANK,Indbank Merchant Banking Services Limited,,
INDGN,Indegene Limited,,
INDHOTEL,The Indian Hotels Company Limited,,
INDIACEM,The India Cements Limited,,
INDIAGLYCO,India Glycols Limited,,
INDIAMART,IndiaMART InterMESH Limited,,
INDIANB,Indian Bank,,
INDIANCARD,The Indian Card Clothing Company Limited,,
INDIANHUME,The Indian Hume Pipe Company Limited,,
INDIASHLTR,India Shelter Finance Corporation Limited,,
INDIFRA,Indifra Limited,,
INDIGO,InterGlobe Aviation Limited,,
INDIGOPNTS,Indigo Paints Limited,,
INDIGRID,Indigrid Infrastructure Trust,,
INDIQUBE,IndiQube Spaces Limited,,
INDNIPPON,India Nippon Electricals Limited,,
INDOAMIN,Indo Amines Limited,,
INDOBORAX,Indo Borax & Chemicals Limited,,
INDOCO,Indoco Remedies Limited,,
INDOFARM,Indo Farm Equipment Limited,,
INDOMIM,INDO-MIM Limited,,
INDORAMA,Indo Rama Synthetics (India) Limited,,
INDOSTAR,IndoStar Capital Finance Limited,,
INDOTECH,Indo Tech Transformers Limited,,
INDOTHAI,Indo Thai Securities Limited,,
INDOUS,Indo Us Bio-Tech Limited,,
INDOWIND,Indowind Energy Limited,,
INDPRUD,Industrial And Prudential Investment Company Limited,,
INDRAMEDCO,Indraprastha Medical Corporation Limited,,
INDSWFTLAB,Ind-Swift Laboratories Limited,,
INDTERRAIN,Indian Terrain Fashions Limited,,
INDUSINDBK,IndusInd Bank Limited,,
INDUSINVIT,Indus Infra Trust,,
INDUSTOWER,Indus Towers Limited,,
INFIBPP,AvenuesAI Limited,,
INFINIUM,Infinium Pharmachem Limited,,
INFLUX,Influx Healthtech Limited,,
INFOBEAN,InfoBeans Technologies Limited,,
INFOLLION,Infollion Research Services Limited,,
INFOMEDIA,Infomedia Press Limited,,
INFY,Infosys Limited,,
INGERRAND,Ingersoll-Rand (India) Limited,,
INM,Interiors & More Limited,,
INNOMET,Innomet Advanced Materials Limited,,
INNOVACAP,Innova Captab Limited,,
INNOVANA,Innovana Thinklabs Limited,,
INNOVISION,Innovision Limited,,
INOXGREEN,Inox Green Energy Services Limited,,
INOXINDIA,INOX India Limited,,
INOXWIND,Inox Wind Limited,,
INSECTICID,Insecticides (India) Limited,,
INSPIRE,Inspire Films Limited,,
INSPIRISYS,Inspirisys Solutions Limited,,
INTEGRITY,Integrity Infrabuild Developers Limited,,
INTELLECT,Intellect Design Arena Limited,,
INTENTECH,Intense Technologies Limited,,
INTERARCH,Interarch Building Solutions Limited,,
INTLCONV,International Conveyors Limited,,
INVENTURE,Inventure Growth & Securities Limited,,
INVICTA,Invicta Diagnostic Limited,,
INVPRECQ,Investment & Precision Castings Limited,,
IOB,Indian Overseas Bank,,
IOC,Indian Oil Corporation Limited,,
IOLCP,IOL Chemicals and Pharmaceuticals Limited,,
IONEXCHANG,Ion Exchange (India) Limited,,
IPCALAB,Ipca Laboratories Limited,,
IPHL,Indian Phosphate Limited,,
IPL,India Pesticides Limited,,
IPSL,Integrated Personnel Services Limited,,
IRB,IRB Infrastructure Developers Limited,,
IRCON,Ircon International Limited,,
IRCTC,Indian Railway Catering & Tourism Corporation Limited,,
IREDA,Indian Renewable Energy Development Agency Limited,,
IRFC,Indian Railway Finance Corporation Limited,,
IRIS,IRIS RegTech Solutions Limited,,
IRISDOREME,Iris Clothings Limited,,
IRMENERGY,IRM Energy Limited,,
ISFT,IntraSoft Technologies Limited,,
ISGEC,Isgec Heavy Engineering Limited,,
ISHAN,Ishan International Limited,,
ISHANCH,Ishan Dyes and Chemicals Limited,,
ITALIANE,Italian Edibles Limited,,
ITC,ITC Limited,,
ITCHOTELS,ITC Hotels Limited,,
ITDC,India Tourism Development Corporation Limited,,
ITI,ITI Limited,,
ITTL,Innovative Tyres & Tubes Limited,,
IVALUE,iValue Infosolutions Limited,,
IVC,IL&FS Investment Managers Limited,,
IVP,IVP Limited,,
IWARE,Iware Supplychain Services Limited,,
IWP,The Indian Wood Products Company Limited,,
IXIGO,Le Travenues Technology Limited,,
IZMO,IZMO Limited,,
JAGRAN,Jagran Prakashan Limited,,
JAGSNPHARM,Jagsonpal Pharmaceuticals Limited,,
JAIBALAJI,Jai Balaji Industries Limited,,
JAICORPLTD,Jai Corp Limited,,
JAINAM,Jainam Ferro Alloys (I) Limited,,
JAINIK,Jainik Power Cables Limited,,
JAINREC,Jain Resource Recycling Limited,,
JAIPURKURT,Nandani Creation Limited,,
JAKHARIA,Jakharia Fabric Limited,,
JAMNAAUTO,Jamna Auto Industries Limited,,
JARO,Jaro Institute of Technology Management and Research Limited,,
JASH,Jash Engineering Limited,,
JAYAGROGN,Jayant Agro-Organics Limited,,
JAYBARMARU,Jay Bharat Maruti Limited,,
JAYBEE,Jay Bee Laminations Limited,,
JAYESH,Jayesh Logistics Limited,,
JAYKAY,Jaykay Enterprises Limited,,
JAYNECOIND,Jayaswal Neco Industries Limited,,
JAYSREETEA,Jay Shree Tea & Industries Limited,,
JBCHEPHARM,J. B. Chemicals & Pharmaceuticals Limited,,
JBMA,JBM Auto Limited,,
JETAIRWAYS,Jet Airways (India) Limited,,
JETFREIGHT,Jet Freight Logistics Limited,,
JETKNIT,Jet Knitwears Limited,,
JEYYAM,Jeyyam Global Foods Limited,,
JFLLIFE,JFL Life Sciences Limited,,
JGCHEM,J.G. Chemicals Limited,,
JHS,JHS Svendgaard Laboratories Limited,,
JINDALPHOT,Jindal Photo Limited,,
JINDALPOLY,Jindal Poly Films Limited,,
JINDALSAW,Jindal Saw Limited,,
JINDALSTEL,Jindal Steel Limited,,
JINDRILL,Jindal Drilling & Industries Limited,,
JINDWORLD,Jindal Worldwide Limited,,
JIOFIN,Jio Financial Services Limited,,
JISLDVREQS,Jain Irrigation Systems Limited,,
JISLJALEQS,Jain Irrigation Systems Limited,,
JITFINFRA,JITF Infralogistics Limited,,
JIWANRAM,Jiwanram Sheoduttrai Industries Limited,,
JKCEMENT,J.K. Cement Limited,,
JKIL,J. Kumar Infraprojects Limited,,
JKIPL,Jinkushal Industries Limited,,
JKLAKSHMI,JK Lakshmi Cement Limited,,
JKPAPER,JK Paper Limited,,
JKTYRE,JK Tyre & Industries Limited,,
JLHL,Jupiter Life Line Hospitals Limited,,
JMA,Jullundur Motor Agency (Delhi) Limited,,
JMFINANCIL,JM Financial Limited,,
JNKINDIA,JNK India Limited,,
JOCIL,Jocil Limited,,
JPOLYINVST,Jindal Poly Investment and Finance Company Limited,,
JPPOWER,Jaiprakash Power Ventures Limited,,
JSFB,Jana Small Finance Bank Limited,,
JSL,Jindal Stainless Limited,,
JSLL,Jeena Sikho Lifecare Limited,,
JSWCEMENT,JSW Cement Limited,,
JSWDULUX,JSW Dulux Limited,,
JSWENERGY,JSW Energy Limited,,
JSWHL,JSW Holdings Limited,,
JSWINFRA,JSW Infrastructure Limited,,
JSWSTEEL,JSW Steel Limited,,
JTEKTINDIA,JTEKT India Limited,,
JTLIND,JTL Industries Limited,,
JUBLCPL,Jubilant Agri and Consumer Products Limited,,
JUBLFOOD,Jubilant FoodWorks Limited,,
JUBLINGREA,Jubilant Ingrevia Limited,,
JUBLPHARMA,Jubilant Pharmova Limited,,
JUNIPER,Juniper Hotels Limited,,
JUSTDIAL,Just Dial Limited,,
JWL,Jupiter Wagons Limited,,
JYOTHYLAB,Jyothy Labs Limited,,
JYOTICNC,Jyoti CNC Automation Limited,,
JYOTIGLOBL,Jyoti Global Plast Limited,,
JYOTISTRUC,Jyoti Structures Limited,,
J_KBANK,Jammu and Kashmir Bank Limited,,
K2INFRA,K2 Infragen Limited,,
KABRAEXTRU,Kabra Extrusiontechnik Limited,,
KAJARIACER,Kajaria Ceramics Limited,,
KAKATCEM,Kakatiya Cement Sugar and Industries Limited,,
KALAMANDIR,Sai Silks (Kalamandir) Limited,,
KALANA,Kalana Ispat Limited,,
KALPATARU,Kalpataru Limited,,
KALYANIFRG,Kalyani Forge Limited,,
KALYANKJIL,Kalyan Jewellers India Limited,,
KAMAHOLD,KAMA Holdings Limited,,
KAMATHOTEL,Kamat Hotels (India) Limited,,
KAMDHENU,Kamdhenu Limited,,
KAMOPAINTS,Kamdhenu Ventures Limited,,
KANANIIND,Kanani Industries Limited,,
KANCHI,Kanchi Karpooram Limited,,
KANDARP,Kandarp Digi Smart BPO Limited,,
KANORICHEM,Kanoria Chemicals & Industries Limited,,
KANPRPLA,Kanpur Plastipack Limited,,
KANSAINER,Kansai Nerolac Paints Limited,,
KAPSTON,Kapston Services Limited,,
KARMAENG,Karma Energy Limited,,
KARNIKA,Karnika Industries Limited,,
KARURVYSYA,The Karur Vysya Bank Limited,,
KATARIA,Kataria Industries Limited,,
KAUSHALYA,Kaushalya Infrastructure Development Corporation Limited,,
KAVDEFENCE,Kavveri Defence & Wireless Technologies Limited,,
KAYA,Kaya Limited,,
KAYNES,Kaynes Technology India Limited,,
KAYTEX,Kaytex Fabrics Limited,,
KCEIL,Kay Cee Energy & Infra Limited,,
KCK,Kck Industries Limited,,
KCP,The KCP Limited,,
KCPSUGIND,K.C.P. Sugar and Industries Corporation Limited,,
KDDL,KDDL Limited,,
KDL,Kore Digital Limited,,
KEC,KEC International Limited,,
KECL,Kirloskar Electric Company Limited,,
KEEPLEARN,DSJ Keep Learning Limited,,
KEI,KEI Industries Limited,,
KEL,Visdem Technosys Limited,,
KELLTONTEC,Kellton Tech Solutions Limited,,
KEN,Ken Enterprises Limited,,
KENNAMET,Kennametal India Limited,,
KERNEX,Kernex Microsystems (India) Limited,,
KESORAMIND,Kesoram Industries Limited,,
KEYFINSERV,Keynote Financial Services Limited,,
KFINTECH,KFin Technologies Limited,,
KHADIM,Khadim India Limited,,
KHAICHEM,Khaitan Chemicals and Fertilizers Limited,,
KHAITANLTD,Khaitan (India) Limited,,
KHANDSE,Khandwala Securities Limited,,
KHFM,KHFM Hospitality and Facility Management Services Limited,,
KICL,Kalyani Investment Company Limited,,
KILITCH,Kilitch Drugs (India) Limited,,
KIMS,Krishna Institute of Medical Sciences Limited,,
KINGFA,Kingfa Science & Technology (India) Limited,,
KIOCL,KIOCL Limited,,
KIRANVYPAR,Kiran Vyapar Limited,,
KIRIINDUS,Kiri Industries Limited,,
KIRLFER,Kirloskar Ferrous Industries Limited,,
KIRLOSBROS,Kirloskar Brothers Limited,,
KIRLOSENG,Kirloskar Oil Engines Limited,,
KIRLOSIND,Kirloskar Industries Limited,,
KIRLPNU,Kirloskar Pneumatic Company Limited,,
KISSHT,OnEMI Technology Solutions Limited,,
KITEX,Kitex Garments Limited,,
KKCL,Kewal Kiran Clothing Limited,,
KKJEWELS,Kabra Jewels Limited,,
KKVAPOW,KKV Agro Powers Limited,,
KLL,Kaushalya Logistics Limited,,
KMEW,Knowledge Marine & Engineering Works Limited,,
KMSUGAR,K.M. Sugar Mills Limited,,
KNACK,Knack Packaging Limited,,
KNAGRI,KN Agri Resources Limited,,
KNRCON,KNR Constructions Limited,,
KODYTECH,Kody Technolab Limited,,
KOHINOOR,Kohinoor Foods Limited,,
KOKUYOCMLN,Kokuyo Camlin Limited,,
KOLTEPATIL,Kolte-Patil Developers Limited,,
KONSTELEC,Konstelec Engineers Limited,,
KONTOR,Kontor Space Limited,,
KOPRAN,Kopran Limited,,
KORE,Jay Jalaram Technologies Limited,,
KOTAKBANK,Kotak Mahindra Bank Limited,,
KOTARISUG,Kothari Sugars and Chemicals Limited,,
KOTHARIPET,Kothari Petrochemicals Limited,,
KOTHARIPRO,Kothari Products Limited,,
KOTIC,Kothari Industrial Corporation Limited,,
KOTYARK,Kotyark Industries Limited,,
KOVAI,Kovai Medical Center and Hospital Limited,,
KPEL,K.P. Energy Limited,,
KPIGREEN,KPI Green Energy Limited,,
KPIL,Kalpataru Projects International Limited,,
KPITTECH,KPIT Technologies Limited,,
KPL,Kwality Pharmaceuticals Limited,,
KPRMILL,K.P.R. Mill Limited,,
KRBL,KRBL Limited,,
KREBSBIO,Krebs Biochemicals & Industries Limited,,
KRIDHANINF,Kridhan Infra Limited,,
KRISHANA,Krishana Phoschem Limited,,
KRISHCA,Krishca Strapping Solutions Limited,,
KRISHIVAL,Krishival Foods Limited,,
KRISHNADEF,Krishna Defence and Allied Industries Limited,,
KRISHPP,Krishival Foods Limited,,
KRITI,Kriti Industries (India) Limited,,
KRITIKA,Kritika Wires Limited,,
KRITINUT,Kriti Nutrients Limited,,
KRMAYURVED,KRM Ayurveda Limited,,
KRN,KRN Heat Exchanger and Refrigeration Limited,,
KRONOX,Kronox Lab Sciences Limited,,
KROSS,Kross Limited,,
KRSNAA,Krsnaa Diagnostics Limited,,
KRT,Knowledge Realty Trust,,
KRYSTAL,Krystal Integrated Services Limited,,
KSB,KSB Limited,,
KSCL,Kaveri Seed Company Limited,,
KSHINTL,KSH International Limited,,
KSHITIJPOL,Kshitij Polyline Limited,,
KSL,Kalyani Steels Limited,,
KSOLVES,Ksolves India Limited,,
KSR,KSR Footwear Limited,,
KTKBANK,The Karnataka Bank Limited,,
KTL,Kalahridhaan Trendz Limited,,
KUANTUM,Kuantum Papers Limited,,
KUSUMGAR,Kusumgar Limited,,
KWIL,Kwality Walls (India) Limited,,
LAGNAM,Lagnam Spintex Limited,,
LAHOTIOV,Lahoti Overseas Limited,,
LAKSHYA,Lakshya Powertech Limited,,
LAL,Lorenzini Apparels Limited,,
LALPATHLAB,Dr. Lal PathLabs Limited,,
LAMBODHARA,Lambodhara Textiles Limited,,
LAMOSAIC,Lamosaic India Limited,,
LANCORHOL,Lancor Holdings Limited,,
LANDMARK,Landmark Cars Limited,,
LANDSMILL,Landsmill Green Limited,,
LAOPALA,La Opala RG Limited,,
LASA,Lasa Supergenerics Limited,,
LASERPOWER,Laser Power & Infra Limited,,
LATENTVIEW,Latent View Analytics Limited,,
LATTEYS,Latteys Industries Limited,,
LAURUSLABS,Laurus Labs Limited,,
LAXMICOT,Laxmi Cotspin Limited,,
LAXMIDENTL,Laxmi Dental Limited,,
LAXMIINDIA,Laxmi India Finance Limited,,
LCCINFOTEC,LCC Infotech Limited,,
LCL,Lohia Corp Limited,,
LEMERITE,Le Merite Exports Limited,,
LEMONTREE,Lemon Tree Hotels Limited,,
LENSKART,Lenskart Solutions Limited,,
LEXUS,Lexus Granito (India) Limited,,
LFIC,Lakshmi Finance & Industrial Corporation Limited,,
LGBBROSLTD,L.G. Balakrishnan & Bros Limited,,
LGEINDIA,LG Electronics India Limited,,
LGHL,Laxmi Goldorna House Limited,,
LIBAS,Libas Consumer Products Limited,,
LIBERTSHOE,Liberty Shoes Ltd.,,
LICHSGFIN,LIC Housing Finance Limited,,
LICI,Life Insurance Corporation of India,,
LIKHITHA,Likhitha Infrastructure Limited,,
LINC,Linc Limited,,
LINCOLN,Lincoln Pharmaceuticals Limited,,
LINDEINDIA,Linde India Limited,,
LLOYDPP,Lloyds Enterprises Limited,,
LLOYDS,Lloyds Luxuries Limited,,
LLOYDSENGG,Lloyds Engineering Works Limited,,
LLOYDSENT,Lloyds Enterprises Limited,,
LLOYDSME,Lloyds Metals and Energy Limited,,
LMW,LMW Limited,,
LODHA,Lodha Developers Limited,,
LOKESHMACH,Lokesh Machines Limited,,
LORDSCHLO,Lords Chloro Alkali Limited,,
LOTUSDEV,Sri Lotus Developers and Realty Limited,,
LOTUSEYE,Lotus Eye Hospital and Institute Limited,,
LOVABLE,Lovable Lingerie Limited,,
LOYALTEX,Loyal Textile Mills Limited,,
LPDC,Landmark Property Development Company Limited,,
LRRPL,Lead Reclaim and Rubber Products Limited,,
LT,Larsen & Toubro Limited,,
LTF,L&T Finance Limited,,
LTFOODS,LT Foods Limited,,
LTM,LTM Limited,,
LTTS,L&T Technology Services Limited,,
LUMAXIND,Lumax Industries Limited,,
LUMAXTECH,Lumax Auto Technologies Limited,,
LUPIN,Lupin Limited,,
LUXIND,Lux Industries Limited,,
LXCHEM,Laxmi Organic Industries Limited,,
LYKALABS,Lyka Labs Limited,,
MAANALU,Maan Aluminium Limited,,
MACOBSTECH,Macobs Technologies Limited,,
MACPOWER,Macpower CNC Machines Limited,,
MADHAV,Madhav Marbles and Granites Limited,,
MADHAVBAUG,Vaidya Sane Ayurved Laboratories Limited,,
MADHAVIPL,Madhav Infra Projects Limited,,
MADHUCON,Madhucon Projects Limited,,
MADHUSUDAN,Madhusudan Masala Limited,,
MADRASFERT,Madras Fertilizers Limited,,
MAFATIND,Mafatlal Industries Limited,,
MAGADSUGAR,Magadh Sugar & Energy Limited,,
MAGNUM,Magnum Ventures Limited,,
MAGSON,Magson Retail and Distribution Limited,,
MAHABANK,Bank of Maharashtra,,
MAHAPEXLTD,Maha Rashtra Apex Corporation Limited,,
MAHASTEEL,Mahamaya Steel Industries Limited,,
MAHEPC,Mahindra EPC Irrigation Limited,,
MAHESHWARI,Maheshwari Logistics Limited,,
MAHICKRA,Mahickra Chemicals Limited,,
MAHLIFE,Mahindra Lifespace Developers Limited,,
MAHLOG,Mahindra Logistics Limited,,
MAHSCOOTER,Maharashtra Scooters Ltd.,,
MAHSEAMLES,Maharashtra Seamless Limited,,
MAITHANALL,Maithan Alloys Limited,,
MAITREYA,Maitreya Medicare Limited,,
MAJESAUT,Majestic Auto Limited,,
MAKS,Maks Energy Solutions India Limited,,
MAL,Mangalam Alloys Limited,,
MALLCOM,Mallcom (India) Limited,,
MALUPAPER,Malu Paper Mills Limited,,
MAMATA,Mamata Machinery Limited,,
MANAKALUCO,Manaksia Aluminium Company Limited,,
MANAKCOAT,Manaksia Coated Metals & Industries Limited,,
MANAKSIA,Manaksia Limited,,
MANAKSTEEL,Manaksia Steels Limited,,
MANALIPETC,Manali Petrochemicals Limited,,
MANAPPURAM,Manappuram Finance Limited,,
MANAV,Manav Infra Projects Limited,,
MANBA,Manba Finance Limited,,
MANCREDIT,Mangal Credit and Fincorp Limited,,
MANDEEP,Mandeep Auto Industries Limited,,
MANGALAM,Mangalam Drugs & Organics Limited,,
MANGLMCEM,Mangalam Cement Limited,,
MANILAM,Manilam Industries India Limited,,
MANINDS,Man Industries (India) Limited,,
MANINFRA,Man Infraconstruction Limited,,
MANKIND,Mankind Pharma Limited,,
MANOMAY,Manomay Tex India Limited,,
MANORAMA,Manorama Industries Limited,,
MANORG,Mangalam Organics Limited,,
MANUGRAPH,Manugraph India Limited,,
MANYAVAR,Vedant Fashions Limited,,
MAPMYINDIA,C. E. Info Systems Limited,,
MARALOVER,Maral Overseas Limited,,
MARATHON,Marathon Nextgen Realty Limited,,
MARC,Marc Technocrats Limited,,
MARCO,Marco Cables & Conductors Limited,,
MARICO,Marico Limited,,
MARINE,Marine Electricals (India) Limited,,
MARINETRAN,Marinetrans India Limited,,
MARKOLINES,Markolines Pavement Technologies Limited,,
MARKSANS,Marksans Pharma Limited,,
MARSHALL,Marshall Machines Limited,,
MARSONS,Marsons Limited,,
MARUSHIKA,Marushika Technology Limited,,
MARUTI,Maruti Suzuki India Limited,,
MASFIN,MAS Financial Services Limited,,
MASKINVEST,Mask Investments Limited,,
MASON,Mason Infratech Limited,,
MASTEK,Mastek Limited,,
MASTER,Master Components Limited,,
MASTERTR,Master Trust Limited,,
MATRIMONY,Matrimony.com Limited,,
MAWANASUG,Mawana Sugars Limited,,
MAXESTATES,Max Estates Limited,,
MAXHEALTH,Max Healthcare Institute Limited,,
MAXIND,Max India Limited,,
MAXPOSURE,Maxposure Limited,,
MAXVOLT,Maxvolt Energy Industries Limited,,
MAYASHEEL,Mayasheel Ventures Limited,,
MAYURUNIQ,Mayur Uniquoters Limited,,
MAZDA,Mazda Limited,,
MAZDOCK,Mazagon Dock Shipbuilders Limited,,
MBAPL,Madhya Bharat Agro Products Limited,,
MBECL,McNally Bharat Engineering Company Limited,,
MBEL,M & B Engineering Limited,,
MBLINFRA,MBL Infrastructures Limited,,
MCL,M Tek Copper Limited,,
MCLEODRUSS,McLeod Russel India Limited,,
MCLOUD,Magellanic Cloud Limited,,
MCON,MCON Rasayan India Limited,,
MCX,Multi Commodity Exchange of India Limited,,
MDL,Marvel Decor Limited,,
MEDANTA,Global Health Limited,,
MEDIASSIST,Medi Assist Healthcare Services Limited,,
MEDICAMEQ,Medicamen Biotech Limited,,
MEDICO,Medico Remedies Limited,,
MEDIORG,Medicamen Organics Limited,,
MEDISTEP,Medistep Healthcare Limited,,
MEDPLUS,MedPlus Health Services Limited,,
MEESHO,Meesho Limited,,
MEGAFLEX,Mega Flex Plastics Limited,,
MEGASTAR,Megastar Foods Limited,,
MEGATHERM,Megatherm Induction Limited,,
MEIL,Mangal Electrical Industries Limited,,
MENNPIS,Menon Pistons Limited,,
MENONBE,Menon Bearings Limited,,
MEP,MEP Infrastructure Developers Limited,,
MERCANTILE,Mercantile Ventures Limited,,
MERCURYEV,Mercury Ev-Tech Limited,,
METALIC,Metalic Technoforge Limited,,
METROBRAND,Metro Brands Limited,,
METROGLOBL,MetroGlobal Limited,,
METROPOLIS,Metropolis Healthcare Limited,,
MFML,Mahalaxmi Fabric Mills Limited,,
MFSL,Max Financial Services Limited,,
MGEL,Mangalam Global Enterprise Limited,,
MGL,Mahanagar Gas Limited,,
MGSL,Matrix Geo Solutions Limited,,
MHHL,Mohini Health & Hygiene Limited,,
MHLXMIRU,Mahalaxmi Rubtech Limited,,
MHRIL,Mahindra Holidays & Resorts India Limited,,
MICEL,MIC Electronics Limited,,
MICROPRO,Micropro Software Solutions Limited,,
MIDHANI,Mishra Dhatu Nigam Limited,,
MIDWESTLTD,Midwest Limited,,
MIEL,Manglam Infra & Engineering Limited,,
MILTON,Milton Industries Limited,,
MINDACORP,Minda Corporation Limited,,
MINDPOOL,Mindpool Technologies Limited,,
MINDSPACE,Mindspace Business Parks REIT,,
MINDTECK,Mindteck (India) Limited,,
MIRZAINT,Mirza International Limited,,
MITCON,MITCON Consultancy & Engineering Services Limited,,
MITTAL,Mittal Life Style Limited,,
MKPL,M. K. Proteins Limited,,
MMEL,Moving Media Entertainment Limited,,
MMFL,M M Forgings Limited,,
MMP,MMP Industries Limited,,
MMTC,MMTC Limited,,
MMWL,Media Matrix Worldwide Limited,,
MOBIKWIK,One MobiKwik Systems Limited,,
MOBILISE,Mobilise App Lab Limited,,
MODINATUR,Modi Naturals Limited,,
MODIRUBBER,Modi Rubber Limited,,
MODIS,Modi's Navnirman Limited,,
MODISONLTD,Modison Limited,,
MODTHREAD,Modern Threads (India) Limited,,
MOHITIND,Mohit Industries Limited,,
MOIL,MOIL Limited,,
MOKSH,Moksh Ornaments Limited,,
MOL,Meghmani Organics Limited,,
MOLDTECH,Mold-Tek Technologies Limited,,
MOLDTKPAC,Mold-Tek Packaging Limited,,
MONARCH,Monarch Networth Capital Limited,,
MONEYBOXX,Moneyboxx Finance Limited,,
MONOLITH,Monolithisch India Limited,,
MONOPHARMA,Mono Pharmacare Limited,,
MONTECARLO,Monte Carlo Fashions Limited,,
MORARJEE,Morarjee Textiles Limited,,
MOREPENLAB,Morepen Laboratories Limited,,
MOS,MOS Utility Limited,,
MOSCHIP,MosChip Technologies Limited,,
MOTHERSON,Samvardhana Motherson International Limited,,
MOTILALOFS,Motilal Oswal Financial Services Limited,,
MOTISONS,Motisons Jewellers Limited,,
MOTOGENFIN,The Motor & General Finance Limited,,
MOXSH,Moxsh Overseas Educon Limited,,
MPEL,Manas Polymers and Energies Limited,,
MPHASIS,Mphasis Limited,,
MPSLTD,MPS Limited,,
MPTODAY,Madhya Pradesh Today Media Limited,,
MRF,MRF Limited,,
MRIL,Mahendra Realtors & Infrastructure Limited,,
MRPL,Mangalore Refinery and Petrochemicals Limited,,
MSPL,MSP Steel & Power Limited,,
MSTCLTD,MSTC Limited,,
MSUMI,Motherson Sumi Wiring India Limited,,
MTARTECH,MTAR Technologies Limited,,
MTEDUCARE,MT Educare Limited,,
MTNL,Mahanagar Telephone Nigam Limited,,
MUFIN,Mufin Green Finance Limited,,
MUFTI,Credo Brands Marketing Limited,,
MUKANDLTD,Mukand Limited,,
MUKKA,Mukka Proteins Limited,,
MUKTAARTS,Mukta Arts Limited,,
MUNISH,Munish Forge Limited,,
MUNJALAU,Munjal Auto Industries Limited,,
MUNJALSHOW,Munjal Showa Limited,,
MURUDCERA,Murudeshwar Ceramics Ltd.,,
MUTHOOTCAP,Muthoot Capital Services Limited,,
MUTHOOTFIN,Muthoot Finance Limited,,
MUTHOOTMF,Muthoot Microfin Limited,,
MVGJL,Manoj Vaibhav Gems 'N' Jewellers Limited,,
MVKAGRO,M.V.K. Agro Food Product Limited,,
MWL,Mangalam Worldwide Limited,,
MYMUDRA,My Mudra Fincorp Limited,,
M_M,Mahindra & Mahindra Limited,,
M_MFIN,Mahindra & Mahindra Financial Services Limited,,
NACLIND,NACL Industries Limited,,
NAGAFERT,Nagarjuna Fertilizers and Chemicals Limited,,
NAGREEKCAP,Nagreeka Capital & Infrastructure Ltd.,,
NAGREEKEXP,Nagreeka Exports Limited,,
NAHARCAP,Nahar Capital and Financial Services Limited,,
NAHARINDUS,Nahar Industrial Enterprises Limited,,
NAHARPOLY,Nahar Poly Films Limited,,
NAHARSPING,Nahar Spinning Mills Limited,,
NAM.INDIA,Nippon Life India Asset Management Limited,,
NAMAN,Naman In-Store (India) Limited,,
NAMOEWASTE,Namo eWaste Management Limited,,
NARMADA,Narmada Agrobase Limited,,
NATCAPSUQ,Natural Capsules Limited,,
NATCOPHARM,NATCO Pharma Limited,,
NATHBIOGEN,Nath Bio-Genes (India) Limited,,
NATIONALUM,National Aluminium Company Limited,,
NATIONSTD,National Standard (India) Limited,,
NAUKRI,Info Edge (India) Limited,,
NAVA,Nava Limited,,
NAVINFLUOR,Navin Fluorine International Limited,,
NAVKARCORP,Navkar Corporation Limited,,
NAVKARURB,Navkar Urbanstructure Limited,,
NAVNETEDUL,Navneet Education Limited,,
NAZARA,Nazara Technologies Limited,,
NBCC,NBCC (India) Limited,,
NBIFIN,N.B.I. Industrial Finance Company Limited,,
NCC,NCC Limited,,
NCLIND,NCL Industries Limited,,
NDGL,Naga Dhunseri Group Limited,,
NDL,Nandan Denim Limited,,
NDLVENTURE,NDL Ventures Limited,,
NDRAUTO,NDR Auto Components Limited,,
NDTV,New Delhi Television Limited,,
NEAGI,Neelamalai Agro Industries Limited,,
NECCLTD,North Eastern Carrying Corporation Limited,,
NECLIFE,Nectar Lifesciences Limited,,
NEELAM,Neelam Linens and Garments (India) Limited,,
NELCAST,Nelcast Limited,,
NELCO,Nelco Limited,,
NEOCHEM,Neochem Bio Solutions Limited,,
NEOGEN,Neogen Chemicals Limited,,
NEPHROCARE,Nephro Care India Limited,,
NEPHROPLUS,Nephrocare Health Services Limited,,
NEPTUNE,Neptune Petrochemicals Limited,,
NESCO,Nesco Limited,,
NESTLEIND,Nestlé India Limited,,
NETWEB,Netweb Technologies India Limited,,
NETWORK18,Network18 Media & Investments Limited,,
NEUEON,Neueon Corporation Limited,,
NEULANDLAB,Neuland Laboratories Limited,,
NEWGEN,Newgen Software Technologies Limited,,
NEWJAISA,Newjaisa Technologies Limited,,
NEXTMEDIA,Next Mediaworks Limited,,
NFL,National Fertilizers Limited,,
NFPSAMPOOR,NFP Sampoorna Foods Limited,,
NGIL,Nakoda Group of Industries Limited,,
NGILPP1,Nakoda Group of Industries Limited,,
NGLFINE,NGL Fine-Chem Limited,,
NH,Narayana Hrudayalaya Limited,,
NHPC,NHPC Limited,,
NIACL,The New India Assurance Company Limited,,
NIBE,Nibe Limited,,
NIBL,NRB Industrial Bearings Limited,,
NIDAN,Nidan Laboratories and Healthcare Limited,,
NIITLTD,NIIT Limited,,
NIITMTS,NIIT Learning Systems Limited,,
NIKITA,Nikita Papers Limited,,
NILAINFRA,Nila Infrastructures Limited,,
NILASPACES,Nila Spaces Limited,,
NILE,Nile Limited,,
NILKAMAL,Nilkamal Limited,,
NIMBSPROJ,Nimbus Projects Limited,,
NINSYS,NINtec Systems Limited,,
NIPPOBATRY,Indo National Limited,,
NIRAJ,Niraj Cement Structurals Limited,,
NIRLON,Nirlon Limited,,
NIRMAN,Nirman Agri Genetics Limited,,
NITCO,NITCO Limited,,
NITINSPIN,Nitin Spinners Limited,,
NITIRAJ,Nitiraj Engineers Limited,,
NITTAGELA,Nitta Gelatin India Limited,,
NIVABUPA,Niva Bupa Health Insurance Company Limited,,
NKIND,N.K Industries Limited,,
NLCINDIA,NLC India Limited,,
NMDC,NMDC Limited,,
NMSTEEL,NewMalayalam Steel Limited,,
NOCIL,NOCIL Limited,,
NOIDATOLL,Noida Toll Bridge Company Limited,,
NORBTEAEXP,Norben Tea & Exports Limited,,
NORTHARC,Northern Arc Capital Limited,,
NOVAAGRI,Nova Agritech Limited,,
NOVARTIND,Novartis India Limited,,
NPST,Network People Services Technologies Limited,,
NRAIL,N R Agarwal Industries Limited,,
NRBBEARING,NRB Bearings Limited,,
NRL,Nupur Recyclers Limited,,
NRVANDANA,N R Vandana Tex Industries Limited,,
NSIL,Nalwa Sons Investments Limited,,
NSLNISP,NMDC Steel Limited,,
NTPC,NTPC Limited,,
NTPCGREEN,NTPC Green Energy Limited,,
NUCLEUS,Nucleus Software Exports Limited,,
NURECA,Nureca Limited,,
NUVAMA,Nuvama Wealth Management Limited,,
NUVOCO,Nuvoco Vistas Corporation Limited,,
NXST,Nexus Select Trust,,
NYKAA,FSN E-Commerce Ventures Limited,,
OAL,Oriental Aromatics Limited,,
OBCL,OBCL Limited,,
OBEROIRLTY,Oberoi Realty Limited,,
OBSCP,OBSC Perfection Limited,,
OCCLLTD,OCCL Limited,,
ODIGMA,Odigma Consultancy Solutions Limited,,
OFSS,Oracle Financial Services Software Limited,,
OIL,Oil India Limited,,
OILCOUNTUB,Oil Country Tubular Limited,,
OLAELEC,Ola Electric Mobility Limited,,
OLECTRA,Olectra Greentech Limited,,
OLIL,Oneclick Logistics India Limited,,
OMAXAUTO,Omax Autos Limited,,
OMAXE,Omaxe Limited,,
OMFREIGHT,Om Freight Forwarders Limited,,
OMFURN,Omfurn India Limited,,
OMINFRAL,Om Infra Limited,,
OMKARCHEM,Omkar Speciality Chemicals Limited,,
OMNI,Omnitech Engineering Limited,,
OMPOWER,Om Power Transmission Limited,,
ONDOOR,On Door Concepts Limited,,
ONELIFECAP,Onelife Capital Advisors Limited,,
ONEPOINT,One Point One Solutions Limited,,
ONESOURCE,OneSource Specialty Pharma Limited,,
ONGC,Oil and Natural Gas Corporation Limited,,
ONIDA,Onida Electronics Limited,,
ONMOBILE,OnMobile Global Limited,,
ONWARDTEC,Onward Technologies Limited,,
ONYX,Onyx Biotec Limited,,
OPTIEMUS,Optiemus Infracom Limited,,
OPTIVALUE,Optivalue Tek Consulting Limited,,
ORBTEXP,Orbit Exports Limited,,
ORCHASP,Orchasp Limited,,
ORCHPHARMA,Orchid Pharma Limited,,
ORIANA,Oriana Power Limited,,
ORICONENT,Oricon Enterprises Limited,,
ORIENTALTL,Oriental Trimex Limited,,
ORIENTBELL,Orient Bell Limited,,
ORIENTCEM,Orient Cement Limited,,
ORIENTCER,Orient Ceratech Limited,,
ORIENTELEC,Orient Electric Limited,,
ORIENTHOT,Oriental Hotels Limited,,
ORIENTLTD,Orient Press Limited,,
ORIENTPPR,Orient Paper & Industries Limited,,
ORIENTTECH,Orient Technologies Limited,,
ORISSAMINE,The Orissa Minerals Development Company Limited,,
ORKLAINDIA,Orkla India Limited,,
ORTINGLOBE,Ortin Global Limited,,
OSELDEVICE,Osel Devices Limited,,
OSIAHYPER,Osia Hyper Retail Limited,,
OSWALAGRO,Oswal Agro Mills Limited,,
OSWALGREEN,Oswal Greentech Limited,,
OSWALPUMPS,Oswal Pumps Limited,,
OSWALSEEDS,ShreeOswal Seeds and Chemicals Limited,,
OWAIS,Owais Metal and Mineral Processing Limited,,
PACEDIGITK,Pace Digitek Limited,,
PAGEIND,Page Industries Limited,,
PAISALO,Paisalo Digital Limited,,
PAKKA,Pakka Limited,,
PALASHSECU,Palash Securities Limited,,
PALREDTEC,Palred Technologies Limited,,
PANACEABIO,Panacea Biotec Limited,,
PANACHE,Panache Digilife Limited,,
PANAMAPET,Panama Petrochem Limited,,
PANSARI,Pansari Developers Limited,,
PAR,Par Drugs and Chemicals Limited,,
PARACABLES,Paramount Communications Limited,,
PARADEEP,Paradeep Phosphates Limited,,
PARAGMILK,Parag Milk Foods Limited,,
PARAGON,Paragon Fine And Speciality Chemical Limited,,
PARAMATRIX,Paramatrix Technologies Limited,,
PARAMOUNT,Paramount Dye Tec Limited,,
PARAMPARA,Parampara Dairy Delights Limited,,
PARAS,Paras Defence and Space Technologies Limited,,
PARASPETRO,Paras Petrofils Limited,,
PARIN,Parin Enterprises Limited,,
PARKHOSPS,Park Medi World Limited,,
PARKHOTELS,Apeejay Surrendra Park Hotels Limited,,
PARSVNATH,Parsvnath Developers Limited,,
PARTH,Parth Electricals & Engineering Limited,,
PARTYCRUS,Party Cruisers Limited,,
PASHUPATI,Pashupati Cotspin Limited,,
PASUPTAC,Pasupati Acrylon Limited,,
PATANJALI,Patanjali Foods Limited,,
PATELENG,Patel Engineering Limited,,
PATELRMART,Patel Retail Limited,,
PATILAUTOM,Patil Automation Limited,,
PATINTLOG,Patel Integrated Logistics Limited,,
PATTECH,Pattech Fitwell Tube Components Limited,,
PAUSHAKLTD,Paushak Limited,,
PAVNAIND,Pavna Industries Limited,,
PAYTM,One97 Communications Limited,,
PCBL,PCBL Chemical Limited,,
PCCL,Petro Carbon and Chemicals Limited,,
PCJEWELLER,PC Jeweller Limited,,
PDMJEPAPER,Pudumjee Paper Products Limited,,
PDSL,PDS Limited,,
PDUMJEIND,3P Land Holdings Limited,,
PEARLPOLY,Pearl Polymers Limited,,
PELATRO,Pelatro Limited,,
PENIND,Pennar Industries Limited,,
PENINLAND,Peninsula Land Limited,,
PENTAGON,Pentagon Rubber Limited,,
PERSISTENT,Persistent Systems Limited,,
PETRONET,Petronet LNG Limited,,
PFC,Power Finance Corporation Limited,,
PFIZER,Pfizer Limited,,
PFOCUS,Prime Focus Limited,,
PFS,PTC India Financial Services Limited,,
PGEL,PG Electroplast Limited,,
PGHH,Procter & Gamble Hygiene and Health Care Limited,,
PGHL,Procter & Gamble Health Limited,,
PGIL,Pearl Global Industries Limited,,
PGINVIT,Powergrid Infrastructure Investment Trust,,
PHANTOMFX,Phantom Digital Effects Limited,,
PHOENIXLTD,The Phoenix Mills Limited,,
PHOGLOBAL,Phoenix Overseas Limited,,
PICCADIL,Piccadily Agro Industries Limited,,
PIDILITIND,Pidilite Industries Limited,,
PIGL,Power & Instrumental (Gujarat) Limited,,
PIIND,PI Industries Limited,,
PILANIINVS,Pilani Investment and Industries Corporation Limited,,
PILITA,Pil Italica Lifestyle Limited,,
PINELABS,Pine Labs Limited,,
PIONEEREMB,Pioneer Embroideries Limited,,
PIONRINV,Pioneer Investcorp Limited,,
PIRAMALFIN,Piramal Finance Limited,,
PITTIENG,Pitti Engineering Limited,,
PIXTRANS,PIX Transmissions Limited,,
PKTEA,The Peria Karamalai Tea and Produce Company Limited,,
PLADAINFO,Plada Infotech Services Limited,,
PLASTIBLEN,Plastiblends India Limited,,
PLATIND,Platinum Industries Limited,,
PLAZACABLE,Plaza Wires Limited,,
PML,Paul Merchants Limited,,
PNB,Punjab National Bank,,
PNBGILTS,PNB Gilts Ltd.,,
PNBHOUSING,PNB Housing Finance Limited,,
PNC,Pritish Nandy Communications Ltd,,
PNCINFRA,PNC Infratech Limited,,
PNGJL,P N Gadgil Jewellers Limited,,
PNGSREVA,PNGS Reva Diamond Jewellery Limited,,
POCL,Pondy Oxides And Chemicals Limited,,
PODDARHOUS,Poddar Housing and Development Limited,,
PODDARMENT,Poddar Pigments Limited,,
POKARNA,Pokarna Limited,,
POLICYBZR,PB Fintech Limited,,
POLYCAB,Polycab India Limited,,
POLYMED,Poly Medicure Limited,,
POLYPLEX,Polyplex Corporation Limited,,
POLYSIL,Polysil Irrigation Systems Limited,,
PONNIERODE,Ponni Sugars (Erode) Limited,,
POONAWALLA,Poonawalla Fincorp Limited,,
POSITRON,Positron Energy Limited,,
POWERGRID,Power Grid Corporation of India Limited,,
POWERICA,Powerica Limited,,
POWERINDIA,Hitachi Energy India Limited,,
POWERMECH,Power Mech Projects Limited,,
PPAP,PPAP Automotive Limited,,
PPL,Prakash Pipes Limited,,
PPLPHARMA,Piramal Pharma Limited,,
PPSL,Picturepost Studios Limited,,
PRABHA,Prabha Energy Limited,,
PRABHAPP1,Prabha Energy Limited,,
PRADPME,Pradeep Metals Limited,,
PRAENG,Prajay Engineers Syndicate Limited,,
PRAJIND,Praj Industries Limited,,
PRAKASH,Prakash Industries Limited,,
PRAKASHSTL,Prakash Steelage Limited,,
PRAMARA,Pramara Promotions Limited,,
PRANIK,Pranik Logistics Limited,,
PRATHAM,Pratham EPC Projects Limited,,
PRAVEG,Praveg Limited,,
PRAXIS,Praxis Home Retail Limited,,
PRECAM,Precision Camshafts Limited,,
PRECISION,Precision Metaliks Limited,,
PRECOT,Precot Limited,,
PRECWIRE,Precision Wires India Limited,,
PREMCO,Premco Global Limited,,
PREMEXPLN,Premier Explosives Limited,,
PREMIER,Premier Limited,,
PREMIERENE,Premier Energies Limited,,
PREMIERPOL,Premier Polyfilm Ltd.,,
PREMIUM,Premium Plast Limited,,
PRESSTONIC,Presstonic Engineering Limited,,
PRESTIGE,Prestige Estates Projects Limited,,
PRICOLLTD,Pricol Limited,,
PRIMECAB,Prime Cable Industries Limited,,
PRIMESECU,Prime Securities Limited,,
PRIMO,Primo Chemicals Limited,,
PRINCEPIPE,Prince Pipes and Fittings Limited,,
PRITI,Priti International Limited,,
PRITIKA,Pritika Engineering Components Limited,,
PRITIKAUTO,Pritika Auto Industries Limited,,
PRIVISCL,Privi Speciality Chemicals Limited,,
PRIZOR,Prizor Viztech Limited,,
PRLIND,Premier Roadlines Limited,,
PROFX,PRO FX Tech Limited,,
PROLIFE,Prolife Industries Limited,,
PROPEQUITY,P.E. Analytics Limited,,
PROPSHOP,Propshop Events And Exhibitions Limited,,
PROSTARM,Prostarm Info Systems Limited,,
PROTEAN,Protean eGov Technologies Limited,,
PROV,Proventus Agrocom Limited,,
PROZONER,Prozone Realty Limited,,
PRSMJOHNSN,Prism Johnson Limited,,
PRUDENT,Prudent Corporate Advisory Services Limited,,
PRUDMOULI,Prudential Sugar Corporation Ltd.,,
PSB,Punjab & Sind Bank,,
PSFL,Paramount Speciality Forgings Limited,,
PSPPROJECT,PSP Projects Limited,,
PSRAJ,P S Raj Steels Limited,,
PTC,PTC India Limited,,
PTCIL,PTC Industries Limited,,
PTL,PTL Enterprises Limited,,
PULZ,Pulz Electronics Limited,,
PUNJABCHEM,Punjab Chemicals and Crop Protection Limited,,
PURPLEUTED,Purple United Sales Limited,,
PURVA,Puravankara Limited,,
PURVFLEXI,Purv Flexipack Limited,,
PUSHPA,Pushpa Jewellers Limited,,
PVP,PVP Ventures Limited,,
PVRINOX,PVR INOX Limited,,
PVSL,Popular Vehicles and Services Limited,,
PWL,Physicswallah Limited,,
PYRAMID,Pyramid Technoplast Limited,,
QFIL,Quality Foils (India) Limited,,
QLINE,Q-Line Biotech Limited,,
QMSMEDI,QMS Medical Allied Services Limited,,
QPOWER,Quality Power Electrical Equipments Limited,,
QUADFUTURE,Quadrant Future Tek Limited,,
QUADPRO,Quadpro ITeS Limited,,
QUESS,Quess Corp Limited,,
QUESTLAB,Quest Laboratories Limited,,
QUICKHEAL,Quick Heal Technologies Limited,,
QUICKTOUCH,Quicktouch Technologies Limited,,
QUINT,Quint Digital Limited,,
QVCEL,QVC Exports Limited,,
RACE,Race Eco Chain Limited,,
RACLGEAR,RACL Geartech Limited,,
RADAAN,Radaan Mediaworks India Limited,,
RADHIKAJWE,Radhika Jeweltech Limited,,
RADIANTCMS,Radiant Cash Management Services Limited,,
RADICO,Radico Khaitan Limited,,
RADIOCITY,Music Broadcast Limited,,
RADIOWALLA,Radiowalla Network Limited,,
RAILTEL,RailTel Corporation of India Limited,,
RAIN,Rain Industries Limited,,
RAINBOW,Rainbow Children's Medicare Limited,,
RAJESHEXPO,Rajesh Exports Limited,,
RAJINDLTD,Rajputana Industries Limited,,
RAJMET,Rajnandini Metal Limited,,
RAJOOENG,Rajoo Engineers Limited,,
RAJPALAYAM,Rajapalayam Mills Limited,,
RAJPUTANA,Rajputana Biodiesel Limited,,
RAJRATAN,Rajratan Global Wire Limited,,
RAJRILTD,Raj Rayon Industries Limited,,
RAJSREESUG,Rajshree Sugars & Chemicals Limited,,
RAJTV,Raj Television Network Limited,,
RALLIS,Rallis India Limited,,
RAMANEWS,Shree Rama Newsprint Limited,,
RAMAPHO,Rama Phosphates Limited,,
RAMASTEEL,Rama Steel Tubes Limited,,
RAMBHAJO,Advit Jewels Limited,,
RAMCOCEM,The Ramco Cements Limited,,
RAMCOIND,Ramco Industries Limited,,
RAMCOSYS,Ramco Systems Limited,,
RAMKY,Ramky Infrastructure Limited,,
RAMRAT,Ram Ratna Wires Limited,,
RANASUG,Rana Sugars Limited,,
RANEHOLDIN,Rane Holdings Limited,,
RAPIDFLEET,Rapid Fleet Management Services Limited,,
RAPPID,Rappid Valves (India) Limited,,
RATEGAIN,RateGain Travel Technologies Limited,,
RATNAMANI,Ratnamani Metals & Tubes Limited,,
RATNAVEER,Ratnaveer Precision Engineering Limited,,
RAYMOND,Raymond Limited,,
RAYMONDLSL,Raymond Lifestyle Limited,,
RAYMONDREL,Raymond Realty Limited,,
RBA,Restaurant Brands Asia Limited,,
RBLBANK,RBL Bank Limited,,
RBMINFRA,RBM Infracon Limited,,
RBS,Ramdevbaba Solvent Limited,,
RBZJEWEL,RBZ Jewellers Limited,,
RCDL,Rajgor Castor Derivatives Limited,,
RCF,Rashtriya Chemicals and Fertilizers Limited,,
RCOM,Reliance Communications Limited,,
READYMIX,Readymix Construction Machinery Limited,,
RECLTD,REC Limited,,
REDINGTON,Redington Limited,,
REDTAPE,REDTAPE Limited,,
REFEX,Refex Industries Limited,,
REFRACTORY,Refractory Shapes Limited,,
REGAAL,Regaal Resources Limited,,
REGENCERAM,Regency Ceramics Limited,,
RELAXO,Relaxo Footwears Limited,,
RELCHEMQ,Reliance Chemotex Industries Limited,,
RELIABLE,Reliable Data Services Limited,,
RELIANCE,Reliance Industries Limited,,
RELIGARE,Religare Enterprises Limited,,
RELINFRA,Reliance Infrastructure Limited,,
RELTD,Ravindra Energy Limited,,
REMSONSIND,Remsons Industries Limited,,
REMUS,Remus Pharmaceuticals Limited,,
RENUKA,Shree Renuka Sugars Limited,,
REPCOHOME,Repco Home Finance Limited,,
REPL,Rudrabhishek Enterprises Limited,,
REPRO,Repro India Limited,,
RESPONIND,Responsive Industries Limited,,
RETAIL,JHS Svendgaard Retail Ventures Limited,,
REXPIPES,Rex Pipes and Cables Industries Limited,,
REXPRO,Rexpro Enterprises Limited,,
RFBL,RFBL Flexi Pack Limited,,
RGL,Renaissance Global Limited,,
RHETAN,Rhetan TMT Limited,,
RHFL,Reliance Home Finance Limited,,
RHIM,RHI Magnesita India Limited,,
RHL,Robust Hotels Limited,,
RICHA,Richa Info Systems Limited,,
RICOAUTO,Rico Auto Industries Limited,,
RIIL,Reliance Industrial Infrastructure Limited,,
RIIT,Raajmarg Infra Investment Trust,,
RILINFRA,Rachana Infrastructure Limited,,
RIR,Rir Power Electronics Limited,,
RISHABH,Rishabh Instruments Limited,,
RITCO,Ritco Logistics Limited,,
RITES,RITES Limited,,
RITEZONE,Rite Zone Chemcon India Limited,,
RKDL,Ravi Kumar Distilleries Limited,,
RKEC,RKEC Projects Limited,,
RKFORGE,Ramkrishna Forgings Limited,,
RKSWAMY,R K Swamy Limited,,
RMC,RMC Switchgears Limited,,
RMDRIP,R M Drip and Sprinklers Systems Limited,,
RML,Rane (Madras) Limited,,
RNBDENIMS,R & B Denims Limited,,
RNFI,RNFI Services Limited,,
RNPL,Renol Polychem Limited,,
ROCKINGDCE,Rockingdeals Circular Economy Limited,,
ROCKPP,Rockingdeals Circular Economy Limited,,
ROHLTD,Royal Orchid Hotels Limited,,
ROLEXRINGS,Rolex Rings Limited,,
ROLLT,Rollatainers Limited,,
ROML,Raj Oil Mills Limited,,
ROSSARI,Rossari Biotech Limited,,
ROSSELLIND,Rossell India Limited,,
ROSSTECH,Rossell Techsys Limited,,
ROTO,Roto Pumps Limited,,
ROUTE,Route Mobile Limited,,
ROXHITECH,ROX Hi-Tech Limited,,
ROYALARC,Royal Arc Electrodes Limited,,
RPEL,Raghav Productivity Enhancers Limited,,
RPGLIFE,RPG Life Sciences Limited,,
RPOWER,Reliance Power Limited,,
RPPINFRA,R.P.P. Infra Projects Limited,,
RPPL,Rajshree Polypack Limited,,
RPSGVENT,RPSG Ventures Limited,,
RPTECH,Rashi Peripherals Limited,,
RRIL,RRIL Limited,,
RRKABEL,R R Kabel Limited,,
RSDFIN,RSD Finance Limited,,
RSL,Rajputana Stainless Limited,,
RSSOFTWARE,R S Software (India) Limited,,
RSWM,RSWM Limited,,
RSYSTEMS,R Systems International Limited,,
RTL,Rama Telecom Limited,,
RTNINDIA,RattanIndia Enterprises Limited,,
RTNPOWER,RattanIndia Power Limited,,
RUBFILA,Rubfila International Limited,,
RUBICON,Rubicon Research Limited,,
RUBYMILLS,The Ruby Mills Limited,,
RUCHINFRA,Ruchi Infrastructure Limited,,
RUCHIRA,Ruchira Papers Limited,,
RUDRA,Rudra Global Infra Products Limited,,
RULKA,Rulka Electricals Limited,,
RUPA,Rupa & Company Limited,,
RUSHIL,Rushil Décor Limited,,
RUSTOMJEE,Keystone Realtors Limited,,
RVHL,Ravinder Heights Limited,,
RVNL,Rail Vikas Nigam Limited,,
RVTH,Revathi Equipment India Limited,,
SAAKSHI,Saakshi Medtech and Panels Limited,,
SAATVIKGL,Saatvik Green Energy Limited,,
SABAR,Sabar Flex India Limited,,
SACHEEROME,Sacheerome Limited,,
SADBHAV,Sadbhav Engineering Limited,,
SADBHIN,Sadbhav Infrastructure Project Limited,,
SADHAV,Sadhav Shipping Limited,,
SADHNANIQ,Sadhana Nitro Chem Limited,,
SAFARI,Safari Industries (India) Limited,,
SAFEENTP,Safe Enterprises Retail Fixtures Limited,,
SAGARDEEP,Sagardeep Alloys Limited,,
SAGCEM,Sagar Cements Limited,,
SAGILITY,Sagility Limited,,
SAHAJSOLAR,Sahaj Solar Limited,,
SAHANA,Sahana System Limited,,
SAHASRA,Sahasra Electronic Solutions Limited,,
SAHLIBHFI,Shalibhadra Finance Limited,,
SAHYADRI,Sahyadri Industries Limited,,
SAIFL,Sameera Agro And Infra Limited,,
SAIL,Steel Authority of India Limited,,
SAILIFE,Sai Life Sciences Limited,,
SAIPARENT,Sai Parenteral's Limited,,
SAJHOTELS,Saj Hotels Limited,,
SAKAR,Sakar Healthcare Limited,,
SAKHTISUG,Sakthi Sugars Limited,,
SAKSOFT,Saksoft Limited,,
SAKUMA,Sakuma Exports Limited,,
SALASAR,Salasar Techno Engineering Limited,,
SALONA,Salona Cotspin Limited,,
SALSTEEL,S.A.L. Steel Limited,,
SALZERELEC,Salzer Electronics Limited,,
SAMAY,Samay Project Services Limited,,
SAMBHAAV,Sambhaav Media Limited,,
SAMBHV,Sambhv Steel Tubes Limited,,
SAMHI,SAMHI Hotels Limited,,
SAMMAANCAP,Sammaan Capital Limited,,
SAMPANN,Sampann Utpadan India Limited,,
SANATHAN,Sanathan Textiles Limited,,
SANDESH,The Sandesh Limited,,
SANDHAR,Sandhar Technologies Limited,,
SANDUMA,The Sandur Manganese & Iron Ores Limited,,
SANGAMIND,Sangam (India) Limited,,
SANGANI,Sangani Hospitals Limited,,
SANGHIIND,Sanghi Industries Limited,,
SANGHVIMOV,Sanghvi Movers Limited,,
SANGINITA,Sanginita Chemicals Limited,,
SANOFI,Sanofi India Limited,,
SANOFICONR,Sanofi Consumer Healthcare India Limited,,
SANSERA,Sansera Engineering Limited,,
SANSTAR,Sanstar Limited,,
SANWARIA,Sanwaria Consumer Limited,,
SAPPHIRE,Sapphire Foods India Limited,,
SAPPL,Shree Ajit Pulp and Paper Limited,,
SARDAEN,Sarda Energy & Minerals Limited,,
SAREGAMA,Saregama India Limited,,
SARLAPOLY,Sarla Performance Fibers Limited,,
SAROJA,Saroja Pharma Industries India Limited,,
SARTELE,SAR Televenture Limited,,
SARVESHWAR,Sarveshwar Foods Limited,,
SASKEN,Sasken Technologies Limited,,
SATECH,S A Tech Software India Limited,,
SATIA,Satia Industries Limited,,
SATIN,Satin Creditcare Network Limited,,
SATIPOLY,Sati Poly Plast Limited,,
SATKARTAR,Sat Kartar Life Limited,,
SATTVAENGG,Sattva Engineering construction Limited,,
SAURASHCEM,Saurashtra Cement Limited,,
SAVY,Savy Infra and Logistics Limited,,
SAWALIYA,Sawaliya Food Products Limited,,
SAYAJIHOTL,Sayaji Hotels Limited,,
SBC,SBC Exports Limited,,
SBCL,Shivalik Bimetal Controls Limited,,
SBFC,SBFC Finance Limited,,
SBGLP,Suratwwala Business Group Limited,,
SBICARD,SBI Cards and Payment Services Limited,,
SBIFUNDS,SBI Funds Management Limited,,
SBILIFE,SBI Life Insurance Company Limited,,
SBIN,State Bank of India,,
SCANSTL,Scan Steels Limited,,
SCHAEFFLER,Schaeffler India Limited,,
SCHAND,S Chand And Company Limited,,
SCHNEIDER,Schneider Electric Infrastructure Limited,,
SCI,The Shipping Corporation of India Limited,,
SCILAL,Shipping Corporation of India Land and Assets Limited,,
SCML,Sharp Chucks and Machines Limited,,
SCODATUBES,Scoda Tubes Limited,,
SCPL,Sheetal Cool Products Limited,,
SDBL,Som Distilleries & Breweries Limited,,
SDREAMS,S D Retail Limited,,
SEAMECLTD,Seamec Limited,,
SECL,Salasar Exteriors and Contour Limited,,
SECMARK,SecMark Consultancy Limited,,
SECURKLOUD,SecureKloud Technologies Limited,,
SEDEMAC,SEDEMAC Mechatronics Limited,,
SEIL,Shanti Educational Initiatives Limited,,
SEJALLTD,Sejal Glass Limited,,
SEL,Sungarner Energies Limited,,
SELLOWRAP,Sellowrap Industries Limited,,
SELMC,SEL Manufacturing Company Limited,,
SEMAC,Semac Construction Limited,,
SENCO,Senco Gold Limited,,
SENORES,Senores Pharmaceuticals Limited,,
SEPC,SEPC Limited,,
SEPCPP,SEPC Limited,,
SERVICE,Service Care Limited,,
SERVOTECH,Servotech Renewable Power System Limited,,
SESHAPAPER,Seshasayee Paper and Boards Limited,,
SETCO,Setco Automotive Limited,,
SETL,Standard Engineering Technology Limited,,
SEYAIND,Seya Industries Limited,,
SFL,Sheela Foam Limited,,
SFML,Supreme Facility Management Limited,,
SGFIN,SG Finserve Limited,,
SGIL,Synergy Green Industries Limited,,
SGL,STL Global Limited,,
SGMART,SG Mart Limited,,
SHADOWFAX,Shadowfax Technologies Limited,,
SHAH,Shah Metacorp Limited,,
SHAHALLOYS,Shah Alloys Limited,,
SHAILY,Shaily Engineering Plastics Limited,,
SHAIVAL,Shaival Reality Limited,,
SHAKTIPUMP,Shakti Pumps (India) Limited,,
SHALBY,Shalby Limited,,
SHALPAINTS,Shalimar Paints Limited,,
SHANKARA,Shankara Building Products Limited,,
SHANTHALA,Shanthala FMCG Products Limited,,
SHANTI,Shanti Overseas (India) Limited,,
SHANTIGEAR,Shanthi Gears Limited,,
SHANTIGOLD,Shanti Gold International Limited,,
SHARDACROP,Sharda Cropchem Limited,,
SHARDAMOTR,Sharda Motor Industries Limited,,
SHARDUL,Shardul Securities Limited,,
SHAREINDIA,Share India Securities Limited,,
SHBAJRG,Shri Bajrang Alliance Limited,,
SHEEL,Sheel Biotech Limited,,
SHEETAL,Sheetal Universal Limited,,
SHEKHAWATI,Shekhawati Industries Limited,,
SHEMAROO,Shemaroo Entertainment Limited,,
SHERA,Shera Energy Limited,,
SHETHJI,Shreeji Global FMCG Limited,,
SHIGAN,Shigan Quantum Technologies Limited,,
SHILCTECH,Shilchar Technologies Limited,,
SHILPAMED,Shilpa Medicare Limited,,
SHINDL,Sharat Industries Limited,,
SHIVALIK,Shivalik Rasayan Limited,,
SHIVAMAUTO,Shivam Autotech Limited,,
SHIVAMILLS,Shiva Mills Limited,,
SHIVASHRIT,Shivashrit Foods Limited,,
SHIVATEX,Shiva Texyarn Limited,,
SHIVAUM,Shiv Aum Steels Limited,,
SHK,S H Kelkar and Company Limited,,
SHKSIL,Shri Hare-Krishna Sponge Iron Limited,,
SHOPERSTOP,Shoppers Stop Limited,,
SHRADHA,Shradha Realty Limited,,
SHREDIGCEM,Shree Digvijay Cement Company Limited,,
SHREECEM,Shree Cement Limited,,
SHREEDHAR,Shreedhar Spinners Limited,,
SHREEJISPG,Shreeji Shipping Global Limited,,
SHREEKARNI,Shree Karni Fabcom Limited,,
SHREEOSFM,Shree OSFM E-Mobility Limited,,
SHREEPUSHK,Shree Pushkar Chemicals & Fertilisers Limited,,
SHREERAMA,Shree Rama Multi-Tech Limited,,
SHRENIK,Shrenik Limited,,
SHREYANIND,Shreyans Industries Limited,,
SHRIAHIMSA,Shri Ahimsa Naturals Limited,,
SHRIKANHA,Shri Kanha Stainless Limited,,
SHRIKRISH,Shri Krishna Devcon Limited,,
SHRINGARMS,Shringar House of Mangalsutra Limited,,
SHRIPISTON,SPR Auto Technologies Limited,,
SHRIRAMFIN,Shriram Finance Limited,,
SHRIRAMPPS,Shriram Properties Limited,,
SHRITECH,Shri Techtex Limited,,
SHUBHLAXMI,Shubhlaxmi Jewel Art Limited,,
SHUBHSHREE,Shubhshree Biofuels Energy Limited,,
SHYAMCENT,Shyam Century Ferrous Limited,,
SHYAMDHANI,Shyam Dhani Industries Limited,,
SHYAMMETL,Shyam Metalics and Energy Limited,,
SHYAMTEL,Shyam Telecom Limited,,
SICAGEN,Sicagen India Limited,,
SICALLOG,Sical Logistics Limited,,
SIDDHICOTS,Siddhi Cotspin Limited,,
SIDDHIKA,Siddhika Coatings Limited,,
SIEMENS,Siemens Limited,,
SIGACHI,Sigachi Industries Limited,,
SIGIND,Signet Industries Limited,,
SIGMA,Sigma Solve Limited,,
SIGMAADV,Sigma Advanced Systems Limited,,
SIGNATURE,Signatureglobal (India) Limited,,
SIGNORIA,Signoria Creation Limited,,
SIGNPOST,Signpost India Limited,,
SIKA,Sika Interplant Systems Limited,,
SIKKO,Sikko Industries Limited,,
SIL,Standard Industries Limited,,
SILGO,Silgo Retail Limited,,
SILINV,SIL Investments Limited,,
SILKFLEX,Silkflex Polymers (India) Limited,,
SILKY,Silky Overseas Limited,,
SILLYMONKS,Silly Monks Entertainment Limited,,
SILVERTUC,Silver Touch Technologies Limited,,
SIMBHALS,Simbhaoli Sugars Limited,,
SIMCA,Simca Advertising Limited,,
SIMPLEXINF,Simplex Infrastructures Limited,,
SINCLAIR,Sinclairs Hotels Limited,,
SINDHUTRAD,Sindhu Trade Links Limited,,
SINGERIND,Singer India Limited,,
SINTERCOM,Sintercom India Limited,,
SIRCA,Sirca Paints India Limited,,
SIS,SIS Limited,,
SITINET,SITI Networks Limited,,
SIYSIL,Siyaram Silk Mills Limited,,
SJLOGISTIC,S J Logistics (India) Limited,,
SJS,S.J.S. Enterprises Limited,,
SJVN,SJVN Limited,,
SKFINDIA,SKF India Limited,,
SKFINDUS,SKF India (Industrial) Limited,,
SKIL,SKIL Infrastructure Limited,,
SKIPPER,Skipper Limited,,
SKMEGGPROD,SKM Egg Products Export (India) Limited,,
SKP,SKP Bearing Industries Limited,,
SKYGOLD,Sky Gold and Diamonds Limited,,
SLONE,Slone Infosystems Limited,,
SMARTEN,Smarten Power Systems Limited,,
SMARTLINK,Smartlink Holdings Limited,,
SMARTWORKS,Smartworks Coworking Spaces Limited,,
SMCGLOBAL,SMC Global Securities Limited,,
SMLMAH,SML Mahindra Limited,,
SMLT,Sarthak Metals Limited,,
SMSPHARMA,SMS Pharmaceuticals Limited,,
SMVD,SMVD Poly Pack Limited,,
SNEHAA,Snehaa Organics Limited,,
SNOWMAN,Snowman Logistics Limited,,
SOBHA,Sobha Limited,,
SOCL,Sundrex Oil Company Limited,,
SOFTTECH,SoftTech Engineers Limited,,
SOLARA,Solara Active Pharma Sciences Limited,,
SOLARAPP1,Solara Active Pharma Sciences Limited,,
SOLARINDS,Solar Industries India Limited,,
SOLARWORLD,Solarworld Energy Solutions Limited,,
SOLEX,Solex Energy Limited,,
SOMANYCERA,Somany Ceramics Limited,,
SOMATEX,Soma Textiles & Industries Limited,,
SOMICONVEY,Somi Conveyor Beltings Limited,,
SONACOMS,Sona BLW Precision Forgings Limited,,
SONAL,Sonal Mercantile Limited,,
SONAMAC,Sona Machinery Limited,,
SONAMLTD,Sonam Limited,,
SONATSOFTW,Sonata Software Limited,,
SONUINFRA,Sonu Infratech Limited,,
SOTAC,Sotac Pharmaceuticals Limited,,
SOTL,Savita Oil Technologies Limited,,
SOUTHBANK,The South Indian Bank Limited,,
SOUTHWEST,South West Pinnacle Exploration Limited,,
SPAL,S.P. Apparels Limited,,
SPANDANA,Spandana Sphoorty Financial Limited,,
SPARC,Sun Pharma Advanced Research Company Limited,,
SPCENET,Spacenet Enterprises India Limited,,
SPCL,Shivalic Power Control Limited,,
SPCON,Srinibas Pradhan Constructions Limited,,
SPEB,SPEB Adhesives Limited,,
SPECIALITY,Speciality Restaurants Limited,,
SPECTRUM,Spectrum Electrical Industries Limited,,
SPECTSTM,Spectrum Talent Management Limited,,
SPENCERS,Spencer's Retail Limited,,
SPIC,Southern Petrochemical Industries Corporation Limited,,
SPLIL,SPL Industries Limited,,
SPLPETRO,Supreme Petrochem Limited,,
SPMLINFRA,SPML Infra Limited,,
SPORTKING,Sportking India Limited,,
SPPPOLY,SPP Polymer Limited,,
SPRL,SP Refractories Limited,,
SPUNWEB,Spunweb Nonwoven Limited,,
SRD,Shankar Lal Rampal Dye-Chem Limited,,
SREEL,Sreeleathers Limited,,
SRF,SRF Limited,,
SRGHFL,SRG Housing Finance Limited,,
SRHHYPOLTD,Sree Rayalaseema Hi-Strength Hypo Limited,,
SRIVASAVI,Srivasavi Adhesive Tapes Limited,,
SRM,SRM Contractors Limited,,
SRPL,Shree Ram Proteins Limited,,
SRTL,Shree Ram Twistex Limited,,
SSDL,Saraswati Saree Depot Limited,,
SSEGL,Sathlokhar Synergys E&C Global Limited,,
SSFL,Srivari Spices and Foods Limited,,
SSFLPP,Spandana Sphoorty Financial Limited,,
SSWL,Steel Strips Wheels Limited,,
STALLION,Stallion India Fluorochemicals Limited,,
STANLEY,Stanley Lifestyles Limited,,
STAR,Strides Pharma Science Limited,,
STARCEMENT,Star Cement Limited,,
STARHEALTH,Star Health and Allied Insurance Company Limited,,
STARPAPER,Star Paper Mills Limited,,
STARTECK,Starteck Finance Limited,,
STCINDIA,The State Trading Corporation of India Limited,,
STEELCAS,Steelcast Limited,,
STEELCITY,Steel City Securities Limited,,
STEELXIND,Steel Exchange India Limited,,
STEL,STEL Holdings Limited,,
STERTOOLS,Sterling Tools Limited,,
STLNETWORK,STL Networks Limited,,
STLTECH,Sterlite Technologies Limited,,
STOVEKRAFT,Stove Kraft Limited,,
STRIDERS,Striders Impex Limited,,
STUDDS,Studds Accessories Limited,,
STUDIOLSD,Studio LSD Limited,,
STYL,Seshaasai Technologies Limited,,
STYLAMIND,Stylam Industries Limited,,
STYLEBAAZA,Baazar Style Retail Limited,,
STYRENIX,Styrenix Performance Materials Limited,,
SUBAHOTELS,Suba Hotels Limited,,
SUBEXLTD,Subex Limited,,
SUBROS,Subros Limited,,
SUDARCOLOR,Sudarshan Colorants India Limited,,
SUDARSCHEM,Sudarshan Chemical Industries Limited,,
SUDEEPPHRM,Sudeep Pharma Limited,,
SUKHJITS,The Sukhjit Starch & Chemicals Limited,,
SULA,Sula Vineyards Limited,,
SUMEETINDS,Sumeet Industries Limited,,
SUMICHEM,Sumitomo Chemical India Limited,,
SUMIT,Sumit Woods Limited,,
SUMMITSEC,Summit Securities Limited,,
SUNCLAY,Sundaram-Clayton Limited,,
SUNDARAM,Sundaram Multi Pap Limited,,
SUNDARMFIN,Sundaram Finance Limited,,
SUNDRMBRAK,Sundaram Brake Linings Limited,,
SUNDRMFAST,Sundram Fasteners Limited,,
SUNDROP,Sundrop Brands Limited,,
SUNFLAG,Sunflag Iron and Steel Company Limited,,
SUNLITE,Sunlite Recycling Industries Limited,,
SUNPHARMA,Sun Pharmaceutical Industries Limited,,
SUNREST,Sunrest Lifescience Limited,,
SUNTECH,Suntech Infra Solutions Limited,,
SUNTECK,Sunteck Realty Limited,,
SUNTV,Sun TV Network Limited,,
SUPERHOUSE,Superhouse Limited,,
SUPERSPIN,Super Spinning Mills Limited,,
SUPRAJIT,Suprajit Engineering Limited,,
SUPREME,Supreme Holdings & Hospitality (India) Limited,,
SUPREMEENG,Supreme Engineering Limited,,
SUPREMEIND,The Supreme Industries Limited,,
SUPREMEINF,Supreme Infrastructure India Limited,,
SUPREMEPWR,Supreme Power Equipment Limited,,
SUPRIYA,Supriya Lifescience Limited,,
SURAJEST,Suraj Estate Developers Limited,,
SURAJLTD,Suraj Limited,,
SURAKSHA,Suraksha Diagnostic Limited,,
SURANASOL,Surana Solar Limited,,
SURANAT_P,Surana Telecom and Power Limited,,
SURANI,Surani Steel Tubes Limited,,
SURYALA,Suryalata Spinning Mills Limited,,
SURYALAXMI,Suryalakshmi Cotton Mills Limited,,
SURYAROSNI,Surya Roshni Limited,,
SURYODAY,Suryoday Small Finance Bank Limited,,
SUTLEJTEX,Sutlej Textiles and Industries Limited,,
SUULD,Suumaya Industries Limited,,
SUVEN,Suven Life Sciences Limited,,
SUVIDHAA,Suvidhaa Infoserve Limited,,
SUYOG,Suyog Telematics Limited,,
SUZLON,Suzlon Energy Limited,,
SVLL,Shree Vasu Logistics Limited,,
SVPGLOB,SVP Global Textiles Limited,,
SWANCORP,Swan Corp Limited,,
SWANDEF,Swan Defence and Heavy Industries Limited,,
SWARAJ,Swaraj Suiting Limited,,
SWARAJENG,Swaraj Engines Limited,,
SWASTIK,Swastik Pipe Limited,,
SWELECTES,Swelect Energy Systems Limited,,
SWIGGY,Swiggy Limited,,
SWSOLAR,Sterling and Wilson Renewable Energy Limited,,
SYLVANPLY,Sylvan Plyboard (India) Limited,,
SYMPHONY,Symphony Limited,,
SYNCOMF,Syncom Formulations (India) Limited,,
SYNGENE,Syngene International Limited,,
SYNOPTICS,Synoptics Technologies Limited,,
SYRMA,Syrma SGS Technology Limited,,
SYSTANGO,Systango Technologies Limited,,
SYSTMTXC,Systematix Corporate Services Limited,,
S_SPOWER,S&S Power Switchgear Limited,,
TAALTECH,TAAL Tech Limited,,
TAC,TAC Infosec Limited,,
TAINWALCHM,Tainwala Chemicals and Plastics (India) Limited,,
TAJGVK,TAJGVK Hotels & Resorts Limited,,
TAKE,TAKE LIMITED,,
TALBROAUTO,Talbros Automotive Components Limited,,
TAMBOLIIN,Tamboli Industries Limited,,
TANKUP,Tankup Engineers Limited,,
TANLA,Tanla Platforms Limited,,
TAPIFRUIT,Tapi Fruit Processing Limited,,
TARACHAND,Tara Chand Infralogistic Solutions Limited,,
TARAPUR,Tarapur Transformers Limited,,
TARC,TARC Limited,,
TARIL,Transformers and Rectifiers (India) Limited,,
TARMAT,Tarmat Limited,,
TARSONS,Tarsons Products Limited,,
TASTYBITE,Tasty Bite Eatables Limited,,
TATACAP,Tata Capital Limited,,
TATACHEM,Tata Chemicals Limited,,
TATACOMM,Tata Communications Limited,,
TATACONSUM,Tata Consumer Products Limited,,
TATAELXSI,Tata Elxsi Limited,,
TATAINVEST,Tata Investment Corporation Limited,,
TATAPOWER,The Tata Power Company Limited,,
TATASTEEL,Tata Steel Limited,,
TATATECH,Tata Technologies Limited,,
TATVA,Tatva Chintan Pharma Chem Limited,,
TAURIAN,Taurian MPS Limited,,
TBI,TBI Corn Limited,,
TBOTEK,TBO Tek Limited,,
TBZ,Tribhovandas Bhimji Zaveri Limited,,
TCC,TCC Concept Limited,,
TCI,Transport Corporation of India Limited,,
TCIEXP,TCI Express Limited,,
TCIFINANCE,TCI Finance Limited,,
TCL,Thaai Casting Limited,,
TCPLPACK,TCPL Packaging Limited,,
TCS,Tata Consultancy Services Limited,,
TDPOWERSYS,TD Power Systems Limited,,
TEAMGTY,Team India Guaranty Limited,,
TEAMLEASE,TeamLease Services Limited,,
TEAMTECH,TeamTech Formwork Solutions Limited,,
TECHD,TechD Cybersecurity Limited,,
TECHERA,TechEra Engineering (India) Limited,,
TECHIN,Techindia Nirman Limited,,
TECHLABS,Trident Techlabs Limited,,
TECHM,Tech Mahindra Limited,,
TECHNOE,Techno Electric & Engineering Company Limited,,
TECHNVISN,TechNVision Ventures Limited,,
TECILCHEM,Tecil Chemicals and Hydro Power Ltd.,,
TEGA,Tega Industries Limited,,
TEJA,Teja Engineering Industries Limited,,
TEJASCARGO,Tejas Cargo India Limited,,
TEJASNET,Tejas Networks Limited,,
TEMBO,Tembo Global Industries Limited,,
TENNIND,Tenneco Clean Air India Limited,,
TERASOFT,Tera Software Limited,,
TEXINFRA,Texmaco Infrastructure & Holdings Limited,,
TEXMOPIPES,Texmo Pipes and Products Limited,,
TEXRAIL,Texmaco Rail & Engineering Limited,,
TFCILTD,Tourism Finance Corporation of India Limited,,
TFL,Transwarranty Finance Limited,,
TGBHOTELS,TGB Banquets and Hotels Limited,,
TGL,Teerth Gopicon Limited,,
THACKER,Thacker and Company Limited,,
THAKDEV,Thakkers Developers Limited,,
THANGAMAYL,Thangamayil Jewellery Limited,,
THEINVEST,The Investment Trust of India Limited,,
THEJO,Thejo Engineering Limited,,
THELEELA,Leela Palaces Hotels & Resorts Limited,,
THEMISMED,Themis Medicare Limited,,
THERMAX,Thermax Limited,,
THESL,Thinking Hats Entertainment Solutions Limited,,
THOMASCOOK,Thomas Cook (India) Limited,,
THOMASCOTT,Thomas Scott (India) Limited,,
THYROCARE,Thyrocare Technologies Limited,,
TI,Tilaknagar Industries Ltd.,,
TICL,Twamev Construction and Infrastructure Limited,,
TIGERLOGS,Tiger Logistics (India) Limited,,
TIIL,Technocraft Industries (India) Limited,,
TIINDIA,Tube Investments of India Limited,,
TIJARIA,Tijaria Polypipes Limited,,
TIL,TIL Limited,,
TIMESCAN,Timescan Logistics (India) Limited,,
TIMETECHNO,Time Technoplast Limited,,
TIMEX,Timex Group India Limited,,
TIMKEN,Timken India Limited,,
TINNARUBR,Tinna Rubber and Infrastructure Limited,,
TIPSFILMS,Tips Films Limited,,
TIPSMUSIC,Tips Music Limited,,
TIRUMALCHM,Thirumalai Chemicals Limited,,
TIRUPATI,Shree Tirupati Balajee FIBC Limited,,
TIRUPATIFL,Tirupati Forge Limited,,
TITAGARH,Titagarh Rail Systems Limited,,
TITAN,Titan Company Limited,,
TMB,Tamilnad Mercantile Bank Limited,,
TMCV,Tata Motors Limited,,
TMPV,Tata Motors Passenger Vehicles Limited,,
TNPETRO,Tamilnadu Petroproducts Limited,,
TNPL,Tamil Nadu Newsprint and Papers Limited,,
TNTELE,Tamilnadu Telecommunications Limited,,
TOKYOPLAST,Tokyo Plast International Limited,,
TOLINS,Tolins Tyres Limited,,
TORNTPHARM,Torrent Pharmaceuticals Limited,,
TORNTPOWER,Torrent Power Limited,,
TOTAL,Total Transport Systems Limited,,
TOUCHWOOD,Touchwood Entertainment Limited,,
TPHQ,Teamo Productions HQ Limited,,
TPLPLASTEH,TPL Plastech Limited,,
TRACXN,Tracxn Technologies Limited,,
TRANSPEK,Transpek Industry Limited,,
TRANSRAILL,Transrail Lighting Limited,,
TRANSTEEL,Transteel Seating Technologies Limited,,
TRANSWIND,Transwind Infrastructures Limited,,
TRANSWORLD,Transworld Shipping Lines Limited,,
TRAVELFOOD,Travel Food Services Limited,,
TREEHOUSE,Tree House Education & Accessories Limited,,
TREJHARA,Trejhara Solutions Limited,,
TREL,Transindia Real Estate Limited,,
TRENT,Trent Limited,,
TRF,TRF Limited,,
TRIDENT,Trident Limited,,
TRIDHYA,Tridhya Tech Limited,,
TRIGYN,Trigyn Technologies Limited,,
TRITURBINE,Triveni Turbine Limited,,
TRIVENI,Triveni Engineering & Industries Limited,,
TROM,Trom Industries Limited,,
TRU,TruCap Finance Limited,,
TRUALT,TruAlt Bioenergy Limited,,
TRUST,Trust Fintech Limited,,
TSC,TSC India Limited,,
TSFINV,TSF Investments Limited,,
TTKHLTCARE,TTK Healthcare Limited,,
TTKPRESTIG,TTK Prestige Limited,,
TTL,T.T. Limited,,
TTML,Tata Teleservices (Maharashtra) Limited,,
TUNWAL,Tunwal E-Motors Limited,,
TURTLEMINT,Turtlemint Fintech Solutions Limited,,
TVSELECT,TVS Electronics Limited,,
TVSHLTD,TVS Holdings Limited,,
TVSMOTOR,TVS Motor Company Limited,,
TVSSCS,TVS Supply Chain Solutions Limited,,
TVSSRICHAK,TVS Srichakra Limited,,
TVTODAY,T.V. Today Network Limited,,
TVVISION,TV Vision Limited,,
UBL,United Breweries Limited,,
UCAL,UCAL Limited,,
UCL,Ushanti Colour Chem Limited,,
UCOBANK,UCO Bank,,
UDS,Updater Services Limited,,
UEL,Ujaas Energy Limited,,
UFBL,United Foodbrands Limited,,
UFLEX,Uflex Limited,,
UFO,UFO Moviez India Limited,,
UGARSUGAR,The Ugar Sugar Works Limited,,
UGROCAP,UGRO Capital Limited,,
UHTL,United Heat Transfer Limited,,
UJJIVANSFB,Ujjivan Small Finance Bank Limited,,
ULTRACEMCO,UltraTech Cement Limited,,
ULTRAMAR,Ultramarine & Pigments Limited,,
UMA,Uma Converter Limited,,
UMAEXPORTS,Uma Exports Limited,,
UMESLTD,Usha Martin Education & Solutions Limited,,
UMIYA.MRO,Umiya Buildcon Limited,,
UNICHEMLAB,Unichem Laboratories Limited,,
UNIDT,United Drilling Tools Limited,,
UNIECOM,Unicommerce eSolutions Limited,,
UNIENTER,Uniphos Enterprises Limited,,
UNIHEALTH,Unihealth Hospitals Limited,,
UNIINFO,Uniinfo Telecom Services Limited,,
UNILEX,Unilex Colours and Chemicals Limited,,
UNIMECH,Unimech Aerospace and Manufacturing Limited,,
UNIONBANK,Union Bank of India,,
UNIPARTS,Uniparts India Limited,,
UNITDSPR,United Spirits Limited,,
UNITECH,Unitech Limited,,
UNITEDPOLY,United Polyfab Gujarat Limited,,
UNITEDTEA,The United Nilgiri Tea Estates Company Limited,,
UNIVAFOODS,Univa Foods Limited,,
UNIVASTU,Univastu India Limited,,
UNIVCABLES,Universal Cables Limited,,
UNIVPHOTO,Universus Photo Imagings Limited,,
UNOMINDA,Uno Minda Limited,,
UPL,UPL Limited,,
UPLPP1,UPL Limited,,
URAVIDEF,Uravi Defence and Technology Limited,,
URBAN,Urban Enviro Waste Management Limited,,
URBANCO,Urban Company Limited,,
URJA,Urja Global Limited,,
USASEEDS,Upsurge Seeds Of Agriculture Limited,,
USHAFIN,Usha Financial Services Limited,,
USHAMART,Usha Martin Limited,,
USK,Udayshivakumar Infra Limited,,
UTIAMC,UTI Asset Management Company Limited,,
UTKAL,Utkal Speciality Industries India Limited,,
UTKARSHBNK,Utkarsh Small Finance Bank Limited,,
UTLSOLAR,Fujiyama Power Systems Limited,,
UTSSAV,Utssav CZ Gold Jewels Limited,,
UTTAMSUGAR,Uttam Sugar Mills Limited,,
UWCSL,Ultra Wiring Connectivity System Limited,,
UYFINCORP,U. Y. Fincorp Limited,,
V2RETAIL,V2 Retail Limited,,
VADILALIND,Vadilal Industries Limited,,
VAIBHAVGBL,Vaibhav Global Limited,,
VAISHALI,Vaishali Pharma Limited,,
VAKRANGEE,Vakrangee Limited,,
VALIANTLAB,Valiant Laboratories Limited,,
VALIANTORG,Valiant Organics Limited,,
VALUE360,Value 360 Communication Limited,,
VAML,Vedanta Aluminium Metal Limited,,
VARDHACRLC,Vardhman Acrylics Limited,,
VARDMNPOLY,Vardhman Polytex Limited,,
VARROC,Varroc Engineering Limited,,
VASCONEQ,Vascon Engineers Limited,,
VASWANI,Vaswani Industries Limited,,
VBL,Varun Beverages Limited,,
VCL,Vaxtex Cotfab Limited,,
VDEAL,Vdeal System Limited,,
VEDL,Vedanta Limited,,
VEDPOWER,Vedanta Power Limited,,
VEEDOL,Veedol Corporation Limited,,
VEEKAYEM,Veekayem Fashion and Apparels Limited,,
VELJAN,Veljan Denison Limited,,
VELS,VELS Film International Limited,,
VENKEYS,Venky's (India) Limited,,
VENTIVE,Ventive Hospitality Limited,,
VENUSPIPES,Venus Pipes and Tubes Limited,,
VENUSREM,Venus Remedies Limited,,
VERA,Vera Synthetic Limited,,
VERANDA,Veranda Learning Solutions Limited,,
VERITAAS,Veritaas Advertising Limited,,
VERTEXPLUS,Vertexplus Technologies Limited,,
VERTOZ,Vertoz Limited,,
VESUVIUS,Vesuvius India Limited,,
VETO,Veto Switchgears and Cables Limited,,
VGINFOTECH,Virtual Galaxy Infotech Limited,,
VGL,Varvee Global Limited,,
VGUARD,V-Guard Industries Limited,,
VHL,Vardhman Holdings Limited,,
VHLTD,Viceroy Hotels Limited,,
VIAZ,Viaz Tyres Limited,,
VICTORYEV,Victory Electric Vehicles International Limited,,
VIDHIING,Vidhi Specialty Food Ingredients Limited,,
VIDYAWIRES,Vidya Wires Limited,,
VIESL,Vision Infra Equipment Solutions Limited,,
VIGOR,Vigor Plast India Limited,,
VIJAYA,Vijaya Diagnostic Centre Limited,,
VIJAYPD,VijayPD Ceutical Limited,,
VIJIFIN,Viji Finance Limited,,
VIKASECO,Vikas Ecotech Limited,,
VIKASLIFE,Vikas Lifecare Limited,,
VIKRAMSOLR,Vikram Solar Limited,,
VIKRAN,Vikran Engineering Limited,,
VILAS,Vilas Transcore Limited,,
VILINBIO,Vilin Bio Med Limited,,
VIMTALABS,Vimta Labs Limited,,
VINATIORGA,Vinati Organics Limited,,
VINCOFE,Vintage Coffee and Beverages Limited,,
VINDHYATEL,Vindhya Telelinks Limited,,
VINEETLAB,Vineet Laboratories Limited,,
VINNY,Vinny Overseas Limited,,
VINSYS,Vinsys IT Services India Limited,,
VINYAS,Vinyas Innovative Technologies Limited,,
VINYLINDIA,Vinyl Chemicals (India) Limited,,
VIPCLOTHNG,VIP Clothing Limited,,
VIPIND,V.I.P. Industries Limited,,
VIPULLTD,Vipul Limited,,
VIRINCHI,Virinchi Limited,,
VISACHROME,VISA Chrome Limited,,
VISAKAIND,Visaka Industries Limited,,
VISAMAN,Visaman Global Sales Limited,,
VISHNU,Vishnu Chemicals Limited,,
VISHNUINFR,Vishnusurya Projects and Infra Limited,,
VISHWARAJ,Vishwaraj Sugar Industries Limited,,
VISHWAS,Vishwas Agri Seeds Limited,,
VISL,Vedanta Iron and Steel Limited,,
VITAL,Vital Chemtech Limited,,
VIVIANA,Viviana Power Tech Limited,,
VIVIDEL,Vivid Electromech Limited,,
VIVIDHA,Visagar Polytex Limited,,
VIVIMEDLAB,Vivimed Labs Limited,,
VIVO,Vivo Collaboration Solutions Limited,,
VIYASH,Viyash Scientific Limited,,
VLEGOV,VL E-Governance & IT Solutions Limited,,
VLINFRA,V.L.Infraprojects Limited,,
VLSFINANCE,VLS Finance Limited,,
VMARCIND,V-MARC India Limited,,
VMART,V-Mart Retail Limited,,
VMM,Vishal Mega Mart Limited,,
VMOBILE,Vinit Mobile Limited,,
VMSTMT,VMS TMT Limited,,
VOEPL,Virtuoso Optoelectronics Limited,,
VOGL,Vedanta Oil and Gas Limited,,
VOLERCAR,Voler Car Limited,,
VOLTAMP,Voltamp Transformers Limited,,
VOLTAS,Voltas Limited,,
VPRPL,Vishnu Prakash R Punglia Limited,,
VR,V R Infraspace Limited,,
VRAJ,Vraj Iron and Steel Limited,,
VRLLOG,VRL Logistics Limited,,
VSCL,Vadivarhe Speciality Chemicals Limited,,
VSSL,Vardhman Special Steels Limited,,
VSTIND,VST Industries Limited,,
VSTL,Vibhor Steel Tubes Limited,,
VSTTILLERS,V.S.T. Tillers Tractors Limited,,
VTL,Vardhman Textiles Limited,,
WAAREEENER,Waaree Energies Limited,,
WAAREEINDO,Indosolar Limited,,
WAAREERTL,Waaree Renewable Technologies Limited,,
WABAG,VA Tech Wabag Limited,,
WAKEFIT,Wakefit Innovations Limited,,
WALCHANNAG,Walchandnagar Industries Limited,,
WALPAR,Walpar Nutritions Limited,,
WANBURY,Wanbury Limited,,
WCIL,Western Carriers (India) Limited,,
WEALTH,Wealth First Portfolio Managers Limited,,
WEBELSOLAR,Websol Energy System Limited,,
WEIZMANIND,Weizmann Limited,,
WEL,Wonder Electricals Limited,,
WELCORP,Welspun Corp Limited,,
WELENT,Welspun Enterprises Limited,,
WELINV,Welspun Investments and Commercials Limited,,
WELSPLSOL,Welspun Specialty Solutions Limited,,
WELSPUNLIV,Welspun Living Limited,,
WENDT,Wendt (India) Limited,,
WESTLIFE,Westlife Foodworld Limited,,
WEWIN,We Win Limited,,
WEWORK,WeWork India Management Limited,,
WHEELS,Wheels India Limited,,
WHIRLPOOL,Whirlpool of India Limited,,
WHITEFORCE,Happy Square Outsourcing Services Limited,,
WILLAMAGOR,Williamson Magor & Co. Limited,,
WIMPLAST,Wim Plast Limited,,
WINDLAS,Windlas Biotech Limited,,
WINDMACHIN,Windsor Machines Limited,,
WINSOL,Winsol Engineers Limited,,
WINSOME,Winsome Yarns Limited,,
WIPL,The Western India Plywoods Limited,,
WIPRO,Wipro Limited,,
WOCKPHARMA,Wockhardt Limited,,
WOL3D,WOL 3D India Limited,,
WOMANCART,Womancart Limited,,
WONDERLA,Wonderla Holidays Limited,,
WORTHPERI,Worth Peripherals Limited,,
WPIL,WPIL Limited,,
WSI,W.S. Industries (India) Limited,,
WSTCSTPAPR,West Coast Paper Mills Limited,,
WTICAB,Wise Travel India Limited,,
XCHANGING,Xchanging Solutions Limited,,
XELPMOC,Xelpmoc Design and Tech Limited,,
XPROINDIA,Xpro India Limited,,
XTGLOBAL,XTGlobal Infotech Limited,,
XTRANET,Xtranet Technologies Limited,,
YAAP,Yaap Digital Limited,,
YASHO,Yasho Industries Limited,,
YASHOPTICS,Yash Optics & Lens Limited,,
YATHARTH,Yatharth Hospital & Trauma Care Services Limited,,
YATRA,Yatra Online Limited,,
YCCL,Yasons Chemex Care Limited,,
YESBANK,Yes Bank Limited,,
YUDIZ,Yudiz Solutions Limited,,
YUKEN,Yuken India Limited,,
ZAGGLE,Zaggle Prepaid Ocean Services Limited,,
ZEAL,Zeal Global Services Limited,,
ZEEL,Zee Entertainment Enterprises Limited,,
ZEELEARN,Zee Learn Limited,,
ZEEMEDIA,Zee Media Corporation Limited,,
ZENITHDRUG,Zenith Drugs Limited,,
ZENITHEXPO,Zenith Exports Limited,,
ZENITHSTL,Zenith Steel Pipes & Industries Limited,,
ZENSARTECH,Zensar Technologies Limited,,
ZENTEC,Zen Technologies Limited,,
ZFCVINDIA,ZF Commercial Vehicle Control Systems India Limited,,
ZFSTEERING,ZF Steering Gear (India) Limited,,
ZIMLAB,ZIM Laboratories Limited,,
ZODIAC,Zodiac Energy Limited,,
ZODIACLOTH,Zodiac Clothing Company Limited,,
ZOTA,Zota Health Care Limited,,
ZSARACOM,Saraswati Commercial (India) Limited,,
ZTECH,Z-Tech (India) Limited,,
ZUARI,Zuari Agro Chemicals Limited,,
ZUARIIND,Zuari Industries Limited,,
ZYDUSLIFE,Zydus Lifesciences Limited,,
ZYDUSWELL,Zydus Wellness Limited,,
