symbol,name,yahoo,stockanalysis,has_listing
20MICRONS,20 Microns Limited,20MICRONS.NS,20MICRONS,1
21STCENMGM,21st Century Management Services Limited,21STCENMGM.NS,21STCENMGM,1
360ONE,360 ONE WAM LIMITED,360ONE.NS,360ONE,1
3BBLACKBIO,3B Blackbio Dx Limited,3BBLACKBIO.NS,3BBLACKBIO,1
3IINFOLTD,3i Infotech Limited,3IINFOLTD.NS,3IINFOLTD,1
3MINDIA,3M India Limited,3MINDIA.NS,3MINDIA,1
3PLAND,3P Land Holdings Limited,3PLAND.NS,3PLAND,0
5PAISA,5Paisa Capital Limited,5PAISA.NS,5PAISA,1
63MOONS,63 moons technologies limited,63MOONS.NS,63MOONS,1
A2ZINFRA,A2Z Infra Engineering Limited,A2ZINFRA.NS,A2ZINFRA,1
AAATECH,AAA Technologies Limited,AAATECH.NS,AAATECH,1
AADHARHFC,Aadhar Housing Finance Limited,AADHARHFC.NS,AADHARHFC,1
AAKASH,Aakash Exploration Services Limited,AAKASH.NS,AAKASH,1
AARNAV,Aarnav Fashions Limited,AARNAV.NS,AARNAV,1
AARON,Aaron Industries Limited,AARON.NS,AARON,1
AARTIDRUGS,Aarti Drugs Limited,AARTIDRUGS.NS,AARTIDRUGS,1
AARTIIND,Aarti Industries Limited,AARTIIND.NS,AARTIIND,1
AARTIPHARM,Aarti Pharmalabs Limited,AARTIPHARM.NS,AARTIPHARM,1
AARTISURF,Aarti Surfactants Limited,AARTISURF.NS,AARTISURF,1
AARVI,Aarvi Encon Limited,AARVI.NS,AARVI,1
AAVAS,Aavas Financiers Limited,AAVAS.NS,AAVAS,1
ABB,ABB India Limited,ABB.NS,ABB,1
ABBOTINDIA,Abbott India Limited,ABBOTINDIA.NS,ABBOTINDIA,1
ABCAPITAL,Aditya Birla Capital Limited,ABCAPITAL.NS,ABCAPITAL,1
ABCOTS,A B Cotspin India Limited,ABCOTS.NS,ABCOTS,1
ABDL,Allied Blenders and Distillers Limited,ABDL.NS,ABDL,1
ABFRL,Aditya Birla Fashion and Retail Limited,ABFRL.NS,ABFRL,1
ABINFRA,A B Infrabuild Limited,ABINFRA.NS,ABINFRA,1
ABLBL,Aditya Birla Lifestyle Brands Limited,ABLBL.NS,ABLBL,1
ABMINTLLTD,ABM International Limited,ABMINTLLTD.NS,ABMINTLLTD,1
ABMKNO,ABM Knowledgeware Limited,ABMKNO.NS,ABMKNO,1
ABREL,Aditya Birla Real Estate Limited,ABREL.NS,ABREL,1
ABSLAMC,Aditya Birla Sun Life AMC Limited,ABSLAMC.NS,ABSLAMC,1
ACC,ACC Limited,ACC.NS,ACC,1
ACCELYA,Accelya Solutions India Limited,ACCELYA.NS,ACCELYA,1
ACE,Action Construction Equipment Limited,ACE.NS,ACE,1
ACEINTEG,Ace Integrated Solutions Limited,ACEINTEG.NS,ACEINTEG,1
ACI,Archean Chemical Industries Limited,ACI.NS,ACI,1
ACL,Andhra Cements Limited,ACL.NS,ACL,1
ACMESOLAR,Acme Solar Holdings Limited,ACMESOLAR.NS,ACMESOLAR,1
ACSTECH,ACS Technologies Limited,ACSTECH.NS,ACSTECH,1
ACUTAAS,Acutaas Chemicals Limited,ACUTAAS.NS,ACUTAAS,1
ADANIENSOL,Adani Energy Solutions Limited,ADANIENSOL.NS,ADANIENSOL,1
ADANIENT,Adani Enterprises,ADANIENT.NS,ADANIENT,1
ADANIGREEN,Adani Green Energy Limited,ADANIGREEN.NS,ADANIGREEN,1
ADANIPORTS,Adani Ports & SEZ,ADANIPORTS.NS,ADANIPORTS,1
ADANIPOWER,Adani Power Limited,ADANIPOWER.NS,ADANIPOWER,1
ADFFOODS,ADF Foods Limited,ADFFOODS.NS,ADFFOODS,1
ADL,Archidply Decor Limited,ADL.NS,ADL,1
ADOR,Ador Welding Limited,ADOR.NS,ADOR,1
ADROITINFO,Adroit Infotech Limited,ADROITINFO.NS,ADROITINFO,1
ADSL,Allied Digital Services Limited,ADSL.NS,ADSL,1
ADVAIT,Advait Energy Transitions Limited,ADVAIT.NS,ADVAIT,1
ADVANCE,Advance Agrolife Limited,ADVANCE.NS,ADVANCE,1
ADVANIHOTR,Advani Hotels & Resorts (India) Limited,ADVANIHOTR.NS,ADVANIHOTR,1
ADVENTHTL,Advent Hotels International Limited,ADVENTHTL.NS,ADVENTHTL,1
ADVENZYMES,Advanced Enzyme Technologies Limited,ADVENZYMES.NS,ADVENZYMES,1
AEGISLOG,Aegis Logistics Limited,AEGISLOG.NS,AEGISLOG,1
AEGISVOPAK,Aegis Vopak Terminals Limited,AEGISVOPAK.NS,AEGISVOPAK,1
AEPL,Artemis Electricals and Projects Limited,AEPL.NS,AEPL,1
AEQUS,Aequs Limited,AEQUS.NS,AEQUS,1
AEROENTER,Aeroflex Enterprises Limited,AEROENTER.NS,AEROENTER,1
AEROFLEX,Aeroflex Industries Limited,AEROFLEX.NS,AEROFLEX,1
AERONEU,Aeroflex Neu Limited,AERONEU.NS,AERONEU,1
AEROPLANE,Amir Chand Jagdish Kumar (Exports) Limited,AEROPLANE.NS,AEROPLANE,1
AETHER,Aether Industries Limited,AETHER.NS,AETHER,1
AFCONS,Afcons Infrastructure Limited,AFCONS.NS,AFCONS,1
AFFLE,Affle 3i Limited,AFFLE.NS,AFFLE,1
AFIL,Akme Fintrade (India) Limited,AFIL.NS,AFIL,1
AFSL,Abans Financial Services Limited,AFSL.NS,AFSL,1
AGARIND,Agarwal Industrial Corporation Limited,AGARIND.NS,AGARIND,1
AGARWALEYE,Dr. Agarwal's Health Care Limited,AGARWALEYE.NS,AGARWALEYE,1
AGI,AGI Greenpac Limited,AGI.NS,AGI,1
AGIIL,Agi Infra Limited,AGIIL.NS,AGIIL,1
AGROPHOS,Agro Phos India Limited,AGROPHOS.NS,AGROPHOS,1
AHCL,Anlon Healthcare Limited,AHCL.NS,AHCL,1
AHLADA,Ahlada Engineers Limited,AHLADA.NS,AHLADA,1
AHLEAST,Asian Hotels (East) Limited,AHLEAST.NS,AHLEAST,1
AHLUCONT,Ahluwalia Contracts (India) Limited,AHLUCONT.NS,AHLUCONT,1
AIAENG,AIA Engineering Limited,AIAENG.NS,AIAENG,1
AIIL,Authum Investment & Infrastructure Limited,AIIL.NS,AIIL,1
AIRAN,Airan Limited,AIRAN.NS,AIRAN,1
AIROLAM,Airo Lam limited,AIROLAM.NS,AIROLAM,1
AJANTPHARM,Ajanta Pharma Limited,AJANTPHARM.NS,AJANTPHARM,1
AJAXENGG,Ajax Engineering Limited,AJAXENGG.NS,AJAXENGG,1
AJMERA,Ajmera Realty & Infra India Limited,AJMERA.NS,AJMERA,1
AJOONI,Ajooni Biotech Limited,AJOONI.NS,AJOONI,1
AKASH,Akash Infra-Projects Limited,AKASH.NS,AKASH,1
AKCAPIT,AK Capital Services Limited,AKCAPIT.NS,AKCAPIT,1
AKG,Akg Exim Limited,AKG.NS,AKG,1
AKI,AKI India Limited,AKI.NS,AKI,1
AKSHAR,Akshar Spintex Limited,AKSHAR.NS,AKSHAR,1
AKUMS,Akums Drugs and Pharmaceuticals Limited,AKUMS.NS,AKUMS,1
ALANKIT,Alankit Limited,ALANKIT.NS,ALANKIT,1
ALBERTDAVD,Albert David Limited,ALBERTDAVD.NS,ALBERTDAVD,1
ALEMBICLTD,Alembic Limited,ALEMBICLTD.NS,ALEMBICLTD,1
ALGOQUANT,Algoquant Fintech Limited,ALGOQUANT.NS,ALGOQUANT,1
ALICON,Alicon Castalloy Limited,ALICON.NS,ALICON,1
ALIVUS,Alivus Life Sciences Limited,ALIVUS.NS,ALIVUS,1
ALKEM,Alkem Laboratories Limited,ALKEM.NS,ALKEM,1
ALKYLAMINE,Alkyl Amines Chemicals Limited,ALKYLAMINE.NS,ALKYLAMINE,1
ALLCARGO,Allcargo Logistics Limited,ALLCARGO.NS,ALLCARGO,1
ALLDIGI,Alldigi Tech Limited,ALLDIGI.NS,ALLDIGI,1
ALLTIME,All Time Plastics Limited,ALLTIME.NS,ALLTIME,1
ALMONDZ,Almondz Global Securities Limited,ALMONDZ.NS,ALMONDZ,1
ALOKINDS,Alok Industries Limited,ALOKINDS.NS,ALOKINDS,1
ALPA,Alpa Laboratories Limited,ALPA.NS,ALPA,1
ALPHAGEO,Alphageo (India) Limited,ALPHAGEO.NS,ALPHAGEO,1
AMAGI,Amagi Media Labs Limited,AMAGI.NS,AMAGI,1
AMBALALSA,Ambalal Sarabhai Enterprises Limited,AMBALALSA.NS,AMBALALSA,1
AMBER,Amber Enterprises India Limited,AMBER.NS,AMBER,1
AMBICAAGAR,Ambica Agarbathies & Aroma industries Limited,AMBICAAGAR.NS,AMBICAAGAR,1
AMBIKCO,Ambika Cotton Mills Limited,AMBIKCO.NS,AMBIKCO,1
AMBUJACEM,Ambuja Cements Limited,AMBUJACEM.NS,AMBUJACEM,1
AMDIND,AMD Industries Limited,AMDIND.NS,AMDIND,1
AMJLAND,Amj Land Holdings Limited,AMJLAND.NS,AMJLAND,1
AMNPLST,Amines & Plasticizers Limited,AMNPLST.NS,AMNPLST,1
AMRUTANJAN,Amrutanjan Health Care Limited,AMRUTANJAN.NS,AMRUTANJAN,1
ANANDRATHI,Anand Rathi Wealth Limited,ANANDRATHI.NS,ANANDRATHI,1
ANANTRAJ,Anant Raj Limited,ANANTRAJ.NS,ANANTRAJ,1
ANDHRAPAP,ANDHRA PAPER LIMITED,ANDHRAPAP.NS,ANDHRAPAP,1
ANDHRSUGAR,The Andhra Sugars Limited,ANDHRSUGAR.NS,ANDHRSUGAR,1
ANGELONE,Angel One Limited,ANGELONE.NS,ANGELONE,1
ANIKINDS,Anik Industries Limited,ANIKINDS.NS,ANIKINDS,1
ANMOL,Anmol India Limited,ANMOL.NS,ANMOL,1
ANTELOPUS,Antelopus Selan Energy Limited,ANTELOPUS.NS,ANTELOPUS,1
ANTGRAPHIC,Antarctica Limited,ANTGRAPHIC.NS,ANTGRAPHIC,1
ANTHEM,Anthem Biosciences Limited,ANTHEM.NS,ANTHEM,1
ANUHPHR,Anuh Pharma Limited,ANUHPHR.NS,ANUHPHR,1
ANUP,The Anup Engineering Limited,ANUP.NS,ANUP,1
ANURAS,Anupam Rasayan India Limited,ANURAS.NS,ANURAS,1
APARINDS,Apar Industries Limited,APARINDS.NS,APARINDS,1
APCL,Anjani Portland Cement Limited,APCL.NS,APCL,1
APCOTEXIND,Apcotex Industries Limited,APCOTEXIND.NS,APCOTEXIND,1
APEX,Apex Frozen Foods Limited,APEX.NS,APEX,1
APLAPOLLO,APL Apollo Tubes Limited,APLAPOLLO.NS,APLAPOLLO,1
APLLTD,Alembic Pharmaceuticals Limited,APLLTD.NS,APLLTD,1
APOLLO,Apollo Micro Systems Limited,APOLLO.NS,APOLLO,1
APOLLOHOSP,Apollo Hospitals,APOLLOHOSP.NS,APOLLOHOSP,1
APOLLOPIPE,Apollo Pipes Limited,APOLLOPIPE.NS,APOLLOPIPE,1
APOLLOTYRE,Apollo Tyres Limited,APOLLOTYRE.NS,APOLLOTYRE,1
APOLSINHOT,Apollo Sindoori Hotels Limited,APOLSINHOT.NS,APOLSINHOT,1
APTUS,Aptus Value Housing Finance India Limited,APTUS.NS,APTUS,1
AQYLON,Aqylon Nexus Limited,AQYLON.NS,AQYLON,1
ARCHIDPLY,Archidply Industries Limited,ARCHIDPLY.NS,ARCHIDPLY,1
ARCHIES,Archies Limited,ARCHIES.NS,ARCHIES,1
ARE&M,Amara Raja Energy & Mobility Limited,ARE&M.NS,ARE_M,1
ARENTERP,Rajdarshan Industries Limited,ARENTERP.NS,ARENTERP,1
ARFIN,Arfin India Limited,ARFIN.NS,ARFIN,1
ARIES,Aries Agro Limited,ARIES.NS,ARIES,1
ARIHANT,Arihant Foundations & Housing Limited,ARIHANT.NS,ARIHANT,1
ARIHANTCAP,Arihant Capital Markets Limited,ARIHANTCAP.NS,ARIHANTCAP,1
ARIHANTSUP,Arihant Superstructures Limited,ARIHANTSUP.NS,ARIHANTSUP,1
ARIS,Arisinfra Solutions Limited,ARIS.NS,ARIS,1
ARKADE,Arkade Developers Limited,ARKADE.NS,ARKADE,1
ARMANFIN,Arman Financial Services Limited,ARMANFIN.NS,ARMANFIN,1
AROGRANITE,Aro Granite Industries Limited,AROGRANITE.NS,AROGRANITE,1
ARSSBL,Anand Rathi Share and Stock Brokers Limited,ARSSBL.NS,ARSSBL,1
ARTEMISMED,Artemis Medicare Services Limited,ARTEMISMED.NS,ARTEMISMED,1
ARTNIRMAN,Art Nirman Limited,ARTNIRMAN.NS,ARTNIRMAN,1
ARVEE,Arvee Laboratories (India) Limited,ARVEE.NS,ARVEE,1
ARVIND,Arvind Limited,ARVIND.NS,ARVIND,1
ARVINDFASN,Arvind Fashions Limited,ARVINDFASN.NS,ARVINDFASN,1
ARVSMART,Arvind SmartSpaces Limited,ARVSMART.NS,ARVSMART,1
ASAHIINDIA,Asahi India Glass Limited,ASAHIINDIA.NS,ASAHIINDIA,1
ASAL,Automotive Stampings and Assemblies Limited,ASAL.NS,ASAL,1
ASALCBR,Associated Alcohols & Breweries Ltd.,ASALCBR.NS,ASALCBR,1
ASHAPURMIN,Ashapura Minechem Limited,ASHAPURMIN.NS,ASHAPURMIN,1
ASHIANA,Ashiana Housing Limited,ASHIANA.NS,ASHIANA,1
ASHIKAG,Ashika Global Securities Limited,ASHIKAG.NS,ASHIKAG,1
ASHIMASYN,Ashima Limited,ASHIMASYN.NS,ASHIMASYN,1
ASHOKA,Ashoka Buildcon Limited,ASHOKA.NS,ASHOKA,1
ASHOKAMET,Ashoka Metcast Limited,ASHOKAMET.NS,ASHOKAMET,1
ASHOKLEY,Ashok Leyland Limited,ASHOKLEY.NS,ASHOKLEY,1
ASIANENE,Asian Energy Services Limited,ASIANENE.NS,ASIANENE,1
ASIANHOTNR,Asian Hotels (North) Limited,ASIANHOTNR.NS,ASIANHOTNR,1
ASIANPAINT,Asian Paints,ASIANPAINT.NS,ASIANPAINT,1
ASIANTILES,Asian Granito India Limited,ASIANTILES.NS,ASIANTILES,1
ASKAUTOLTD,ASK Automotive Limited,ASKAUTOLTD.NS,ASKAUTOLTD,1
ASPINWALL,Aspinwall and Company Limited,ASPINWALL.NS,ASPINWALL,1
ASTAR,Asian Star Company Limited,ASTAR.NS,ASTAR,1
ASTEC,Astec LifeSciences Limited,ASTEC.NS,ASTEC,1
ASTERDM,Aster DM Quality Care Limited,ASTERDM.NS,ASTERDM,1
ASTRAL,Astral Limited,ASTRAL.NS,ASTRAL,1
ASTRAMICRO,Astra Microwave Products Limited,ASTRAMICRO.NS,ASTRAMICRO,1
ASTRAZEN,AstraZeneca Pharma India Limited,ASTRAZEN.NS,ASTRAZEN,1
ATALREAL,Atal Realtech Limited,ATALREAL.NS,ATALREAL,1
ATAM,Atam Valves Limited,ATAM.NS,ATAM,1
ATGL,Adani Total Gas Limited,ATGL.NS,ATGL,1
ATHERENERG,Ather Energy Limited,ATHERENERG.NS,ATHERENERG,1
ATL,Allcargo Terminals Limited,ATL.NS,ATL,1
ATLANTAA,ATLANTAA LIMITED,ATLANTAA.NS,ATLANTAA,1
ATLANTAELE,Atlanta Electricals Limited,ATLANTAELE.NS,ATLANTAELE,1
ATLASCYCLE,Atlas Cycles (Haryana) Limited,ATLASCYCLE.NS,ATLASCYCLE,1
ATUL,Atul Limited,ATUL.NS,ATUL,1
ATULAUTO,Atul Auto Limited,ATULAUTO.NS,ATULAUTO,1
AUBANK,AU Small Finance Bank Limited,AUBANK.NS,AUBANK,1
AURIONPRO,Aurionpro Solutions Limited,AURIONPRO.NS,AURIONPRO,1
AUROPHARMA,Aurobindo Pharma Limited,AUROPHARMA.NS,AUROPHARMA,1
AURUM,Aurum PropTech Limited,AURUM.NS,AURUM,1
AURUS,AURUS GEM CORPORATION LIMITED,AURUS.NS,AURUS,1
AUTOAXLES,Automotive Axles Limited,AUTOAXLES.NS,AUTOAXLES,1
AVADHSUGAR,Avadh Sugar & Energy Limited,AVADHSUGAR.NS,AVADHSUGAR,1
AVALON,Avalon Technologies Limited,AVALON.NS,AVALON,1
AVANTEL,Avantel Limited,AVANTEL.NS,AVANTEL,1
AVANTIFEED,Avanti Feeds Limited,AVANTIFEED.NS,AVANTIFEED,1
AVL,Aditya Vision Limited,AVL.NS,AVL,1
AVONMORE,Avonmore Capital & Management Services Limited,AVONMORE.NS,AVONMORE,1
AVROIND,AVRO INDIA LIMITED,AVROIND.NS,AVROIND,1
AVTNPL,AVT Natural Products Limited,AVTNPL.NS,AVTNPL,1
AWFIS,Awfis Space Solutions Limited,AWFIS.NS,AWFIS,1
AWHCL,Antony Waste Handling Cell Limited,AWHCL.NS,AWHCL,1
AWL,AWL Agri Business Limited,AWL.NS,AWL,1
AXISBANK,Axis Bank,AXISBANK.NS,AXISBANK,1
AXISCADES,AXISCADES Technologies Limited,AXISCADES.NS,AXISCADES,1
AXITA,Axita Cotton Limited,AXITA.NS,AXITA,1
AYE,Aye Finance Limited,AYE.NS,AYE,1
AYMSYNTEX,AYM Syntex Limited,AYMSYNTEX.NS,AYMSYNTEX,1
AZAD,Azad Engineering Limited,AZAD.NS,AZAD,1
BAGFILMS,B.A.G Films and Media Limited,BAGFILMS.NS,BAGFILMS,1
BAIDFIN,Baid Finserv Limited,BAIDFIN.NS,BAIDFIN,1
BAJAJ-AUTO,Bajaj Auto,BAJAJ-AUTO.NS,BAJAJ_AUTO,1
BAJAJCON,Bajaj Consumer Care Limited,BAJAJCON.NS,BAJAJCON,1
BAJAJELEC,Bajaj Electricals Limited,BAJAJELEC.NS,BAJAJELEC,1
BAJAJFINSV,Bajaj Finserv,BAJAJFINSV.NS,BAJAJFINSV,1
BAJAJHCARE,Bajaj Healthcare Limited,BAJAJHCARE.NS,BAJAJHCARE,1
BAJAJHFL,Bajaj Housing Finance Limited,BAJAJHFL.NS,BAJAJHFL,1
BAJAJHIND,Bajaj Hindusthan Sugar Limited,BAJAJHIND.NS,BAJAJHIND,1
BAJAJHLDNG,Bajaj Holdings & Investment Limited,BAJAJHLDNG.NS,BAJAJHLDNG,1
BAJAJINDEF,Indef Manufacturing Limited,BAJAJINDEF.NS,BAJAJINDEF,1
BAJAJST,Bajaj Steel Industries Limited,BAJAJST.NS,BAJAJST,1
BAJEL,Bajel Projects Limited,BAJEL.NS,BAJEL,1
BAJFINANCE,Bajaj Finance,BAJFINANCE.NS,BAJFINANCE,1
BALAJEE,Shree Tirupati Balajee Agro Trading Company Limited,BALAJEE.NS,BALAJEE,1
BALAJITELE,Balaji Telefilms Limited,BALAJITELE.NS,BALAJITELE,1
BALAMINES,Balaji Amines Limited,BALAMINES.NS,BALAMINES,1
BALAXI,BALAXI PHARMACEUTICALS LIMITED,BALAXI.NS,BALAXI,1
BALKRISHNA,Balkrishna Paper Mills Limited,BALKRISHNA.NS,BALKRISHNA,1
BALKRISIND,Balkrishna Industries Limited,BALKRISIND.NS,BALKRISIND,1
BALMLAWRIE,Balmer Lawrie & Company Limited,BALMLAWRIE.NS,BALMLAWRIE,1
BALPHARMA,Bal Pharma Limited,BALPHARMA.NS,BALPHARMA,1
BALRAMCHIN,Balrampur Chini Mills Limited,BALRAMCHIN.NS,BALRAMCHIN,1
BALUFORGE,Balu Forge Industries Limited,BALUFORGE.NS,BALUFORGE,1
BANARBEADS,Banaras Beads Limited,BANARBEADS.NS,BANARBEADS,1
BANARISUG,Bannari Amman Sugars Limited,BANARISUG.NS,BANARISUG,1
BANCOINDIA,Banco Products (I) Limited,BANCOINDIA.NS,BANCOINDIA,1
BANDHANBNK,Bandhan Bank Limited,BANDHANBNK.NS,BANDHANBNK,1
BANG,Bang Overseas Limited,BANG.NS,BANG,1
BANKBARODA,Bank of Baroda,BANKBARODA.NS,BANKBARODA,1
BANKINDIA,Bank of India,BANKINDIA.NS,BANKINDIA,1
BANSALWIRE,Bansal Wire Industries Limited,BANSALWIRE.NS,BANSALWIRE,1
BANSWRAS,Banswara Syntex Limited,BANSWRAS.NS,BANSWRAS,1
BASF,BASF India Limited,BASF.NS,BASF,1
BATAINDIA,Bata India Limited,BATAINDIA.NS,BATAINDIA,1
BATLIBOI,Batliboi Limited,BATLIBOI.NS,BATLIBOI,1
BAYERCROP,Bayer Cropscience Limited,BAYERCROP.NS,BAYERCROP,1
BBL,Bharat Bijlee Limited,BBL.NS,BBL,1
BBOX,Black Box Limited,BBOX.NS,BBOX,1
BBTC,The Bombay Burmah Trading Corporation Limited,BBTC.NS,BBTC,1
BBTCL,B&B Triplewall Containers Limited,BBTCL.NS,BBTCL,1
BCG,Brightcom Group Limited,BCG.NS,BCG,1
BCLIND,Bcl Industries Limited,BCLIND.NS,BCLIND,1
BCONCEPTS,Brand Concepts Limited,BCONCEPTS.NS,BCONCEPTS,1
BCPL,BCPL Railway Infrastructure Limited,BCPL.NS,BCPL,1
BDL,Bharat Dynamics Limited,BDL.NS,BDL,1
BEARDSELL,Beardsell Limited,BEARDSELL.NS,BEARDSELL,1
BECTORFOOD,Mrs. Bectors Food Specialities Limited,BECTORFOOD.NS,BECTORFOOD,1
BEDMUTHA,Bedmutha Industries Limited,BEDMUTHA.NS,BEDMUTHA,1
BEEKAY,Beekay Steel Industries Limited,BEEKAY.NS,BEEKAY,1
BEL,Bharat Electronics Limited,BEL.NS,BEL,1
BELLACASA,Bella Casa Fashion & Retail Limited,BELLACASA.NS,BELLACASA,1
BELRISE,Belrise Industries Limited,BELRISE.NS,BELRISE,1
BEML,BEML Limited,BEML.NS,BEML,1
BENGALASM,Bengal & Assam Company Limited,BENGALASM.NS,BENGALASM,1
BEPL,Bhansali Engineering Polymers Limited,BEPL.NS,BEPL,1
BERGEPAINT,Berger Paints (I) Limited,BERGEPAINT.NS,BERGEPAINT,1
BESTAGRO,Best Agrolife Limited,BESTAGRO.NS,BESTAGRO,1
BETA,Beta Drugs Limited,BETA.NS,BETA,1
BFINVEST,BF Investment Limited,BFINVEST.NS,BFINVEST,1
BFUTILITIE,BF Utilities Limited,BFUTILITIE.NS,BFUTILITIE,1
BHAGCHEM,Bhagiradha Chemicals & Industries Limited,BHAGCHEM.NS,BHAGCHEM,1
BHARATCOAL,Bharat Coking Coal Limited,BHARATCOAL.NS,BHARATCOAL,1
BHARATFORG,Bharat Forge Limited,BHARATFORG.NS,BHARATFORG,1
BHARATRAS,Bharat Rasayan Limited,BHARATRAS.NS,BHARATRAS,1
BHARATSE,Bharat Seats Limited,BHARATSE.NS,BHARATSE,1
BHARATWIRE,Bharat Wire Ropes Limited,BHARATWIRE.NS,BHARATWIRE,1
BHARTIARTL,Bharti Airtel,BHARTIARTL.NS,BHARTIARTL,1
BHARTIHEXA,Bharti Hexacom Limited,BHARTIHEXA.NS,BHARTIHEXA,1
BHEL,Bharat Heavy Electricals Limited,BHEL.NS,BHEL,1
BI,Bilcare Limited,BI.NS,BI,1
BIGBLOC,Bigbloc Construction Limited,BIGBLOC.NS,BIGBLOC,1
BIKAJI,Bikaji Foods International Limited,BIKAJI.NS,BIKAJI,1
BIL,Bhartiya International Limited,BIL.NS,BIL,1
BIMETAL,Bimetal Bearings Limited,BIMETAL.NS,BIMETAL,1
BIOCON,Biocon Limited,BIOCON.NS,BIOCON,1
BIOFILCHEM,Biofil Chemicals & Pharmaceuticals Limited,BIOFILCHEM.NS,BIOFILCHEM,1
BIRLACORPN,Birla Corporation Limited,BIRLACORPN.NS,BIRLACORPN,1
BIRLAMONEY,Aditya Birla Money Limited,BIRLAMONEY.NS,BIRLAMONEY,1
BIRLANU,BirlaNu Limited,BIRLANU.NS,BIRLANU,1
BIRLAPREC,Birla Precision Technologies Limited,BIRLAPREC.NS,BIRLAPREC,1
BLACKBUCK,BLACKBUCK LIMITED,BLACKBUCK.NS,BLACKBUCK,1
BLAL,BEML Land Assets Limited,BLAL.NS,BLAL,1
BLBLIMITED,BLB Limited,BLBLIMITED.NS,BLBLIMITED,1
BLIL,Balmer Lawrie Investments Limited,BLIL.NS,BLIL,1
BLKASHYAP,B. L. Kashyap and Sons Limited,BLKASHYAP.NS,BLKASHYAP,1
BLS,BLS International Services Limited,BLS.NS,BLS,1
BLSE,BLS E-Services Limited,BLSE.NS,BLSE,1
BLUEDART,Blue Dart Express Limited,BLUEDART.NS,BLUEDART,1
BLUEJET,Blue Jet Healthcare Limited,BLUEJET.NS,BLUEJET,1
BLUESTARCO,Blue Star Limited,BLUESTARCO.NS,BLUESTARCO,1
BLUESTONE,BlueStone Jewellery and Lifestyle Limited,BLUESTONE.NS,BLUESTONE,1
BLUSPRING,Bluspring Enterprises Limited,BLUSPRING.NS,BLUSPRING,1
BMWVENTLTD,BMW Ventures Limited,BMWVENTLTD.NS,BMWVENTLTD,1
BOHRAIND,Bohra Industries Limited,BOHRAIND.NS,BOHRAIND,1
BOMDYEING,Bombay Dyeing & Mfg Company Limited,BOMDYEING.NS,BOMDYEING,1
BONLON,Bonlon Industries Limited,BONLON.NS,BONLON,1
BORANA,Borana Weaves Limited,BORANA.NS,BORANA,1
BOROLTD,Borosil Limited,BOROLTD.NS,BOROLTD,1
BORORENEW,BOROSIL RENEWABLES LIMITED,BORORENEW.NS,BORORENEW,1
BOROSCI,Borosil Scientific Limited,BOROSCI.NS,BOROSCI,1
BOSCH-HCIL,BOSCH HOME COMFORT INDIA LIMITED,BOSCH-HCIL.NS,BOSCH_HCIL,0
BOSCHLTD,Bosch Limited,BOSCHLTD.NS,BOSCHLTD,1
BPCL,Bharat Petroleum,BPCL.NS,BPCL,1
BPL,BPL Limited,BPL.NS,BPL,1
BRIGADE,Brigade Enterprises Limited,BRIGADE.NS,BRIGADE,1
BRIGHOTEL,Brigade Hotel Ventures Limited,BRIGHOTEL.NS,BRIGHOTEL,1
BRITANNIA,Britannia Industries,BRITANNIA.NS,BRITANNIA,1
BRNL,Bharat Road Network Limited,BRNL.NS,BRNL,1
BSE,BSE Limited,BSE.NS,BSE,1
BSL,BSL Limited,BSL.NS,BSL,1
BSOFT,BIRLASOFT LIMITED,BSOFT.NS,BSOFT,1
BTML,Bodhi Tree Multimedia Limited,BTML.NS,BTML,1
BUILDPRO,Shankara Buildpro Limited,BUILDPRO.NS,BUILDPRO,1
BUTTERFLY,Butterfly Gandhimathi Appliances Limited,BUTTERFLY.NS,BUTTERFLY,1
BVCL,Barak Valley Cements Limited,BVCL.NS,BVCL,1
CAMLINFINE,Camlin Fine Sciences Limited,CAMLINFINE.NS,CAMLINFINE,1
CAMPUS,Campus Activewear Limited,CAMPUS.NS,CAMPUS,1
CAMS,Computer Age Management Services Limited,CAMS.NS,CAMS,1
CANBK,Canara Bank,CANBK.NS,CANBK,1
CANFINHOME,Can Fin Homes Limited,CANFINHOME.NS,CANFINHOME,1
CANHLIFE,Canara HSBC Life Insurance Company Limited,CANHLIFE.NS,CANHLIFE,1
CANTABIL,Cantabil Retail India Limited,CANTABIL.NS,CANTABIL,1
CAPACITE,Capacit'e Infraprojects Limited,CAPACITE.NS,CAPACITE,1
CAPILLARY,Capillary Technologies India Limited,CAPILLARY.NS,CAPILLARY,1
CAPITALSFB,Capital Small Finance Bank Limited,CAPITALSFB.NS,CAPITALSFB,1
CAPLIPOINT,Caplin Point Laboratories Limited,CAPLIPOINT.NS,CAPLIPOINT,1
CAPTRUST,Capital Trust Limited,CAPTRUST.NS,CAPTRUST,1
CARBORUNIV,Carborundum Universal Limited,CARBORUNIV.NS,CARBORUNIV,1
CARERATING,CARE Ratings Limited,CARERATING.NS,CARERATING,1
CARRARO,Carraro India Limited,CARRARO.NS,CARRARO,1
CARTRADE,Cartrade Tech Limited,CARTRADE.NS,CARTRADE,1
CARYSIL,CARYSIL LIMITED,CARYSIL.NS,CARYSIL,1
CASTROLIND,Castrol India Limited,CASTROLIND.NS,CASTROLIND,1
CCAVENUE,AvenuesAI Limited,CCAVENUE.NS,CCAVENUE,1
CCCL,Consolidated Construction Consortium Limited,CCCL.NS,CCCL,1
CCHHL,Country Club Hospitality & Holidays Limited,CCHHL.NS,CCHHL,1
CCL,CCL Products (India) Limited,CCL.NS,CCL,1
CDSL,Central Depository Services (India) Limited,CDSL.NS,CDSL,1
CEATLTD,CEAT Limited,CEATLTD.NS,CEATLTD,1
CEIGALL,Ceigall India Limited,CEIGALL.NS,CEIGALL,1
CEINSYS,Ceinsys Tech Limited,CEINSYS.NS,CEINSYS,1
CELEBRITY,Celebrity Fashions Limited,CELEBRITY.NS,CELEBRITY,1
CELLO,Cello World Limited,CELLO.NS,CELLO,1
CEMPRO,Cemindia Projects Limited,CEMPRO.NS,CEMPRO,1
CENTENKA,Century Enka Limited,CENTENKA.NS,CENTENKA,1
CENTEXT,Century Extrusions Limited,CENTEXT.NS,CENTEXT,1
CENTRALBK,Central Bank of India,CENTRALBK.NS,CENTRALBK,1
CENTRUM,Centrum Capital Limited,CENTRUM.NS,CENTRUM,1
CENTUM,Centum Electronics Limited,CENTUM.NS,CENTUM,1
CENTURYPLY,Century Plyboards (India) Limited,CENTURYPLY.NS,CENTURYPLY,1
CERA,Cera Sanitaryware Limited,CERA.NS,CERA,1
CESC,CESC Limited,CESC.NS,CESC,1
CEWATER,Concord Enviro Systems Limited,CEWATER.NS,CEWATER,1
CGCL,Capri Global Capital Limited,CGCL.NS,CGCL,1
CGPOWER,CG Power and Industrial Solutions Limited,CGPOWER.NS,CGPOWER,1
CHALET,Chalet Hotels Limited,CHALET.NS,CHALET,1
CHAMBLFERT,Chambal Fertilizers & Chemicals Limited,CHAMBLFERT.NS,CHAMBLFERT,1
CHEMPLASTS,Chemplast Sanmar Limited,CHEMPLASTS.NS,CHEMPLASTS,1
CHENNPETRO,Chennai Petroleum Corporation Limited,CHENNPETRO.NS,CHENNPETRO,1
CHEVIOT,Cheviot Company Limited,CHEVIOT.NS,CHEVIOT,1
CHOICEIN,Choice International Limited,CHOICEIN.NS,CHOICEIN,1
CHOLAFIN,Cholamandalam Investment and Finance Company Limited,CHOLAFIN.NS,CHOLAFIN,1
CHOLAHLDNG,Cholamandalam Financial Holdings Limited,CHOLAHLDNG.NS,CHOLAHLDNG,1
CIEINDIA,CIE Automotive India Limited,CIEINDIA.NS,CIEINDIA,1
CIFL,Capital India Finance Limited,CIFL.NS,CIFL,1
CINELINE,Cineline India Limited,CINELINE.NS,CINELINE,1
CINEVISTA,Cinevista Limited,CINEVISTA.NS,CINEVISTA,1
CIPLA,Cipla,CIPLA.NS,CIPLA,1
CLEAN,Clean Science and Technology Limited,CLEAN.NS,CLEAN,1
CLEANMAX,Clean Max Enviro Energy Solutions Limited,CLEANMAX.NS,CLEANMAX,1
CLSEL,Chaman Lal Setia Exports Limited,CLSEL.NS,CLSEL,1
CMPDI,Central Mine Planning & Design Institute Limited,CMPDI.NS,CMPDI,1
CMSINFO,CMS Info Systems Limited,CMSINFO.NS,CMSINFO,1
CNL,Creative Newtech Limited,CNL.NS,CNL,1
COALINDIA,Coal India,COALINDIA.NS,COALINDIA,1
COASTCORP,Coastal Corporation Limited,COASTCORP.NS,COASTCORP,1
COCHINSHIP,Cochin Shipyard Limited,COCHINSHIP.NS,COCHINSHIP,1
COCKERILL,John Cockerill India Limited,COCKERILL.NS,COCKERILL,1
COFORGE,Coforge Limited,COFORGE.NS,COFORGE,1
COHANCE,Cohance Lifesciences Limited,COHANCE.NS,COHANCE,1
COLPAL,Colgate Palmolive (India) Limited,COLPAL.NS,COLPAL,1
COMFINTE,Comfort Intech Limited,COMFINTE.NS,COMFINTE,1
COMPUSOFT,Compucom Software Limited,COMPUSOFT.NS,COMPUSOFT,1
COMSYN,Commercial Syn Bags Limited,COMSYN.NS,COMSYN,1
CONCOR,Container Corporation of India Limited,CONCOR.NS,CONCOR,1
CONCORDBIO,Concord Biotech Limited,CONCORDBIO.NS,CONCORDBIO,1
CONFIPET,Confidence Petroleum India Limited,CONFIPET.NS,CONFIPET,1
CONTROLPR,Control Print Limited,CONTROLPR.NS,CONTROLPR,1
CORALFINAC,Coral India Finance & Housing Limited,CORALFINAC.NS,CORALFINAC,1
COROMANDEL,Coromandel International Limited,COROMANDEL.NS,COROMANDEL,1
CORONA,CORONA Remedies Limited,CORONA.NS,CORONA,1
COSMOFIRST,COSMO FIRST LIMITED,COSMOFIRST.NS,COSMOFIRST,1
COUNCODOS,Country Condo's Limited,COUNCODOS.NS,COUNCODOS,1
CPEDU,Career Point Edutech Limited,CPEDU.NS,CPEDU,1
CPPLUS,Aditya Infotech Limited,CPPLUS.NS,CPPLUS,1
CRAFTSMAN,Craftsman Automation Limited,CRAFTSMAN.NS,CRAFTSMAN,1
CRAMC,Canara Robeco Asset Management Company Limited,CRAMC.NS,CRAMC,1
CREATIVEYE,Creative Eye Limited,CREATIVEYE.NS,CREATIVEYE,1
CREDITACC,CREDITACCESS GRAMEEN LIMITED,CREDITACC.NS,CREDITACC,1
CREST,Crest Ventures Limited,CREST.NS,CREST,1
CRISIL,Crisil Limited,CRISIL.NS,CRISIL,1
CRIZAC,Crizac Limited,CRIZAC.NS,CRIZAC,1
CROMPTON,Crompton Greaves Consumer Electricals Limited,CROMPTON.NS,CROMPTON,1
CROWN,Crown Lifters Limited,CROWN.NS,CROWN,1
CSBBANK,CSB Bank Limited,CSBBANK.NS,CSBBANK,1
CSLFINANCE,CSL Finance Limited,CSLFINANCE.NS,CSLFINANCE,1
CTE,Cambridge Technology Enterprises Limited,CTE.NS,CTE,1
CUB,City Union Bank Limited,CUB.NS,CUB,1
CUBEXTUB,Cubex Tubings Limited,CUBEXTUB.NS,CUBEXTUB,1
CUMMINSIND,Cummins India Limited,CUMMINSIND.NS,CUMMINSIND,1
CUPID,Cupid Limited,CUPID.NS,CUPID,1
CURAA,Cura Technologies Limited,CURAA.NS,CURAA,1
CYIENT,Cyient Limited,CYIENT.NS,CYIENT,1
CYIENTDLM,Cyient DLM Limited,CYIENTDLM.NS,CYIENTDLM,1
DABUR,Dabur India Limited,DABUR.NS,DABUR,1
DALBHARAT,Dalmia Bharat Limited,DALBHARAT.NS,DALBHARAT,1
DALMIASUG,Dalmia Bharat Sugar and Industries Limited,DALMIASUG.NS,DALMIASUG,1
DAMCAPITAL,Dam Capital Advisors Limited,DAMCAPITAL.NS,DAMCAPITAL,1
DANGEE,Dangee Dums Limited,DANGEE.NS,DANGEE,1
DATAMATICS,Datamatics Global Services Limited,DATAMATICS.NS,DATAMATICS,1
DATAPATTNS,Data Patterns (India) Limited,DATAPATTNS.NS,DATAPATTNS,1
DAVANGERE,Davangere Sugar Company Limited,DAVANGERE.NS,DAVANGERE,1
DBCORP,D.B.Corp Limited,DBCORP.NS,DBCORP,1
DBL,Dilip Buildcon Limited,DBL.NS,DBL,1
DBOL,Dhampur Bio Organics Limited,DBOL.NS,DBOL,1
DCAL,Dishman Carbogen Amcis Limited,DCAL.NS,DCAL,1
DCBBANK,DCB Bank Limited,DCBBANK.NS,DCBBANK,1
DCI,Dc Infotech And Communication Limited,DCI.NS,DCI,1
DCMFINSERV,DCM Financial Services Limited,DCMFINSERV.NS,DCMFINSERV,1
DCMSHRIRAM,DCM Shriram Limited,DCMSHRIRAM.NS,DCMSHRIRAM,1
DCMSRIND,DCM Shriram Industries Limited,DCMSRIND.NS,DCMSRIND,1
DCW,DCW Limited,DCW.NS,DCW,1
DCXINDIA,DCX Systems Limited,DCXINDIA.NS,DCXINDIA,1
DDEVPLSTIK,Ddev Plastiks Industries Limited,DDEVPLSTIK.NS,DDEVPLSTIK,1
DECCANCE,Deccan Cements Limited,DECCANCE.NS,DECCANCE,1
DECNGOLD,Deccan Gold Mines Limited,DECNGOLD.NS,DECNGOLD,1
DEEPAKFERT,Deepak Fertilizers and Petrochemicals Corporation Limited,DEEPAKFERT.NS,DEEPAKFERT,1
DEEPAKNTR,Deepak Nitrite Limited,DEEPAKNTR.NS,DEEPAKNTR,1
DEEPINDS,Deep Industries Limited,DEEPINDS.NS,DEEPINDS,1
DELHIVERY,Delhivery Limited,DELHIVERY.NS,DELHIVERY,1
DELTACORP,Delta Corp Limited,DELTACORP.NS,DELTACORP,1
DELTAMAGNT,Delta Manufacturing Limited,DELTAMAGNT.NS,DELTAMAGNT,1
DEN,Den Networks Limited,DEN.NS,DEN,1
DENORA,De Nora India Limited,DENORA.NS,DENORA,1
DENTA,Denta Water and Infra Solutions Limited,DENTA.NS,DENTA,1
DEVIT,Dev Information Technology Limited,DEVIT.NS,DEVIT,1
DEVX,Dev Accelerator Limited,DEVX.NS,DEVX,1
DEVYANI,Devyani International Limited,DEVYANI.NS,DEVYANI,1
DGCONTENT,Digicontent Limited,DGCONTENT.NS,DGCONTENT,1
DHAMPURSUG,Dhampur Sugar Mills Limited,DHAMPURSUG.NS,DHAMPURSUG,1
DHANBANK,Dhanlaxmi Bank Limited,DHANBANK.NS,DHANBANK,1
DHANUKA,Dhanuka Agritech Limited,DHANUKA.NS,DHANUKA,1
DHARMAJ,Dharmaj Crop Guard Limited,DHARMAJ.NS,DHARMAJ,1
DHUNINV,Dhunseri Investments Limited,DHUNINV.NS,DHUNINV,1
DIACABS,Diamond Power Infrastructure Limited,DIACABS.NS,DIACABS,1
DIAMINESQ,Diamines & Chemicals Limited,DIAMINESQ.NS,DIAMINESQ,1
DIAMONDYD,Prataap Snacks Limited,DIAMONDYD.NS,DIAMONDYD,1
DICIND,DIC India Limited,DICIND.NS,DICIND,1
DIFFNKG,Diffusion Engineers Limited,DIFFNKG.NS,DIFFNKG,1
DIGIDRIVE,Digidrive Distributors Limited,DIGIDRIVE.NS,DIGIDRIVE,1
DIGITIDE,Digitide Solutions Limited,DIGITIDE.NS,DIGITIDE,1
DIGJAMLMTD,Digjam Limited,DIGJAMLMTD.NS,DIGJAMLMTD,1
DISAQ,Disa India Limited,DISAQ.NS,DISAQ,1
DIVGIITTS,Divgi Torqtransfer Systems Limited,DIVGIITTS.NS,DIVGIITTS,1
DIVISLAB,Divi's Laboratories,DIVISLAB.NS,DIVISLAB,1
DIXON,Dixon Technologies (India) Limited,DIXON.NS,DIXON,1
DJML,DJ Mediaprint & Logistics Limited,DJML.NS,DJML,1
DLF,DLF Limited,DLF.NS,DLF,1
DLINKINDIA,D-Link (India) Limited,DLINKINDIA.NS,DLINKINDIA,1
DMART,Avenue Supermarts,DMART.NS,DMART,1
DMCC,DMCC SPECIALITY CHEMICALS LIMITED,DMCC.NS,DMCC,1
DNAMEDIA,Diligent Media Corporation Limited,DNAMEDIA.NS,DNAMEDIA,1
DODLA,Dodla Dairy Limited,DODLA.NS,DODLA,1
DOLATALGO,Dolat Algotech Limited,DOLATALGO.NS,DOLATALGO,1
DOLLAR,Dollar Industries Limited,DOLLAR.NS,DOLLAR,1
DOLPHIN,Dolphin Offshore Enterprises (India) Limited,DOLPHIN.NS,DOLPHIN,1
DOMS,DOMS Industries Limited,DOMS.NS,DOMS,1
DONEAR,Donear Industries Limited,DONEAR.NS,DONEAR,1
DPABHUSHAN,D. P. Abhushan Limited,DPABHUSHAN.NS,DPABHUSHAN,1
DRAGARWQ,Dr Agarwals Eye Hospital Limited,DRAGARWQ.NS,DRAGARWQ,1
DRCSYSTEMS,DRC Systems India Limited,DRCSYSTEMS.NS,DRCSYSTEMS,1
DREAMFOLKS,Dreamfolks Services Limited,DREAMFOLKS.NS,DREAMFOLKS,1
DREDGECORP,Dredging Corporation of India Limited,DREDGECORP.NS,DREDGECORP,1
DRREDDY,Dr. Reddy's Laboratories,DRREDDY.NS,DRREDDY,1
DSSL,Dynacons Systems & Solutions Limited,DSSL.NS,DSSL,1
DTIL,Dhunseri Tea & Industries Limited,DTIL.NS,DTIL,1
DUCON,Ducon Infratechnologies Limited,DUCON.NS,DUCON,1
DVL,Dhunseri Ventures Limited,DVL.NS,DVL,1
DWARKESH,Dwarikesh Sugar Industries Limited,DWARKESH.NS,DWARKESH,1
DYCL,Dynamic Cables Limited,DYCL.NS,DYCL,1
DYNAMATECH,Dynamatic Technologies Limited,DYNAMATECH.NS,DYNAMATECH,1
DYNPRO,Dynemic Products Limited,DYNPRO.NS,DYNPRO,1
E2E,E2E Networks Limited,E2E.NS,E2E,1
EASEMYTRIP,Easy Trip Planners Limited,EASEMYTRIP.NS,EASEMYTRIP,1
EBGNG,GNG Electronics Limited,EBGNG.NS,EBGNG,1
ECLERX,eClerx Services Limited,ECLERX.NS,ECLERX,1
EDELWEISS,Edelweiss Financial Services Limited,EDELWEISS.NS,EDELWEISS,1
EFCIL,EFC (I) Limited,EFCIL.NS,EFCIL,1
EICHERMOT,Eicher Motors,EICHERMOT.NS,EICHERMOT,1
EIDPARRY,EID Parry India Limited,EIDPARRY.NS,EIDPARRY,1
EIEL,Enviro Infra Engineers Limited,EIEL.NS,EIEL,1
EIHAHOTELS,EIH Associated Hotels Limited,EIHAHOTELS.NS,EIHAHOTELS,1
EIHOTEL,EIH Limited,EIHOTEL.NS,EIHOTEL,1
EIMCOELECO,Eimco Elecon (India) Limited,EIMCOELECO.NS,EIMCOELECO,1
EKC,Everest Kanto Cylinder Limited,EKC.NS,EKC,1
ELANTAS,Elantas Beck India Limited,ELANTAS.NS,ELANTAS,1
ELCIDIN,EL CID Investments Limited,ELCIDIN.NS,ELCIDIN,1
ELDEHSG,Eldeco Housing And Industries Limited,ELDEHSG.NS,ELDEHSG,1
ELECON,Elecon Engineering Company Limited,ELECON.NS,ELECON,1
ELECTCAST,Electrosteel Castings Limited,ELECTCAST.NS,ELECTCAST,1
ELECTHERM,Electrotherm (India) Limited,ELECTHERM.NS,ELECTHERM,1
ELGIEQUIP,Elgi Equipments Limited,ELGIEQUIP.NS,ELGIEQUIP,1
ELGIRUBCO,Elgi Rubber Company Limited,ELGIRUBCO.NS,ELGIRUBCO,1
ELIN,Elin Electronics Limited,ELIN.NS,ELIN,1
ELITECON,Elitecon International Limited,ELITECON.NS,ELITECON,1
ELLEN,Ellenbarrie Industrial Gases Limited,ELLEN.NS,ELLEN,1
ELPROINTL,Elpro International Limited,ELPROINTL.NS,ELPROINTL,1
EMAMILTD,Emami Limited,EMAMILTD.NS,EMAMILTD,1
EMBDL,Embassy Developments Limited,EMBDL.NS,EMBDL,1
EMCURE,Emcure Pharmaceuticals Limited,EMCURE.NS,EMCURE,1
EMIL,Electronics Mart India Limited,EMIL.NS,EMIL,1
EMKAY,Emkay Global Financial Services Limited,EMKAY.NS,EMKAY,1
EMMVEE,Emmvee Photovoltaic Power Limited,EMMVEE.NS,EMMVEE,1
EMSLIMITED,EMS Limited,EMSLIMITED.NS,EMSLIMITED,1
EMUDHRA,eMudhra Limited,EMUDHRA.NS,EMUDHRA,1
ENDURANCE,Endurance Technologies Limited,ENDURANCE.NS,ENDURANCE,1
ENERGYDEV,Energy Development Company Limited,ENERGYDEV.NS,ENERGYDEV,1
ENGINERSIN,Engineers India Limited,ENGINERSIN.NS,ENGINERSIN,1
ENIL,Entertainment Network (India) Limited,ENIL.NS,ENIL,1
ENRIN,Siemens Energy India Limited,ENRIN.NS,ENRIN,1
ENTERO,Entero Healthcare Solutions Limited,ENTERO.NS,ENTERO,1
EPACK,EPACK Durable Limited,EPACK.NS,EPACK,1
EPACKPEB,EPack Prefab Technologies Limited,EPACKPEB.NS,EPACKPEB,1
EPIGRAL,Epigral Limited,EPIGRAL.NS,EPIGRAL,1
EPL,EPL Limited,EPL.NS,EPL,1
EQUITASBNK,Equitas Small Finance Bank Limited,EQUITASBNK.NS,EQUITASBNK,1
ERIS,Eris Lifesciences Limited,ERIS.NS,ERIS,1
ESABINDIA,Esab India Limited,ESABINDIA.NS,ESABINDIA,1
ESAFSFB,ESAF Small Finance Bank Limited,ESAFSFB.NS,ESAFSFB,1
ESCORTS,Escorts Kubota Limited,ESCORTS.NS,ESCORTS,1
ESSARSHPNG,Essar Shipping Limited,ESSARSHPNG.NS,ESSARSHPNG,1
ESTER,Ester Industries Limited,ESTER.NS,ESTER,1
ETERNAL,ETERNAL LIMITED,ETERNAL.NS,ETERNAL,1
ETHOSLTD,Ethos Limited,ETHOSLTD.NS,ETHOSLTD,1
EUREKAFORB,Eureka Forbes Limited,EUREKAFORB.NS,EUREKAFORB,1
EUROBOND,Euro Panel Products Limited,EUROBOND.NS,EUROBOND,1
EUROPRATIK,Euro Pratik Sales Limited,EUROPRATIK.NS,EUROPRATIK,1
EVEREADY,Eveready Industries India Limited,EVEREADY.NS,EVEREADY,1
EXCELINDUS,Excel Industries Limited,EXCELINDUS.NS,EXCELINDUS,1
EXCELSOFT,Excelsoft Technologies Limited,EXCELSOFT.NS,EXCELSOFT,1
EXICOM,Exicom Tele-Systems Limited,EXICOM.NS,EXICOM,1
EXIDEIND,Exide Industries Limited,EXIDEIND.NS,EXIDEIND,1
EXPLEOSOL,Expleo Solutions Limited,EXPLEOSOL.NS,EXPLEOSOL,1
EXXARO,Exxaro Tiles Limited,EXXARO.NS,EXXARO,1
FABTECH,Fabtech Technologies Limited,FABTECH.NS,FABTECH,1
FACT,Fertilizers and Chemicals Travancore Limited,FACT.NS,FACT,1
FAZE3Q,Faze Three Limited,FAZE3Q.NS,FAZE3Q,1
FCL,Fineotex Chemical Limited,FCL.NS,FCL,1
FCSSOFT,FCS Software Solutions Limited,FCSSOFT.NS,FCSSOFT,1
FDC,FDC Limited,FDC.NS,FDC,1
FEDDERSHOL,Fedders Holding Limited,FEDDERSHOL.NS,FEDDERSHOL,1
FEDERALBNK,The Federal Bank  Limited,FEDERALBNK.NS,FEDERALBNK,1
FEDFINA,Fedbank Financial Services Limited,FEDFINA.NS,FEDFINA,1
FERMENTA,Fermenta Biotech Limited,FERMENTA.NS,FERMENTA,1
FIBERWEB,Fiberweb (India) Limited,FIBERWEB.NS,FIBERWEB,1
FIEMIND,Fiem Industries Limited,FIEMIND.NS,FIEMIND,1
FILATEX,Filatex India Limited,FILATEX.NS,FILATEX,1
FINCABLES,Finolex Cables Limited,FINCABLES.NS,FINCABLES,1
FINEORG,Fine Organic Industries Limited,FINEORG.NS,FINEORG,1
FINKURVE,Finkurve Financial Services Limited,FINKURVE.NS,FINKURVE,1
FINOPB,Fino Payments Bank Limited,FINOPB.NS,FINOPB,1
FINPIPE,Finolex Industries Limited,FINPIPE.NS,FINPIPE,1
FIRSTCRY,Brainbees Solutions Limited,FIRSTCRY.NS,FIRSTCRY,1
FISCHER,Fischer Medical Ventures Limited,FISCHER.NS,FISCHER,1
FIVESTAR,Five-Star Business Finance Limited,FIVESTAR.NS,FIVESTAR,1
FLAIR,Flair Writing Industries Limited,FLAIR.NS,FLAIR,1
FLUOROCHEM,Gujarat Fluorochemicals Limited,FLUOROCHEM.NS,FLUOROCHEM,1
FMGOETZE,Federal-Mogul Goetze (India) Limited.,FMGOETZE.NS,FMGOETZE,1
FOODSIN,Foods & Inns Limited,FOODSIN.NS,FOODSIN,1
FORCEMOT,FORCE MOTORS LTD,FORCEMOT.NS,FORCEMOT,1
FORTIS,Fortis Healthcare Limited,FORTIS.NS,FORTIS,1
FOSECOIND,Foseco India Limited,FOSECOIND.NS,FOSECOIND,1
FRACTAL,Fractal Analytics Limited,FRACTAL.NS,FRACTAL,1
FRONTSP,Frontier Springs Limited,FRONTSP.NS,FRONTSP,1
FSL,Firstsource Solutions Limited,FSL.NS,FSL,1
FUSION,Fusion Finance Limited,FUSION.NS,FUSION,1
GABRIEL,Gabriel India Limited,GABRIEL.NS,GABRIEL,1
GAEL,Gujarat Ambuja Exports Limited,GAEL.NS,GAEL,1
GAIL,GAIL (India) Limited,GAIL.NS,GAIL,1
GALAPREC,Gala Precision Engineering Limited,GALAPREC.NS,GALAPREC,1
GALAXYSURF,Galaxy Surfactants Limited,GALAXYSURF.NS,GALAXYSURF,1
GALLANTT,Gallantt Ispat Limited,GALLANTT.NS,GALLANTT,1
GANDHAR,Gandhar Oil Refinery (India) Limited,GANDHAR.NS,GANDHAR,1
GANDHITUBE,Gandhi Special Tubes Limited,GANDHITUBE.NS,GANDHITUBE,1
GANECOS,Ganesha Ecosphere Limited,GANECOS.NS,GANECOS,1
GANESHCP,Ganesh Consumer Products Limited,GANESHCP.NS,GANESHCP,1
GANESHHOU,GANESH HOUSING LIMITED,GANESHHOU.NS,GANESHHOU,1
GANGESSECU,Ganges Securities Limited,GANGESSECU.NS,GANGESSECU,1
GARFIBRES,Garware Technical Fibres Limited,GARFIBRES.NS,GARFIBRES,1
GARUDA,Garuda Construction and Engineering Limited,GARUDA.NS,GARUDA,1
GATECH,GACM Technologies Limited,GATECH.NS,GATECH,1
GATECHDVR,GACM Technologies Limited,GATECHDVR.NS,GATECHDVR,1
GATEWAY,Gateway Distriparks Limited,GATEWAY.NS,GATEWAY,1
GAYAHWS,Gayatri Highways Limited,GAYAHWS.NS,GAYAHWS,1
GCSL,Gretex Corporate Services Limited,GCSL.NS,GCSL,1
GEEKAYWIRE,Geekay Wires Limited,GEEKAYWIRE.NS,GEEKAYWIRE,1
GEMAROMA,Gem Aromatics Limited,GEMAROMA.NS,GEMAROMA,1
GENCON,Generic Engineering Construction and Projects Limited,GENCON.NS,GENCON,1
GENESYS,Genesys International Corporation Limited,GENESYS.NS,GENESYS,1
GENUSPAPER,Genus Paper & Boards Limited,GENUSPAPER.NS,GENUSPAPER,1
GENUSPOWER,Genus Power Infrastructures Limited,GENUSPOWER.NS,GENUSPOWER,1
GEOJITFSL,Geojit Financial Services Limited,GEOJITFSL.NS,GEOJITFSL,1
GESHIP,The Great Eastern Shipping Company Limited,GESHIP.NS,GESHIP,1
GFLLIMITED,GFL Limited,GFLLIMITED.NS,GFLLIMITED,1
GHCL,GHCL Limited,GHCL.NS,GHCL,1
GHCLTEXTIL,GHCL Textiles Limited,GHCLTEXTIL.NS,GHCLTEXTIL,1
GICHSGFIN,GIC Housing Finance Limited,GICHSGFIN.NS,GICHSGFIN,1
GICL,Globe International Carriers Limited,GICL.NS,GICL,1
GICRE,General Insurance Corporation of India,GICRE.NS,GICRE,1
GILLANDERS,Gillanders Arbuthnot & Company Limited,GILLANDERS.NS,GILLANDERS,1
GILLETTE,Gillette India Limited,GILLETTE.NS,GILLETTE,1
GIPCL,Gujarat Industries Power Company Limited,GIPCL.NS,GIPCL,1
GKENERGY,GK Energy Limited,GKENERGY.NS,GKENERGY,1
GKSL,Gujarat Kidney And Super Speciality Limited,GKSL.NS,GKSL,1
GKWLIMITED,GKW Limited,GKWLIMITED.NS,GKWLIMITED,1
GLAND,Gland Pharma Limited,GLAND.NS,GLAND,1
GLAXO,GlaxoSmithKline Pharmaceuticals Limited,GLAXO.NS,GLAXO,1
GLENMARK,Glenmark Pharmaceuticals Limited,GLENMARK.NS,GLENMARK,1
GLOBAL,Global Education Limited,GLOBAL.NS,GLOBAL,1
GLOBALVECT,Global Vectra Helicorp Limited,GLOBALVECT.NS,GLOBALVECT,1
GLOBE,GLOBE ENTERPRISES (INDIA) LIMITED,GLOBE.NS,GLOBE,1
GLOBECIVIL,Globe Civil Projects Limited,GLOBECIVIL.NS,GLOBECIVIL,1
GLOBUSSPR,Globus Spirits Limited,GLOBUSSPR.NS,GLOBUSSPR,1
GLOSTERLTD,Gloster Limited,GLOSTERLTD.NS,GLOSTERLTD,1
GMBREW,GM Breweries Limited,GMBREW.NS,GMBREW,1
GMDCLTD,Gujarat Mineral Development Corporation Limited,GMDCLTD.NS,GMDCLTD,1
GMMPFAUDLR,GMM Pfaudler Limited,GMMPFAUDLR.NS,GMMPFAUDLR,1
GMRAIRPORT,GMR AIRPORTS LIMITED,GMRAIRPORT.NS,GMRAIRPORT,1
GMRP&UI,GMR Power and Urban Infra Limited,GMRP&UI.NS,GMRP_UI,1
GNA,GNA Axles Limited,GNA.NS,GNA,1
GNFC,Gujarat Narmada Valley Fertilizers and Chemicals Limited,GNFC.NS,GNFC,1
GNRL,Gujarat Natural Resources Limited,GNRL.NS,GNRL,1
GOACARBON,Goa Carbon Limited,GOACARBON.NS,GOACARBON,1
GOCLCORP,GOCL Corporation Limited,GOCLCORP.NS,GOCLCORP,1
GOCOLORS,Go Fashion (India) Limited,GOCOLORS.NS,GOCOLORS,1
GODAVARIB,Godavari Biorefineries Limited,GODAVARIB.NS,GODAVARIB,1
GODFRYPHLP,Godfrey Phillips India Limited,GODFRYPHLP.NS,GODFRYPHLP,1
GODIGIT,Go Digit General Insurance Limited,GODIGIT.NS,GODIGIT,1
GODREJAGRO,Godrej Agrovet Limited,GODREJAGRO.NS,GODREJAGRO,1
GODREJCP,Godrej Consumer Products Limited,GODREJCP.NS,GODREJCP,1
GODREJIND,Godrej Industries Limited,GODREJIND.NS,GODREJIND,1
GODREJPROP,Godrej Properties Limited,GODREJPROP.NS,GODREJPROP,1
GOKEX,Gokaldas Exports Limited,GOKEX.NS,GOKEX,1
GOKUL,Gokul Refoils and Solvent Limited,GOKUL.NS,GOKUL,1
GOKULAGRO,Gokul Agro Resources Limited,GOKULAGRO.NS,GOKULAGRO,1
GOLDIAM,Goldiam International Limited,GOLDIAM.NS,GOLDIAM,1
GOODLUCK,Goodluck India Limited,GOODLUCK.NS,GOODLUCK,1
GOODYEAR,Goodyear India Limited,GOODYEAR.NS,GOODYEAR,1
GOPAL,Gopal Snacks Limited,GOPAL.NS,GOPAL,1
GOYALALUM,Goyal Aluminiums Limited,GOYALALUM.NS,GOYALALUM,1
GPIL,Godawari Power And Ispat limited,GPIL.NS,GPIL,1
GPPL,Gujarat Pipavav Port Limited,GPPL.NS,GPPL,1
GPTHEALTH,GPT Healthcare Limited,GPTHEALTH.NS,GPTHEALTH,1
GPTINFRA,GPT Infraprojects Limited,GPTINFRA.NS,GPTINFRA,1
GRANDOAK,Grand Oak Canyons Distillery Limited,GRANDOAK.NS,GRANDOAK,1
GRANULES,Granules India Limited,GRANULES.NS,GRANULES,1
GRAPHITE,Graphite India Limited,GRAPHITE.NS,GRAPHITE,1
GRASIM,Grasim Industries,GRASIM.NS,GRASIM,1
GRAUWEIL,Grauer & Weil India Limited,GRAUWEIL.NS,GRAUWEIL,1
GRAVISSHO,Graviss Hospitality Limited,GRAVISSHO.NS,GRAVISSHO,1
GRAVITA,Gravita India Limited,GRAVITA.NS,GRAVITA,1
GREAVESCOT,Greaves Cotton Limited,GREAVESCOT.NS,GREAVESCOT,1
GREENLAM,Greenlam Industries Limited,GREENLAM.NS,GREENLAM,1
GREENPANEL,Greenpanel Industries Limited,GREENPANEL.NS,GREENPANEL,1
GREENPLY,Greenply Industries Limited,GREENPLY.NS,GREENPLY,1
GREENPOWER,Orient Green Power Company Limited,GREENPOWER.NS,GREENPOWER,1
GRINDWELL,Grindwell Norton Limited,GRINDWELL.NS,GRINDWELL,1
GRINFRA,G R Infraprojects Limited,GRINFRA.NS,GRINFRA,1
GRMOVER,GRM Overseas Limited,GRMOVER.NS,GRMOVER,1
GROBTEA,The Grob Tea Company Limited,GROBTEA.NS,GROBTEA,1
GROWW,Billionbrains Garage Ventures Limited,GROWW.NS,GROWW,1
GRPLTD,GRP Limited,GRPLTD.NS,GRPLTD,1
GRSE,Garden Reach Shipbuilders & Engineers Limited,GRSE.NS,GRSE,1
GRWRHITECH,Garware Hi-Tech Films Limited,GRWRHITECH.NS,GRWRHITECH,1
GSFC,Gujarat State Fertilizers & Chemicals Limited,GSFC.NS,GSFC,1
GSLSU,Global Surfaces Limited,GSLSU.NS,GSLSU,1
GSPCROP,GSP Crop Science Limited,GSPCROP.NS,GSPCROP,1
GSS,GSS Infotech Limited,GSS.NS,GSS,1
GTL,GTL Limited,GTL.NS,GTL,1
GTLINFRA,GTL Infrastructure Limited,GTLINFRA.NS,GTLINFRA,1
GTPL,GTPL Hathway Limited,GTPL.NS,GTPL,1
GUFICBIO,Gufic Biosciences Limited,GUFICBIO.NS,GUFICBIO,1
GUJALKALI,Gujarat Alkalies and Chemicals Limited,GUJALKALI.NS,GUJALKALI,1
GUJAPOLLO,Gujarat Apollo Industries Limited,GUJAPOLLO.NS,GUJAPOLLO,1
GUJENERGY,GUJARAT ENERGY LIMITED,GUJENERGY.NS,GUJENERGY,1
GUJRAFFIA,Gujarat Raffia Industries Limited,GUJRAFFIA.NS,GUJRAFFIA,1
GUJTHEM,Gujarat Themis Biosyn Limited,GUJTHEM.NS,GUJTHEM,1
GULFOILLUB,Gulf Oil Lubricants India Limited,GULFOILLUB.NS,GULFOILLUB,1
GULPOLY,Gulshan Polyols Limited,GULPOLY.NS,GULPOLY,1
GVPIL,GE Power India Limited,GVPIL.NS,GVPIL,1
GVPTECH,GVP Infotech Limited,GVPTECH.NS,GVPTECH,1
GVT&D,GE Vernova T&D India Limited,GVT&D.NS,GVT_D,1
HAL,Hindustan Aeronautics Limited,HAL.NS,HAL,1
HALDER,Halder Venture Limited,HALDER.NS,HALDER,1
HALEOSLABS,HALEOS LABS LIMITED,HALEOSLABS.NS,HALEOSLABS,1
HAPPSTMNDS,Happiest Minds Technologies Limited,HAPPSTMNDS.NS,HAPPSTMNDS,1
HAPPYFORGE,Happy Forgings Limited,HAPPYFORGE.NS,HAPPYFORGE,1
HARDWYN,Hardwyn India Limited,HARDWYN.NS,HARDWYN,1
HARIOMPIPE,Hariom Pipe Industries Limited,HARIOMPIPE.NS,HARIOMPIPE,1
HARRMALAYA,Harrisons  Malayalam Limited,HARRMALAYA.NS,HARRMALAYA,1
HARSHA,Harsha Engineers International Limited,HARSHA.NS,HARSHA,1
HATHWAY,Hathway Cable & Datacom Limited,HATHWAY.NS,HATHWAY,1
HATSUN,Hatsun Agro Product Limited,HATSUN.NS,HATSUN,1
HAVELLS,Havells India Limited,HAVELLS.NS,HAVELLS,1
HAVISHA,Sri Havisha Hospitality and Infrastructure Limited,HAVISHA.NS,HAVISHA,1
HAWKINCOOK,Hawkins Cookers Limited,HAWKINCOOK.NS,HAWKINCOOK,1
HBESD,HB Estate Developers Limited,HBESD.NS,HBESD,1
HBLENGINE,HBL Engineering Limited,HBLENGINE.NS,HBLENGINE,1
HCC,Hindustan Construction Company Limited,HCC.NS,HCC,1
HCG,Healthcare Global Enterprises Limited,HCG.NS,HCG,1
HCL-INSYS,HCL Infosystems Limited,HCL-INSYS.NS,HCL_INSYS,0
HCLTECH,HCL Technologies,HCLTECH.NS,HCLTECH,1
HDBFS,HDB Financial Services Limited,HDBFS.NS,HDBFS,1
HDFCAMC,HDFC Asset Management Company Limited,HDFCAMC.NS,HDFCAMC,1
HDFCBANK,HDFC Bank,HDFCBANK.NS,HDFCBANK,1
HDFCLIFE,HDFC Life Insurance,HDFCLIFE.NS,HDFCLIFE,1
HEADSUP,Heads UP Ventures Limited,HEADSUP.NS,HEADSUP,1
HEALTHX,Health X Platform Limited,HEALTHX.NS,HEALTHX,1
HECPROJECT,HEC Infra Projects Limited,HECPROJECT.NS,HECPROJECT,1
HEG,HEG Limited,HEG.NS,HEG,1
HEIDELBERG,HeidelbergCement India Limited,HEIDELBERG.NS,HEIDELBERG,1
HEMIPROP,Hemisphere Properties India Limited,HEMIPROP.NS,HEMIPROP,1
HERANBA,Heranba Industries Limited,HERANBA.NS,HERANBA,1
HERITGFOOD,Heritage Foods Limited,HERITGFOOD.NS,HERITGFOOD,1
HEROMOTOCO,Hero MotoCorp,HEROMOTOCO.NS,HEROMOTOCO,1
HESTERBIO,Hester Biosciences Limited,HESTERBIO.NS,HESTERBIO,1
HEXATRADEX,Hexa Tradex Limited,HEXATRADEX.NS,HEXATRADEX,1
HEXT,Hexaware Technologies Limited,HEXT.NS,HEXT,1
HFCL,HFCL Limited,HFCL.NS,HFCL,1
HGINFRA,H.G. Infra Engineering Limited,HGINFRA.NS,HGINFRA,1
HGM,HandsOn Global Management (HGM) Limited,HGM.NS,HGM,1
HGS,Hinduja Global Solutions Limited,HGS.NS,HGS,1
HIKAL,Hikal Limited,HIKAL.NS,HIKAL,1
HILINFRA,Highway Infrastructure Limited,HILINFRA.NS,HILINFRA,1
HIMATSEIDE,Himatsingka Seide Limited,HIMATSEIDE.NS,HIMATSEIDE,1
HINDALCO,Hindalco Industries,HINDALCO.NS,HINDALCO,1
HINDCOMPOS,Hindustan Composites Limited,HINDCOMPOS.NS,HINDCOMPOS,1
HINDCON,Hindcon Chemicals Limited,HINDCON.NS,HINDCON,1
HINDCOPPER,Hindustan Copper Limited,HINDCOPPER.NS,HINDCOPPER,1
HINDOILEXP,Hindustan Oil Exploration Company Limited,HINDOILEXP.NS,HINDOILEXP,1
HINDPETRO,Hindustan Petroleum Corporation Limited,HINDPETRO.NS,HINDPETRO,1
HINDUNILVR,Hindustan Unilever,HINDUNILVR.NS,HINDUNILVR,1
HINDWAREAP,Hindware Home Innovation Limited,HINDWAREAP.NS,HINDWAREAP,1
HINDZINC,Hindustan Zinc Limited,HINDZINC.NS,HINDZINC,1
HIRECT,Hind Rectifiers Limited,HIRECT.NS,HIRECT,1
HISARMETAL,Hisar Metal Industries Limited,HISARMETAL.NS,HISARMETAL,1
HITECH,Hi-Tech Pipes Limited,HITECH.NS,HITECH,1
HLEGLAS,HLE Glascoat Limited,HLEGLAS.NS,HLEGLAS,1
HLVLTD,HLV LIMITED,HLVLTD.NS,HLVLTD,1
HMAAGRO,HMA Agro Industries Limited,HMAAGRO.NS,HMAAGRO,1
HMVL,Hindustan Media Ventures Limited,HMVL.NS,HMVL,1
HNDFDS,Hindustan Foods Limited,HNDFDS.NS,HNDFDS,1
HOMEFIRST,Home First Finance Company India Limited,HOMEFIRST.NS,HOMEFIRST,1
HONASA,Honasa Consumer Limited,HONASA.NS,HONASA,1
HONAUT,Honeywell Automation India Limited,HONAUT.NS,HONAUT,1
HONDAPOWER,Honda India Power Products Limited,HONDAPOWER.NS,HONDAPOWER,1
HPAL,HP Adhesives Limited,HPAL.NS,HPAL,1
HPIL,Hindprakash Industries Limited,HPIL.NS,HPIL,1
HPL,HPL Electric & Power Limited,HPL.NS,HPL,1
HSCL,Himadri Speciality Chemical Limited,HSCL.NS,HSCL,1
HTMEDIA,HT Media Limited,HTMEDIA.NS,HTMEDIA,1
HUBTOWN,Hubtown Limited,HUBTOWN.NS,HUBTOWN,1
HUDCO,Housing & Urban Development Corporation Limited,HUDCO.NS,HUDCO,1
HUHTAMAKI,Huhtamaki India Limited,HUHTAMAKI.NS,HUHTAMAKI,1
HYUNDAI,Hyundai Motor India Limited,HYUNDAI.NS,HYUNDAI,1
ICDSLTD,ICDS Limited,ICDSLTD.NS,ICDSLTD,1
ICEMAKE,Ice Make Refrigeration Limited,ICEMAKE.NS,ICEMAKE,1
ICICIAMC,ICICI Prudential Asset Management Company Limited,ICICIAMC.NS,ICICIAMC,1
ICICIBANK,ICICI Bank,ICICIBANK.NS,ICICIBANK,1
ICICIGI,ICICI Lombard General Insurance Company Limited,ICICIGI.NS,ICICIGI,1
ICICIPRULI,ICICI Prudential Life Insurance Company Limited,ICICIPRULI.NS,ICICIPRULI,1
ICIL,Indo Count Industries Limited,ICIL.NS,ICIL,1
ICRA,ICRA Limited,ICRA.NS,ICRA,1
IDBI,IDBI Bank Limited,IDBI.NS,IDBI,1
IDEA,Vodafone Idea Limited,IDEA.NS,IDEA,1
IDFCFIRSTB,IDFC First Bank Limited,IDFCFIRSTB.NS,IDFCFIRSTB,1
IEX,Indian Energy Exchange Limited,IEX.NS,IEX,1
IFBIND,IFB Industries Limited,IFBIND.NS,IFBIND,1
IFCI,IFCI Limited,IFCI.NS,IFCI,1
IFGLEXPOR,IFGL Refractories Limited,IFGLEXPOR.NS,IFGLEXPOR,1
IGARASHI,Igarashi Motors India Limited,IGARASHI.NS,IGARASHI,1
IGCL,Indogulf Cropsciences Limited,IGCL.NS,IGCL,1
IGIL,International Gemological Institute Limited,IGIL.NS,IGIL,1
IGL,Indraprastha Gas Limited,IGL.NS,IGL,1
IGPL,IG Petrochemicals Limited,IGPL.NS,IGPL,1
IIFL,IIFL Finance Limited,IIFL.NS,IIFL,1
IIFLCAPS,IIFL Capital Services Limited,IIFLCAPS.NS,IIFLCAPS,1
IITL,Industrial Investment Trust Limited,IITL.NS,IITL,1
IKIO,IKIO Technologies Limited,IKIO.NS,IKIO,1
IKS,Inventurus Knowledge Solutions Limited,IKS.NS,IKS,1
IMAGICAA,Imagicaaworld Entertainment Limited,IMAGICAA.NS,IMAGICAA,1
IMFA,Indian Metals & Ferro Alloys Limited,IMFA.NS,IMFA,1
IMPAL,India Motor Parts and Accessories Limited,IMPAL.NS,IMPAL,1
INA,Insolation Energy Limited,INA.NS,INA,1
INCREDIBLE,INCREDIBLE INDUSTRIES LIMITED,INCREDIBLE.NS,INCREDIBLE,1
INDBANK,Indbank Merchant Banking Services Limited,INDBANK.NS,INDBANK,1
INDGN,Indegene Limited,INDGN.NS,INDGN,1
INDHOTEL,The Indian Hotels Company Limited,INDHOTEL.NS,INDHOTEL,1
INDIACEM,The India Cements Limited,INDIACEM.NS,INDIACEM,1
INDIAGLYCO,India Glycols Limited,INDIAGLYCO.NS,INDIAGLYCO,1
INDIAMART,Indiamart Intermesh Limited,INDIAMART.NS,INDIAMART,1
INDIANB,Indian Bank,INDIANB.NS,INDIANB,1
INDIANCARD,Indian Card Clothing Company Limited,INDIANCARD.NS,INDIANCARD,1
INDIANHUME,Indian Hume Pipe Company Limited,INDIANHUME.NS,INDIANHUME,1
INDIASHLTR,India Shelter Finance Corporation Limited,INDIASHLTR.NS,INDIASHLTR,1
INDIGO,InterGlobe Aviation Limited,INDIGO.NS,INDIGO,1
INDIGOPNTS,Indigo Paints Limited,INDIGOPNTS.NS,INDIGOPNTS,1
INDIQUBE,Indiqube Spaces Limited,INDIQUBE.NS,INDIQUBE,1
INDNIPPON,India Nippon Electricals Limited,INDNIPPON.NS,INDNIPPON,1
INDOBORAX,Indo Borax & Chemicals Limited,INDOBORAX.NS,INDOBORAX,1
INDOCO,Indoco Remedies Limited,INDOCO.NS,INDOCO,1
INDOFARM,Indo Farm Equipment Limited,INDOFARM.NS,INDOFARM,1
INDORAMA,Indo Rama Synthetics (India) Limited,INDORAMA.NS,INDORAMA,1
INDOSTAR,IndoStar Capital Finance Limited,INDOSTAR.NS,INDOSTAR,1
INDOTHAI,Indo Thai Securities Limited,INDOTHAI.NS,INDOTHAI,1
INDOUS,Indo Us Biotech Limited,INDOUS.NS,INDOUS,1
INDPRUD,Industrial & Prudential Investment Company Limited,INDPRUD.NS,INDPRUD,1
INDRAMEDCO,Indraprastha Medical Corporation Limited,INDRAMEDCO.NS,INDRAMEDCO,1
INDSWFTLAB,Ind-Swift Laboratories Limited,INDSWFTLAB.NS,INDSWFTLAB,1
INDTERRAIN,Indian Terrain Fashions Limited,INDTERRAIN.NS,INDTERRAIN,1
INDUSINDBK,IndusInd Bank,INDUSINDBK.NS,INDUSINDBK,1
INDUSTOWER,Indus Towers Limited,INDUSTOWER.NS,INDUSTOWER,1
INFOBEAN,InfoBeans Technologies Limited,INFOBEAN.NS,INFOBEAN,1
INFOMEDIA,Infomedia Press Limited,INFOMEDIA.NS,INFOMEDIA,1
INFY,Infosys,INFY.NS,INFY,1
INGERRAND,Ingersoll Rand (India) Limited,INGERRAND.NS,INGERRAND,1
INNOVACAP,Innova Captab Limited,INNOVACAP.NS,INNOVACAP,1
INNOVANA,Innovana Thinklabs Limited,INNOVANA.NS,INNOVANA,1
INNOVISION,Innovision Limited,INNOVISION.NS,INNOVISION,1
INOXINDIA,INOX India Limited,INOXINDIA.NS,INOXINDIA,1
INOXWIND,Inox Wind Limited,INOXWIND.NS,INOXWIND,1
INSECTICID,Insecticides (India) Limited,INSECTICID.NS,INSECTICID,1
INTELLECT,Intellect Design Arena Limited,INTELLECT.NS,INTELLECT,1
INTENTECH,Intense Technologies Limited,INTENTECH.NS,INTENTECH,1
INTERARCH,Interarch Building Solutions Limited,INTERARCH.NS,INTERARCH,1
INTLCONV,International Conveyors Limited,INTLCONV.NS,INTLCONV,1
INVENTURE,Inventure Growth & Securities Limited,INVENTURE.NS,INVENTURE,1
IOB,Indian Overseas Bank,IOB.NS,IOB,1
IOC,Indian Oil Corporation Limited,IOC.NS,IOC,1
IOLCP,IOL Chemicals and Pharmaceuticals Limited,IOLCP.NS,IOLCP,1
IONEXCHANG,ION Exchange (India) Limited,IONEXCHANG.NS,IONEXCHANG,1
IPCALAB,IPCA Laboratories Limited,IPCALAB.NS,IPCALAB,1
IPL,India Pesticides Limited,IPL.NS,IPL,1
IRB,IRB Infrastructure Developers Limited,IRB.NS,IRB,1
IRCON,Ircon International Limited,IRCON.NS,IRCON,1
IRCTC,Indian Railway Catering And Tourism Corporation Limited,IRCTC.NS,IRCTC,1
IREDA,Indian Renewable Energy Development Agency Limited,IREDA.NS,IREDA,1
IRFC,Indian Railway Finance Corporation Limited,IRFC.NS,IRFC,1
IRIS,IRIS RegTech Solutions Limited,IRIS.NS,IRIS,1
IRISDOREME,Iris Clothings Limited,IRISDOREME.NS,IRISDOREME,1
IRMENERGY,IRM Energy Limited,IRMENERGY.NS,IRMENERGY,1
ISFT,Intrasoft Technologies Limited,ISFT.NS,ISFT,1
ISGEC,Isgec Heavy Engineering Limited,ISGEC.NS,ISGEC,1
ISHANCH,Ishan Dyes and Chemicals Limited,ISHANCH.NS,ISHANCH,1
ITC,ITC,ITC.NS,ITC,1
ITCHOTELS,ITC Hotels Limited,ITCHOTELS.NS,ITCHOTELS,1
ITDC,India Tourism Development Corporation Limited,ITDC.NS,ITDC,1
ITI,ITI Limited,ITI.NS,ITI,1
IVALUE,Ivalue Infosolutions Limited,IVALUE.NS,IVALUE,1
IVC,IL&FS Investment Managers Limited,IVC.NS,IVC,1
IWP,The Indian Wood Products Company Limited,IWP.NS,IWP,1
IXIGO,Le Travenues Technology Limited,IXIGO.NS,IXIGO,1
IZMO,IZMO Limited,IZMO.NS,IZMO,1
J&KBANK,The Jammu & Kashmir Bank Limited,J&KBANK.NS,J_KBANK,1
JAGRAN,Jagran Prakashan Limited,JAGRAN.NS,JAGRAN,1
JAGSNPHARM,Jagsonpal Pharmaceuticals Limited,JAGSNPHARM.NS,JAGSNPHARM,1
JAICORPLTD,Jai Corp Limited,JAICORPLTD.NS,JAICORPLTD,1
JAINREC,Jain Resource Recycling Limited,JAINREC.NS,JAINREC,1
JAIPURKURT,Nandani Creation Limited,JAIPURKURT.NS,JAIPURKURT,1
JAMNAAUTO,Jamna Auto Industries Limited,JAMNAAUTO.NS,JAMNAAUTO,1
JARO,Jaro Institute of Technology Management and Research Limited,JARO.NS,JARO,1
JASH,Jash Engineering Limited,JASH.NS,JASH,1
JAYAGROGN,Jayant Agro Organics Limited,JAYAGROGN.NS,JAYAGROGN,1
JAYBARMARU,Jay Bharat Maruti Limited,JAYBARMARU.NS,JAYBARMARU,1
JAYKAY,Jaykay Enterprises Limited,JAYKAY.NS,JAYKAY,1
JAYNECOIND,Jayaswal Neco Industries Limited,JAYNECOIND.NS,JAYNECOIND,1
JAYSREETEA,Jayshree Tea & Industries Limited,JAYSREETEA.NS,JAYSREETEA,1
JBMA,JBM Auto Limited,JBMA.NS,JBMA,1
JETFREIGHT,Jet Freight Logistics Limited,JETFREIGHT.NS,JETFREIGHT,1
JGCHEM,J.G.Chemicals Limited,JGCHEM.NS,JGCHEM,1
JHS,JHS Svendgaard Laboratories Limited,JHS.NS,JHS,1
JINDALPHOT,Jindal Photo Limited,JINDALPHOT.NS,JINDALPHOT,1
JINDALPOLY,Jindal Poly Films Limited,JINDALPOLY.NS,JINDALPOLY,1
JINDALSAW,Jindal Saw Limited,JINDALSAW.NS,JINDALSAW,1
JINDALSTEL,JINDAL STEEL LIMITED,JINDALSTEL.NS,JINDALSTEL,1
JINDRILL,Jindal Drilling And Industries Limited,JINDRILL.NS,JINDRILL,1
JINDWORLD,Jindal Worldwide Limited,JINDWORLD.NS,JINDWORLD,1
JIOFIN,Jio Financial Services Limited,JIOFIN.NS,JIOFIN,1
JISLDVREQS,Jain Irrigation Systems Limited,JISLDVREQS.NS,JISLDVREQS,1
JISLJALEQS,Jain Irrigation Systems Limited,JISLJALEQS.NS,JISLJALEQS,1
JITFINFRA,JITF Infralogistics Limited,JITFINFRA.NS,JITFINFRA,1
JKCEMENT,JK Cement Limited,JKCEMENT.NS,JKCEMENT,1
JKIL,J.Kumar Infraprojects Limited,JKIL.NS,JKIL,1
JKLAKSHMI,JK Lakshmi Cement Limited,JKLAKSHMI.NS,JKLAKSHMI,1
JKPAPER,JK Paper Limited,JKPAPER.NS,JKPAPER,1
JKTYRE,JK Tyre & Industries Limited,JKTYRE.NS,JKTYRE,1
JLHL,Jupiter Life Line Hospitals Limited,JLHL.NS,JLHL,1
JMA,Jullundur Motor Agency (Delhi) Limited,JMA.NS,JMA,1
JMFINANCIL,JM Financial Limited,JMFINANCIL.NS,JMFINANCIL,1
JNKINDIA,JNK India Limited,JNKINDIA.NS,JNKINDIA,1
JPOLYINVST,Jindal Poly Investment and Finance Company Limited,JPOLYINVST.NS,JPOLYINVST,1
JPPOWER,Jaiprakash Power Ventures Limited,JPPOWER.NS,JPPOWER,1
JSFB,Jana Small Finance Bank Limited,JSFB.NS,JSFB,1
JSL,Jindal Stainless Limited,JSL.NS,JSL,1
JSLL,Jeena Sikho Lifecare Limited,JSLL.NS,JSLL,1
JSWCEMENT,JSW Cement Limited,JSWCEMENT.NS,JSWCEMENT,1
JSWDULUX,JSW Dulux Limited,JSWDULUX.NS,JSWDULUX,1
JSWENERGY,JSW Energy Limited,JSWENERGY.NS,JSWENERGY,1
JSWHL,JSW Holdings Limited,JSWHL.NS,JSWHL,1
JSWINFRA,JSW Infrastructure Limited,JSWINFRA.NS,JSWINFRA,1
JSWSTEEL,JSW Steel,JSWSTEEL.NS,JSWSTEEL,1
JTEKTINDIA,Jtekt India Limited,JTEKTINDIA.NS,JTEKTINDIA,1
JTLIND,JTL INDUSTRIES LIMITED,JTLIND.NS,JTLIND,1
JUBLCPL,Jubilant Agri and Consumer Products Limited,JUBLCPL.NS,JUBLCPL,1
JUBLFOOD,Jubilant Foodworks Limited,JUBLFOOD.NS,JUBLFOOD,1
JUBLINGREA,Jubilant Ingrevia Limited,JUBLINGREA.NS,JUBLINGREA,1
JUBLPHARMA,Jubilant Pharmova Limited,JUBLPHARMA.NS,JUBLPHARMA,1
JUNIPER,Juniper Hotels Limited,JUNIPER.NS,JUNIPER,1
JUSTDIAL,Just Dial Limited,JUSTDIAL.NS,JUSTDIAL,1
JWL,Jupiter Wagons Limited,JWL.NS,JWL,1
JYOTHYLAB,Jyothy Labs Limited,JYOTHYLAB.NS,JYOTHYLAB,1
JYOTICNC,Jyoti CNC Automation Limited,JYOTICNC.NS,JYOTICNC,1
JYOTISTRUC,Jyoti Structures Limited,JYOTISTRUC.NS,JYOTISTRUC,1
KABRAEXTRU,Kabra Extrusion Technik Limited,KABRAEXTRU.NS,KABRAEXTRU,1
KAJARIACER,Kajaria Ceramics Limited,KAJARIACER.NS,KAJARIACER,1
KALAMANDIR,Sai Silks (Kalamandir) Limited,KALAMANDIR.NS,KALAMANDIR,1
KALPATARU,Kalpataru Limited,KALPATARU.NS,KALPATARU,1
KALYANIFRG,Kalyani Forge Limited,KALYANIFRG.NS,KALYANIFRG,1
KALYANKJIL,Kalyan Jewellers India Limited,KALYANKJIL.NS,KALYANKJIL,1
KAMAHOLD,Kama Holdings Limited,KAMAHOLD.NS,KAMAHOLD,1
KAMATHOTEL,Kamat Hotels (I) Limited,KAMATHOTEL.NS,KAMATHOTEL,1
KAMOPAINTS,Kamdhenu Ventures Limited,KAMOPAINTS.NS,KAMOPAINTS,1
KANANIIND,Kanani Industries Limited,KANANIIND.NS,KANANIIND,1
KANPRPLA,Kanpur Plastipack Limited,KANPRPLA.NS,KANPRPLA,1
KANSAINER,Kansai Nerolac Paints Limited,KANSAINER.NS,KANSAINER,1
KAPSTON,Kapston Services Limited,KAPSTON.NS,KAPSTON,1
KARMAENG,Karma Energy Limited,KARMAENG.NS,KARMAENG,1
KARURVYSYA,Karur Vysya Bank Limited,KARURVYSYA.NS,KARURVYSYA,1
KAVDEFENCE,Kavveri Defence & Wireless Technologies Limited,KAVDEFENCE.NS,KAVDEFENCE,1
KAYA,Kaya Limited,KAYA.NS,KAYA,1
KAYNES,Kaynes Technology India Limited,KAYNES.NS,KAYNES,1
KCP,KCP Limited,KCP.NS,KCP,1
KCPSUGIND,KCP Sugar and Industries Corporation Limited,KCPSUGIND.NS,KCPSUGIND,1
KDDL,KDDL Limited,KDDL.NS,KDDL,1
KEC,KEC International Limited,KEC.NS,KEC,1
KECL,Kirloskar Electric Company Limited,KECL.NS,KECL,1
KEEPLEARN,DSJ Keep Learning Limited,KEEPLEARN.NS,KEEPLEARN,1
KEI,KEI Industries Limited,KEI.NS,KEI,1
KELLTONTEC,Kellton Tech Solutions Limited,KELLTONTEC.NS,KELLTONTEC,1
KENNAMET,Kennametal India Limited,KENNAMET.NS,KENNAMET,1
KERNEX,Kernex Microsystems (India) Limited,KERNEX.NS,KERNEX,1
KEYFINSERV,Keynote Financial Services Limited,KEYFINSERV.NS,KEYFINSERV,1
KFINTECH,Kfin Technologies Limited,KFINTECH.NS,KFINTECH,1
KHAICHEM,Khaitan Chemicals & Fertilizers Limited,KHAICHEM.NS,KHAICHEM,1
KHANDSE,Khandwala Securities Limited,KHANDSE.NS,KHANDSE,1
KICL,Kalyani Investment Company Limited,KICL.NS,KICL,1
KIMS,Krishna Institute of Medical Sciences Limited,KIMS.NS,KIMS,1
KINGFA,Kingfa Science & Technology (India) Limited,KINGFA.NS,KINGFA,1
KIOCL,KIOCL Limited,KIOCL.NS,KIOCL,1
KIRANVYPAR,Kiran Vyapar Limited,KIRANVYPAR.NS,KIRANVYPAR,1
KIRIINDUS,Kiri Industries Limited,KIRIINDUS.NS,KIRIINDUS,1
KIRLFER,Kirloskar Ferrous Industries Limited,KIRLFER.NS,KIRLFER,1
KIRLOSBROS,Kirloskar Brothers Limited,KIRLOSBROS.NS,KIRLOSBROS,1
KIRLOSENG,Kirloskar Oil Engines Limited,KIRLOSENG.NS,KIRLOSENG,1
KIRLOSIND,Kirloskar Industries Limited,KIRLOSIND.NS,KIRLOSIND,1
KIRLPNU,Kirloskar Pneumatic Company Limited,KIRLPNU.NS,KIRLPNU,1
KISSHT,OnEMI Technology Solutions Limited,KISSHT.NS,KISSHT,1
KITEX,Kitex Garments Limited,KITEX.NS,KITEX,1
KKCL,Kewal Kiran Clothing Limited,KKCL.NS,KKCL,1
KLBRENG-B,Kilburn Engineering Limited,KLBRENG-B.NS,KLBRENG_B,0
KMEW,Knowledge Marine & Engineering Works Limited,KMEW.NS,KMEW,1
KMSUGAR,K.M.Sugar Mills Limited,KMSUGAR.NS,KMSUGAR,1
KNAGRI,KN Agri Resources Limited,KNAGRI.NS,KNAGRI,1
KNRCON,KNR Constructions Limited,KNRCON.NS,KNRCON,1
KOHINOOR,Kohinoor Foods Limited,KOHINOOR.NS,KOHINOOR,1
KOKUYOCMLN,Kokuyo Camlin Limited,KOKUYOCMLN.NS,KOKUYOCMLN,1
KOLTEPATIL,Kolte - Patil Developers Limited,KOLTEPATIL.NS,KOLTEPATIL,1
KOTAKBANK,Kotak Mahindra Bank,KOTAKBANK.NS,KOTAKBANK,1
KOTARISUG,Kothari Sugars And Chemicals Limited,KOTARISUG.NS,KOTARISUG,1
KOTHARIPET,Kothari Petrochemicals Limited,KOTHARIPET.NS,KOTHARIPET,1
KOTHARIPRO,Kothari Products Limited,KOTHARIPRO.NS,KOTHARIPRO,1
KOTIC,Kothari Industrial Corporation Limited,KOTIC.NS,KOTIC,1
KOVAI,Kovai Medical Center & Hospital Limited,KOVAI.NS,KOVAI,1
KPEL,K.P. Energy Limited,KPEL.NS,KPEL,1
KPIGREEN,KPI Green Energy Limited,KPIGREEN.NS,KPIGREEN,1
KPIL,Kalpataru Projects International Limited,KPIL.NS,KPIL,1
KPITTECH,KPIT Technologies Limited,KPITTECH.NS,KPITTECH,1
KPL,Kwality Pharmaceuticals Limited,KPL.NS,KPL,1
KPRMILL,K.P.R. Mill Limited,KPRMILL.NS,KPRMILL,1
KRBL,KRBL Limited,KRBL.NS,KRBL,1
KREBSBIO,Krebs Biochemicals and Industries Limited,KREBSBIO.NS,KREBSBIO,1
KRISHANA,Krishana Phoschem Limited,KRISHANA.NS,KRISHANA,1
KRISHIVAL,Krishival Foods Limited,KRISHIVAL.NS,KRISHIVAL,1
KRISHNADEF,Krishna Defence And Allied Industries Limited,KRISHNADEF.NS,KRISHNADEF,1
KRITIKA,Kritika Wires Limited,KRITIKA.NS,KRITIKA,1
KRITINUT,Kriti Nutrients Limited,KRITINUT.NS,KRITINUT,1
KRONOX,Kronox Lab Sciences Limited,KRONOX.NS,KRONOX,1
KROSS,Kross Limited,KROSS.NS,KROSS,1
KRSNAA,Krsnaa Diagnostics Limited,KRSNAA.NS,KRSNAA,1
KRYSTAL,Krystal Integrated Services Limited,KRYSTAL.NS,KRYSTAL,1
KSB,Ksb Limited,KSB.NS,KSB,1
KSCL,Kaveri Seed Company Limited,KSCL.NS,KSCL,1
KSHINTL,KSH International Limited,KSHINTL.NS,KSHINTL,1
KSL,Kalyani Steels Limited,KSL.NS,KSL,1
KSOLVES,Ksolves India Limited,KSOLVES.NS,KSOLVES,1
KSR,KSR Footwear Limited,KSR.NS,KSR,1
KTKBANK,The Karnataka Bank Limited,KTKBANK.NS,KTKBANK,1
KUANTUM,Kuantum Papers Limited,KUANTUM.NS,KUANTUM,1
KWIL,Kwality Wall's (India) Limited,KWIL.NS,KWIL,1
LAGNAM,Lagnam Spintex Limited,LAGNAM.NS,LAGNAM,1
LAHOTIOV,Lahoti Overseas Limited,LAHOTIOV.NS,LAHOTIOV,1
LAL,Lorenzini Apparels Limited,LAL.NS,LAL,1
LALPATHLAB,Dr. Lal Path Labs Ltd.,LALPATHLAB.NS,LALPATHLAB,1
LAMBODHARA,Lambodhara Textiles Limited,LAMBODHARA.NS,LAMBODHARA,1
LANCORHOL,Lancor Holdings Limited,LANCORHOL.NS,LANCORHOL,1
LANDMARK,Landmark Cars Limited,LANDMARK.NS,LANDMARK,1
LANDSMILL,Landsmill Green Limited,LANDSMILL.NS,LANDSMILL,1
LAOPALA,La Opala RG Limited,LAOPALA.NS,LAOPALA,1
LASA,Lasa Supergenerics Limited,LASA.NS,LASA,1
LATENTVIEW,Latent View Analytics Limited,LATENTVIEW.NS,LATENTVIEW,1
LAURUSLABS,Laurus Labs Limited,LAURUSLABS.NS,LAURUSLABS,1
LAXMICOT,Laxmi Cotspin Limited,LAXMICOT.NS,LAXMICOT,1
LAXMIDENTL,Laxmi Dental Limited,LAXMIDENTL.NS,LAXMIDENTL,1
LCCINFOTEC,LCC Infotech Limited,LCCINFOTEC.NS,LCCINFOTEC,1
LEMERITE,Le Merite Exports Limited,LEMERITE.NS,LEMERITE,1
LEMONTREE,Lemon Tree Hotels Limited,LEMONTREE.NS,LEMONTREE,1
LENSKART,Lenskart Solutions Limited,LENSKART.NS,LENSKART,1
LEXUS,Lexus Granito (India) Limited,LEXUS.NS,LEXUS,1
LFIC,Lakshmi Finance & Industrial Corporation Limited,LFIC.NS,LFIC,1
LGBBROSLTD,LG Balakrishnan & Bros Limited,LGBBROSLTD.NS,LGBBROSLTD,1
LGEINDIA,LG Electronics India Limited,LGEINDIA.NS,LGEINDIA,1
LGHL,Laxmi Goldorna House Limited,LGHL.NS,LGHL,1
LIBAS,Libas Consumer Products Limited,LIBAS.NS,LIBAS,1
LIBERTSHOE,Liberty Shoes Limited,LIBERTSHOE.NS,LIBERTSHOE,1
LICHSGFIN,LIC Housing Finance Limited,LICHSGFIN.NS,LICHSGFIN,1
LICI,Life Insurance Corporation Of India,LICI.NS,LICI,1
LIKHITHA,Likhitha Infrastructure Limited,LIKHITHA.NS,LIKHITHA,1
LINC,Linc Limited,LINC.NS,LINC,1
LINCOLN,Lincoln Pharmaceuticals Limited,LINCOLN.NS,LINCOLN,1
LINDEINDIA,Linde India Limited,LINDEINDIA.NS,LINDEINDIA,1
LLOYDSENGG,LLOYDS ENGINEERING WORKS LIMITED,LLOYDSENGG.NS,LLOYDSENGG,1
LLOYDSENT,Lloyds Enterprises Limited,LLOYDSENT.NS,LLOYDSENT,1
LLOYDSME,Lloyds Metals And Energy Limited,LLOYDSME.NS,LLOYDSME,1
LMW,LMW Limited,LMW.NS,LMW,1
LODHA,Lodha Developers Limited,LODHA.NS,LODHA,1
LORDSCHLO,Lords Chloro Alkali Limited,LORDSCHLO.NS,LORDSCHLO,1
LOTUSDEV,Sri Lotus Developers and Realty Limited,LOTUSDEV.NS,LOTUSDEV,1
LOTUSEYE,Lotus Eye Hospital and Institute Limited,LOTUSEYE.NS,LOTUSEYE,1
LOVABLE,Lovable Lingerie Limited,LOVABLE.NS,LOVABLE,1
LOYALTEX,Loyal Textile Mills Limited,LOYALTEX.NS,LOYALTEX,1
LPDC,Landmark Property Development Company Limited,LPDC.NS,LPDC,1
LT,Larsen & Toubro,LT.NS,LT,1
LTF,L&T Finance Limited,LTF.NS,LTF,1
LTFOODS,LT Foods Limited,LTFOODS.NS,LTFOODS,1
LTM,LTM Limited,LTM.NS,LTM,1
LTTS,L&T Technology Services Limited,LTTS.NS,LTTS,1
LUMAXIND,Lumax Industries Limited,LUMAXIND.NS,LUMAXIND,1
LUMAXTECH,Lumax Auto Technologies Limited,LUMAXTECH.NS,LUMAXTECH,1
LUPIN,Lupin Limited,LUPIN.NS,LUPIN,1
LUXIND,Lux Industries Limited,LUXIND.NS,LUXIND,1
LXCHEM,Laxmi Organic Industries Limited,LXCHEM.NS,LXCHEM,1
M&M,Mahindra & Mahindra,M&M.NS,M_M,1
M&MFIN,Mahindra & Mahindra Financial Services Limited,M&MFIN.NS,M_MFIN,1
MAANALU,Maan Aluminium Limited,MAANALU.NS,MAANALU,1
MACPOWER,Macpower CNC Machines Limited,MACPOWER.NS,MACPOWER,1
MADHAV,Madhav Marbles and Granites Limited,MADHAV.NS,MADHAV,1
MADHAVIPL,Madhav Infra Projects Limited,MADHAVIPL.NS,MADHAVIPL,1
MADRASFERT,Madras Fertilizers Limited,MADRASFERT.NS,MADRASFERT,1
MAFATIND,Mafatlal Industries Limited,MAFATIND.NS,MAFATIND,1
MAGADSUGAR,Magadh Sugar & Energy Limited,MAGADSUGAR.NS,MAGADSUGAR,1
MAGNUM,Magnum Ventures Limited,MAGNUM.NS,MAGNUM,1
MAHABANK,Bank of Maharashtra,MAHABANK.NS,MAHABANK,1
MAHAPEXLTD,Maha Rashtra Apex Corporation Limited,MAHAPEXLTD.NS,MAHAPEXLTD,1
MAHASTEEL,Mahamaya Steel Industries Limited,MAHASTEEL.NS,MAHASTEEL,1
MAHEPC,Mahindra EPC Irrigation Limited,MAHEPC.NS,MAHEPC,1
MAHLIFE,Mahindra Lifespace Developers Limited,MAHLIFE.NS,MAHLIFE,1
MAHLOG,Mahindra Logistics Limited,MAHLOG.NS,MAHLOG,1
MAHSCOOTER,Maharashtra Scooters Limited,MAHSCOOTER.NS,MAHSCOOTER,1
MAHSEAMLES,Maharashtra Seamless Limited,MAHSEAMLES.NS,MAHSEAMLES,1
MAITHANALL,Maithan Alloys Limited,MAITHANALL.NS,MAITHANALL,1
MAJESAUT,Majestic Auto Limited,MAJESAUT.NS,MAJESAUT,1
MALLCOM,Mallcom (India) Limited,MALLCOM.NS,MALLCOM,1
MALUPAPER,Malu Paper Mills Limited,MALUPAPER.NS,MALUPAPER,1
MAMATA,Mamata Machinery Limited,MAMATA.NS,MAMATA,1
MANAKALUCO,Manaksia Aluminium Company Limited,MANAKALUCO.NS,MANAKALUCO,1
MANAKCOAT,Manaksia Coated Metals & Industries Limited,MANAKCOAT.NS,MANAKCOAT,1
MANAKSIA,Manaksia Limited,MANAKSIA.NS,MANAKSIA,1
MANAKSTEEL,Manaksia Steels Limited,MANAKSTEEL.NS,MANAKSTEEL,1
MANALIPETC,Manali Petrochemicals Limited,MANALIPETC.NS,MANALIPETC,1
MANAPPURAM,Manappuram Finance Limited,MANAPPURAM.NS,MANAPPURAM,1
MANBA,Manba Finance Limited,MANBA.NS,MANBA,1
MANCREDIT,Mangal Credit and Fincorp Limited,MANCREDIT.NS,MANCREDIT,1
MANGALAM,Mangalam Drugs And Organics Limited,MANGALAM.NS,MANGALAM,1
MANGLMCEM,Mangalam Cement Limited,MANGLMCEM.NS,MANGLMCEM,1
MANINDS,Man Industries (India) Limited,MANINDS.NS,MANINDS,1
MANINFRA,Man Infraconstruction Limited,MANINFRA.NS,MANINFRA,1
MANKIND,Mankind Pharma Limited,MANKIND.NS,MANKIND,1
MANOMAY,Manomay Tex India Limited,MANOMAY.NS,MANOMAY,1
MANORAMA,Manorama Industries Limited,MANORAMA.NS,MANORAMA,1
MANYAVAR,Vedant Fashions Limited,MANYAVAR.NS,MANYAVAR,1
MAPMYINDIA,C.E. Info Systems Limited,MAPMYINDIA.NS,MAPMYINDIA,1
MARATHON,Marathon Nextgen Realty Limited,MARATHON.NS,MARATHON,1
MARICO,Marico Limited,MARICO.NS,MARICO,1
MARINE,Marine Electricals (India) Limited,MARINE.NS,MARINE,1
MARKOLINES,Markolines Pavement Technologies Limited,MARKOLINES.NS,MARKOLINES,1
MARKSANS,Marksans Pharma Limited,MARKSANS.NS,MARKSANS,1
MARSONS,Marsons Limited,MARSONS.NS,MARSONS,1
MARUTI,Maruti Suzuki,MARUTI.NS,MARUTI,1
MASFIN,MAS Financial Services Limited,MASFIN.NS,MASFIN,1
MASTEK,Mastek Limited,MASTEK.NS,MASTEK,1
MASTERTR,Master Trust Limited,MASTERTR.NS,MASTERTR,1
MATRIMONY,Matrimony.Com Limited,MATRIMONY.NS,MATRIMONY,1
MAXESTATES,Max Estates Limited,MAXESTATES.NS,MAXESTATES,1
MAXHEALTH,Max Healthcare Institute Limited,MAXHEALTH.NS,MAXHEALTH,1
MAXIND,Max India Limited,MAXIND.NS,MAXIND,1
MAYURUNIQ,Mayur Uniquoters Ltd,MAYURUNIQ.NS,MAYURUNIQ,1
MAZDOCK,Mazagon Dock Shipbuilders Limited,MAZDOCK.NS,MAZDOCK,1
MBAPL,Madhya Bharat Agro Products Limited,MBAPL.NS,MBAPL,1
MBEL,M & B Engineering Limited,MBEL.NS,MBEL,1
MCCHRLS-B,Mac Charles India Limited,MCCHRLS-B.NS,MCCHRLS_B,0
MCL,M TEK COPPER LIMITED,MCL.NS,MCL,1
MCLOUD,Magellanic Cloud Limited,MCLOUD.NS,MCLOUD,1
MCX,Multi Commodity Exchange of India Limited,MCX.NS,MCX,1
MEDANTA,Global Health Limited,MEDANTA.NS,MEDANTA,1
MEDIASSIST,Medi Assist Healthcare Services Limited,MEDIASSIST.NS,MEDIASSIST,1
MEDICAMEQ,Medicamen Biotech Limited,MEDICAMEQ.NS,MEDICAMEQ,1
MEDICO,Medico Remedies Limited,MEDICO.NS,MEDICO,1
MEDPLUS,Medplus Health Services Limited,MEDPLUS.NS,MEDPLUS,1
MEESHO,Meesho Limited,MEESHO.NS,MEESHO,1
MEGASTAR,Megastar Foods Limited,MEGASTAR.NS,MEGASTAR,1
MEIL,Mangal Electrical Industries Limited,MEIL.NS,MEIL,1
MENNPIS,Menon Pistons Limited,MENNPIS.NS,MENNPIS,1
MERCANTILE,Mercantile Ventures Limited,MERCANTILE.NS,MERCANTILE,1
METROBRAND,Metro Brands Limited,METROBRAND.NS,METROBRAND,1
METROGLOBL,Metroglobal Limited,METROGLOBL.NS,METROGLOBL,1
METROPOLIS,Metropolis Healthcare Limited,METROPOLIS.NS,METROPOLIS,1
MFML,Mahalaxmi Fabric Mills Limited,MFML.NS,MFML,1
MFSL,Max Financial Services Limited,MFSL.NS,MFSL,1
MGL,Mahanagar Gas Limited,MGL.NS,MGL,1
MHLXMIRU,Mahalaxmi Rubtech Limited,MHLXMIRU.NS,MHLXMIRU,1
MHRIL,Mahindra Holidays & Resorts India Limited,MHRIL.NS,MHRIL,1
MIDHANI,Mishra Dhatu Nigam Limited,MIDHANI.NS,MIDHANI,1
MIDWESTLTD,Midwest Limited,MIDWESTLTD.NS,MIDWESTLTD,1
MINDACORP,Minda Corporation Limited,MINDACORP.NS,MINDACORP,1
MINDTECK,Mindteck (India) Limited,MINDTECK.NS,MINDTECK,1
MIRZAINT,Mirza International Limited,MIRZAINT.NS,MIRZAINT,1
MITTAL,Mittal Life Style Limited,MITTAL.NS,MITTAL,1
MKPL,M K Proteins Limited,MKPL.NS,MKPL,1
MMFL,MM Forgings Limited,MMFL.NS,MMFL,1
MMP,MMP Industries Limited,MMP.NS,MMP,1
MMTC,MMTC Limited,MMTC.NS,MMTC,1
MOBIKWIK,One Mobikwik Systems Limited,MOBIKWIK.NS,MOBIKWIK,1
MODIRUBBER,Modi Rubber Limited,MODIRUBBER.NS,MODIRUBBER,1
MODIS,Modis Navnirman Limited,MODIS.NS,MODIS,1
MODTHREAD,Modern Threads (India) Limited,MODTHREAD.NS,MODTHREAD,1
MOHITIND,Mohit Industries Limited,MOHITIND.NS,MOHITIND,1
MOIL,MOIL Limited,MOIL.NS,MOIL,1
MOKSH,Moksh Ornaments Limited,MOKSH.NS,MOKSH,1
MOL,Meghmani Organics Limited,MOL.NS,MOL,1
MOLDTECH,Mold-Tek Technologies Limited,MOLDTECH.NS,MOLDTECH,1
MOLDTKPAC,Mold-Tek Packaging Limited,MOLDTKPAC.NS,MOLDTKPAC,1
MONARCH,Monarch Networth Capital Limited,MONARCH.NS,MONARCH,1
MONEYBOXX,Moneyboxx Finance Limited,MONEYBOXX.NS,MONEYBOXX,1
MONTECARLO,Monte Carlo Fashions Limited,MONTECARLO.NS,MONTECARLO,1
MOREPENLAB,Morepen Laboratories Limited,MOREPENLAB.NS,MOREPENLAB,1
MOSCHIP,Moschip Technologies Limited,MOSCHIP.NS,MOSCHIP,1
MOTHERSON,Samvardhana Motherson International Limited,MOTHERSON.NS,MOTHERSON,1
MOTILALOFS,Motilal Oswal Financial Services Limited,MOTILALOFS.NS,MOTILALOFS,1
MOTISONS,Motisons Jewellers Limited,MOTISONS.NS,MOTISONS,1
MPHASIS,MphasiS Limited,MPHASIS.NS,MPHASIS,1
MPSLTD,MPS Limited,MPSLTD.NS,MPSLTD,1
MRF,MRF Limited,MRF.NS,MRF,1
MRPL,Mangalore Refinery and Petrochemicals Limited,MRPL.NS,MRPL,1
MSPL,MSP Steel & Power Limited,MSPL.NS,MSPL,1
MSTCLTD,Mstc Limited,MSTCLTD.NS,MSTCLTD,1
MSUMI,Motherson Sumi Wiring India Limited,MSUMI.NS,MSUMI,1
MTNL,Mahanagar Telephone Nigam Limited,MTNL.NS,MTNL,1
MUFIN,Mufin Green Finance Limited,MUFIN.NS,MUFIN,1
MUFTI,Credo Brands Marketing Limited,MUFTI.NS,MUFTI,1
MUKANDLTD,Mukand Limited,MUKANDLTD.NS,MUKANDLTD,1
MUKKA,Mukka Proteins Limited,MUKKA.NS,MUKKA,1
MUNJALAU,Munjal Auto Industries Limited,MUNJALAU.NS,MUNJALAU,1
MUNJALSHOW,Munjal Showa Limited,MUNJALSHOW.NS,MUNJALSHOW,1
MURUDCERA,Murudeshwar Ceramics Limited,MURUDCERA.NS,MURUDCERA,1
MUTHOOTCAP,Muthoot Capital Services Limited,MUTHOOTCAP.NS,MUTHOOTCAP,1
MUTHOOTFIN,Muthoot Finance Limited,MUTHOOTFIN.NS,MUTHOOTFIN,1
MUTHOOTMF,Muthoot Microfin Limited,MUTHOOTMF.NS,MUTHOOTMF,1
MVGJL,Manoj Vaibhav Gems N Jewellers Limited,MVGJL.NS,MVGJL,1
MWL,Mangalam Worldwide Limited,MWL.NS,MWL,1
NACLIND,NACL Industries Limited,NACLIND.NS,NACLIND,1
NAGREEKCAP,Nagreeka Capital & Infrastructure Limited,NAGREEKCAP.NS,NAGREEKCAP,1
NAGREEKEXP,Nagreeka Exports Limited,NAGREEKEXP.NS,NAGREEKEXP,1
NAHARCAP,Nahar Capital and Financial Services Limited,NAHARCAP.NS,NAHARCAP,1
NAHARINDUS,Nahar Industrial Enterprises Limited,NAHARINDUS.NS,NAHARINDUS,1
NAHARPOLY,Nahar Poly Films Limited,NAHARPOLY.NS,NAHARPOLY,1
NAM-INDIA,Nippon Life India Asset Management Limited,NAM-INDIA.NS,NAM.INDIA,1
NARMADA,Narmada Agrobase Limited,NARMADA.NS,NARMADA,1
NATCAPSUQ,Natural Capsules Limited,NATCAPSUQ.NS,NATCAPSUQ,1
NATCOPHARM,Natco Pharma Limited,NATCOPHARM.NS,NATCOPHARM,1
NATHBIOGEN,Nath Bio-Genes (India) Limited,NATHBIOGEN.NS,NATHBIOGEN,1
NATIONALUM,National Aluminium Company Limited,NATIONALUM.NS,NATIONALUM,1
NATIONSTD,National Standard (India) Limited,NATIONSTD.NS,NATIONSTD,1
NAUKRI,Info Edge (India) Limited,NAUKRI.NS,NAUKRI,1
NAVA,NAVA LIMITED,NAVA.NS,NAVA,1
NAVINFLUOR,Navin Fluorine International Limited,NAVINFLUOR.NS,NAVINFLUOR,1
NAVKARCORP,Navkar Corporation Limited,NAVKARCORP.NS,NAVKARCORP,1
NAVNETEDUL,Navneet Education Limited,NAVNETEDUL.NS,NAVNETEDUL,1
NAZARA,Nazara Technologies Limited,NAZARA.NS,NAZARA,1
NBCC,NBCC (India) Limited,NBCC.NS,NBCC,1
NBIFIN,N. B. I. Industrial Finance Company Limited,NBIFIN.NS,NBIFIN,1
NCC,NCC Limited,NCC.NS,NCC,1
NCLIND,NCL Industries Limited,NCLIND.NS,NCLIND,1
NDGL,Naga Dhunseri Group Limited,NDGL.NS,NDGL,1
NDL,Nandan Denim Limited,NDL.NS,NDL,1
NDLVENTURE,NDL Ventures Limited,NDLVENTURE.NS,NDLVENTURE,1
NDRAUTO,Ndr Auto Components Limited,NDRAUTO.NS,NDRAUTO,1
NDTV,New Delhi Television Limited,NDTV.NS,NDTV,1
NELCAST,Nelcast Limited,NELCAST.NS,NELCAST,1
NELCO,NELCO Limited,NELCO.NS,NELCO,1
NEOGEN,Neogen Chemicals Limited,NEOGEN.NS,NEOGEN,1
NEPHROPLUS,Nephrocare Health Services Limited,NEPHROPLUS.NS,NEPHROPLUS,1
NESCO,Nesco Limited,NESCO.NS,NESCO,1
NESTLEIND,Nestle India,NESTLEIND.NS,NESTLEIND,1
NETWEB,Netweb Technologies India Limited,NETWEB.NS,NETWEB,1
NETWORK18,Network18 Media & Investments Limited,NETWORK18.NS,NETWORK18,1
NEULANDLAB,Neuland Laboratories Limited,NEULANDLAB.NS,NEULANDLAB,1
NEWGEN,Newgen Software Technologies Limited,NEWGEN.NS,NEWGEN,1
NEXTMEDIA,Next Mediaworks Limited,NEXTMEDIA.NS,NEXTMEDIA,1
NFL,National Fertilizers Limited,NFL.NS,NFL,1
NGLFINE,NGL Fine-Chem Limited,NGLFINE.NS,NGLFINE,1
NH,Narayana Hrudayalaya Ltd.,NH.NS,NH,1
NHPC,NHPC Limited,NHPC.NS,NHPC,1
NIACL,The New India Assurance Company Limited,NIACL.NS,NIACL,1
NIBE,NIBE Limited,NIBE.NS,NIBE,1
NIBL,NRB Industrial Bearings Limited,NIBL.NS,NIBL,1
NIITLTD,NIIT Limited,NIITLTD.NS,NIITLTD,1
NIITMTS,NIIT Learning Systems Limited,NIITMTS.NS,NIITMTS,1
NILAINFRA,Nila Infrastructures Limited,NILAINFRA.NS,NILAINFRA,1
NILASPACES,Nila Spaces Limited,NILASPACES.NS,NILASPACES,1
NILE,Nile Limited,NILE.NS,NILE,1
NILKAMAL,Nilkamal Limited,NILKAMAL.NS,NILKAMAL,1
NIPPOBATRY,Indo-National Limited,NIPPOBATRY.NS,NIPPOBATRY,1
NIRAJISPAT,Niraj Ispat Industries Limited,NIRAJISPAT.NS,NIRAJISPAT,0
NIRLON,Nirlon Limited,NIRLON.NS,NIRLON,1
NITCO,Nitco Limited,NITCO.NS,NITCO,1
NITINSPIN,Nitin Spinners Limited,NITINSPIN.NS,NITINSPIN,1
NITIRAJ,Nitiraj Engineers Limited,NITIRAJ.NS,NITIRAJ,1
NITTAGELA,Nitta Gelatin India Limited,NITTAGELA.NS,NITTAGELA,1
NIVABUPA,Niva Bupa Health Insurance Company Limited,NIVABUPA.NS,NIVABUPA,1
NKIND,NK Industries Limited,NKIND.NS,NKIND,1
NLCINDIA,NLC India Limited,NLCINDIA.NS,NLCINDIA,1
NMDC,NMDC Limited,NMDC.NS,NMDC,1
NOCIL,NOCIL Limited,NOCIL.NS,NOCIL,1
NORBTEAEXP,Norben Tea & Exports Limited,NORBTEAEXP.NS,NORBTEAEXP,1
NORTHARC,Northern Arc Capital Limited,NORTHARC.NS,NORTHARC,1
NOVARTIND,Novartis India Limited,NOVARTIND.NS,NOVARTIND,1
NPST,Network People Services Technologies Limited,NPST.NS,NPST,1
NRAIL,N R Agarwal Industries Limited,NRAIL.NS,NRAIL,1
NRBBEARING,NRB Bearing Limited,NRBBEARING.NS,NRBBEARING,1
NSIL,Nalwa Sons Investments Limited,NSIL.NS,NSIL,1
NSLNISP,NMDC Steel Limited,NSLNISP.NS,NSLNISP,1
NTPC,NTPC,NTPC.NS,NTPC,1
NTPCGREEN,NTPC Green Energy Limited,NTPCGREEN.NS,NTPCGREEN,1
NUCLEUS,Nucleus Software Exports Limited,NUCLEUS.NS,NUCLEUS,1
NURECA,Nureca Limited,NURECA.NS,NURECA,1
NUVAMA,Nuvama Wealth Management Limited,NUVAMA.NS,NUVAMA,1
NUVOCO,Nuvoco Vistas Corporation Limited,NUVOCO.NS,NUVOCO,1
NYKAA,FSN E-Commerce Ventures Limited,NYKAA.NS,NYKAA,1
OAL,Oriental Aromatics Limited,OAL.NS,OAL,1
OBCL,OBCL Limited,OBCL.NS,OBCL,1
OBEROIRLTY,Oberoi Realty Limited,OBEROIRLTY.NS,OBEROIRLTY,1
OFSS,Oracle Financial Services Software Limited,OFSS.NS,OFSS,1
OIL,Oil India Limited,OIL.NS,OIL,1
OLAELEC,Ola Electric Mobility Limited,OLAELEC.NS,OLAELEC,1
OLECTRA,Olectra Greentech Limited,OLECTRA.NS,OLECTRA,1
OMAXE,Omaxe Limited,OMAXE.NS,OMAXE,1
OMINFRAL,OM INFRA LIMITED,OMINFRAL.NS,OMINFRAL,1
OMNI,Omnitech Engineering Limited,OMNI.NS,OMNI,1
OMPOWER,Om Power Transmission Limited,OMPOWER.NS,OMPOWER,1
ONEPOINT,One Point One Solutions Limited,ONEPOINT.NS,ONEPOINT,1
ONESOURCE,Onesource Specialty Pharma Limited,ONESOURCE.NS,ONESOURCE,1
ONGC,Oil & Natural Gas Corp,ONGC.NS,ONGC,1
ONWARDTEC,Onward Technologies Limited,ONWARDTEC.NS,ONWARDTEC,1
OPTIEMUS,Optiemus Infracom Limited,OPTIEMUS.NS,OPTIEMUS,1
ORCHASP,Orchasp Limited,ORCHASP.NS,ORCHASP,1
ORCHPHARMA,Orchid Pharma Limited,ORCHPHARMA.NS,ORCHPHARMA,1
ORICONENT,Oricon Enterprises Limited,ORICONENT.NS,ORICONENT,1
ORIENTALTL,Oriental Trimex Limited,ORIENTALTL.NS,ORIENTALTL,1
ORIENTBELL,Orient Bell Limited,ORIENTBELL.NS,ORIENTBELL,1
ORIENTCEM,Orient Cement Limited,ORIENTCEM.NS,ORIENTCEM,1
ORIENTCER,ORIENT CERATECH LIMITED,ORIENTCER.NS,ORIENTCER,1
ORIENTELEC,Orient Electric Limited,ORIENTELEC.NS,ORIENTELEC,1
ORIENTHOT,Oriental Hotels Limited,ORIENTHOT.NS,ORIENTHOT,1
ORIENTPPR,Orient Paper & Industries Limited,ORIENTPPR.NS,ORIENTPPR,1
ORIENTTECH,Orient Technologies Limited,ORIENTTECH.NS,ORIENTTECH,1
ORISSAMINE,The Orissa Minerals Development Company Limited,ORISSAMINE.NS,ORISSAMINE,1
ORKLAINDIA,Orkla India Limited,ORKLAINDIA.NS,ORKLAINDIA,1
OSWALAGRO,Oswal Agro Mills Limited,OSWALAGRO.NS,OSWALAGRO,1
OSWALGREEN,Oswal Greentech Limited,OSWALGREEN.NS,OSWALGREEN,1
OSWALPUMPS,Oswal Pumps Limited,OSWALPUMPS.NS,OSWALPUMPS,1
OSWALSEEDS,ShreeOswal Seeds And Chemicals Limited,OSWALSEEDS.NS,OSWALSEEDS,1
PACEDIGITK,Pace Digitek Limited,PACEDIGITK.NS,PACEDIGITK,1
PAGEIND,Page Industries Limited,PAGEIND.NS,PAGEIND,1
PAISALO,Paisalo Digital Limited,PAISALO.NS,PAISALO,1
PAKKA,PAKKA LIMITED,PAKKA.NS,PAKKA,1
PALASHSECU,Palash Securities Limited,PALASHSECU.NS,PALASHSECU,1
PANACEABIO,Panacea Biotec Limited,PANACEABIO.NS,PANACEABIO,1
PANAMAPET,Panama Petrochem Limited,PANAMAPET.NS,PANAMAPET,1
PANSARI,Pansari Developers Limited,PANSARI.NS,PANSARI,1
PAR,Par Drugs And Chemicals Limited,PAR.NS,PAR,1
PARACABLES,Paramount Communications Limited,PARACABLES.NS,PARACABLES,1
PARADEEP,Paradeep Phosphates Limited,PARADEEP.NS,PARADEEP,1
PARAGMILK,Parag Milk Foods Limited,PARAGMILK.NS,PARAGMILK,1
PARAS,Paras Defence and Space Technologies Limited,PARAS.NS,PARAS,1
PARASPETRO,Paras Petrofils Limited,PARASPETRO.NS,PARASPETRO,1
PARKHOSPS,Park Medi World Limited,PARKHOSPS.NS,PARKHOSPS,1
PARKHOTELS,Apeejay Surrendra Park Hotels Limited,PARKHOTELS.NS,PARKHOTELS,1
PASHUPATI,Pashupati Cotspin Limited,PASHUPATI.NS,PASHUPATI,1
PATANJALI,Patanjali Foods Limited,PATANJALI.NS,PATANJALI,1
PATELENG,Patel Engineering Limited,PATELENG.NS,PATELENG,1
PATELRMART,Patel Retail Limited,PATELRMART.NS,PATELRMART,1
PAUSHAKLTD,Paushak Limited,PAUSHAKLTD.NS,PAUSHAKLTD,1
PAVNAIND,Pavna Industries Limited,PAVNAIND.NS,PAVNAIND,1
PAYTM,One 97 Communications Limited,PAYTM.NS,PAYTM,1
PCBL,PCBL Chemical Limited,PCBL.NS,PCBL,1
PCJEWELLER,PC Jeweller Limited,PCJEWELLER.NS,PCJEWELLER,1
PDMJEPAPER,Pudumjee Paper Products Limited,PDMJEPAPER.NS,PDMJEPAPER,1
PDSL,PDS Limited,PDSL.NS,PDSL,1
PENIND,Pennar Industries Limited,PENIND.NS,PENIND,1
PERSISTENT,Persistent Systems Limited,PERSISTENT.NS,PERSISTENT,1
PETRONET,Petronet LNG Limited,PETRONET.NS,PETRONET,1
PFC,Power Finance Corporation Limited,PFC.NS,PFC,1
PFIZER,Pfizer Limited,PFIZER.NS,PFIZER,1
PFOCUS,Prime Focus Limited,PFOCUS.NS,PFOCUS,1
PFS,PTC India Financial Services Limited,PFS.NS,PFS,1
PGEL,PG Electroplast Limited,PGEL.NS,PGEL,1
PGHH,Procter & Gamble Hygiene and Health Care Limited,PGHH.NS,PGHH,1
PGHL,Procter & Gamble Health Limited,PGHL.NS,PGHL,1
PGIL,Pearl Global Industries Limited,PGIL.NS,PGIL,1
PHOENIXLTD,The Phoenix Mills Limited,PHOENIXLTD.NS,PHOENIXLTD,1
PICCADIL,Piccadily Agro Industries Limited,PICCADIL.NS,PICCADIL,1
PIDILITIND,Pidilite Industries,PIDILITIND.NS,PIDILITIND,1
PIGL,Power & Instrumentation (Gujarat) Limited,PIGL.NS,PIGL,1
PIIND,PI Industries Limited,PIIND.NS,PIIND,1
PILANIINVS,Pilani Investment and Industries Corporation Limited,PILANIINVS.NS,PILANIINVS,1
PINELABS,Pine Labs Limited,PINELABS.NS,PINELABS,1
PIONEEREMB,Pioneer Embroideries Limited,PIONEEREMB.NS,PIONEEREMB,1
PIRAMALFIN,Piramal Finance Limited,PIRAMALFIN.NS,PIRAMALFIN,1
PITTIENG,Pitti Engineering Limited,PITTIENG.NS,PITTIENG,1
PIXTRANS,Pix Transmissions Limited,PIXTRANS.NS,PIXTRANS,1
PKTEA,The Peria Karamalai Tea & Produce Company Limited,PKTEA.NS,PKTEA,1
PLASTIBLEN,Plastiblends India Limited,PLASTIBLEN.NS,PLASTIBLEN,1
PLATIND,Platinum Industries Limited,PLATIND.NS,PLATIND,1
PML,Paul Merchants Limited,PML.NS,PML,1
PNB,Punjab National Bank,PNB.NS,PNB,1
PNBGILTS,PNB Gilts Limited,PNBGILTS.NS,PNBGILTS,1
PNBHOUSING,PNB Housing Finance Limited,PNBHOUSING.NS,PNBHOUSING,1
PNC,Pritish Nandy Communications Limited,PNC.NS,PNC,1
PNCINFRA,PNC Infratech Limited,PNCINFRA.NS,PNCINFRA,1
PNGJL,P N Gadgil Jewellers Limited,PNGJL.NS,PNGJL,1
PNGSREVA,PNGS Reva Diamond Jewellery Limited,PNGSREVA.NS,PNGSREVA,1
POCL,Pondy Oxides & Chemicals Limited,POCL.NS,POCL,1
PODDARMENT,Poddar Pigments Limited,PODDARMENT.NS,PODDARMENT,1
POKARNA,Pokarna Limited,POKARNA.NS,POKARNA,1
POLICYBZR,PB Fintech Limited,POLICYBZR.NS,POLICYBZR,1
POLYCAB,Polycab India Limited,POLYCAB.NS,POLYCAB,1
POLYMED,Poly Medicure Limited,POLYMED.NS,POLYMED,1
POLYPLEX,Polyplex Corporation Limited,POLYPLEX.NS,POLYPLEX,1
PONNIERODE,Ponni Sugars (Erode) Limited,PONNIERODE.NS,PONNIERODE,1
POONAWALLA,Poonawalla Fincorp Limited,POONAWALLA.NS,POONAWALLA,1
POWERGRID,Power Grid Corp,POWERGRID.NS,POWERGRID,1
POWERICA,Powerica Limited,POWERICA.NS,POWERICA,1
POWERINDIA,Hitachi Energy India Limited,POWERINDIA.NS,POWERINDIA,1
POWERMECH,Power Mech Projects Limited,POWERMECH.NS,POWERMECH,1
PPLPHARMA,Piramal Pharma Limited,PPLPHARMA.NS,PPLPHARMA,1
PRABHA,Prabha Energy Limited,PRABHA.NS,PRABHA,1
PRAENG,Prajay Engineers Syndicate Limited,PRAENG.NS,PRAENG,1
PRAJIND,Praj Industries Limited,PRAJIND.NS,PRAJIND,1
PRAKASH,Prakash Industries Limited,PRAKASH.NS,PRAKASH,1
PRAKASHSTL,Prakash Steelage Limited,PRAKASHSTL.NS,PRAKASHSTL,1
PRAVEG,Praveg Limited,PRAVEG.NS,PRAVEG,1
PRECAM,Precision Camshafts Limited,PRECAM.NS,PRECAM,1
PRECOT,Precot Limited,PRECOT.NS,PRECOT,1
PRECWIRE,Precision Wires India Limited,PRECWIRE.NS,PRECWIRE,1
PREMCO,Premco Global Limited,PREMCO.NS,PREMCO,1
PREMEXPLN,Premier Explosives Limited,PREMEXPLN.NS,PREMEXPLN,1
PREMIERENE,Premier Energies Limited,PREMIERENE.NS,PREMIERENE,1
PREMIERPOL,Premier Polyfilm Limited,PREMIERPOL.NS,PREMIERPOL,1
PRESTIGE,Prestige Estates Projects Limited,PRESTIGE.NS,PRESTIGE,1
PRICOLLTD,Pricol Limited,PRICOLLTD.NS,PRICOLLTD,1
PRIMESECU,Prime Securities Limited,PRIMESECU.NS,PRIMESECU,1
PRIMO,Primo Chemicals Limited,PRIMO.NS,PRIMO,1
PRINCEPIPE,Prince Pipes And Fittings Limited,PRINCEPIPE.NS,PRINCEPIPE,1
PRIVISCL,Privi Speciality Chemicals Limited,PRIVISCL.NS,PRIVISCL,1
PROSTARM,Prostarm Info Systems Limited,PROSTARM.NS,PROSTARM,1
PROTEAN,Protean eGov Technologies Limited,PROTEAN.NS,PROTEAN,1
PROZONER,Prozone Realty Limited,PROZONER.NS,PROZONER,1
PRSMJOHNSN,Prism Johnson Limited,PRSMJOHNSN.NS,PRSMJOHNSN,1
PRUDENT,Prudent Corporate Advisory Services Limited,PRUDENT.NS,PRUDENT,1
PSB,Punjab & Sind Bank,PSB.NS,PSB,1
PSPPROJECT,PSP Projects Limited,PSPPROJECT.NS,PSPPROJECT,1
PTC,PTC India Limited,PTC.NS,PTC,1
PTCIL,PTC Industries Limited,PTCIL.NS,PTCIL,1
PTL,PTL Enterprises Limited,PTL.NS,PTL,1
PUNJABCHEM,Punjab Chemicals & Crop Protection Limited,PUNJABCHEM.NS,PUNJABCHEM,1
PURVA,Puravankara Limited,PURVA.NS,PURVA,1
PVP,PVP Ventures Limited,PVP.NS,PVP,1
PVRINOX,PVR INOX Limited,PVRINOX.NS,PVRINOX,1
PVSL,Popular Vehicles and Services Limited,PVSL.NS,PVSL,1
PWL,Physicswallah Limited,PWL.NS,PWL,1
PYRAMID,Pyramid Technoplast Limited,PYRAMID.NS,PYRAMID,1
QMSMEDI,QMS Medical Allied Services Limited,QMSMEDI.NS,QMSMEDI,1
QUADFUTURE,Quadrant Future Tek Limited,QUADFUTURE.NS,QUADFUTURE,1
QUESS,Quess Corp Limited,QUESS.NS,QUESS,1
QUINT,Quint Digital Limited,QUINT.NS,QUINT,1
RACE,Race Eco Chain Limited,RACE.NS,RACE,1
RACLGEAR,RACL Geartech Limited,RACLGEAR.NS,RACLGEAR,1
RADAAN,Radaan Mediaworks India Limited,RADAAN.NS,RADAAN,1
RADHIKAJWE,Radhika Jeweltech Limited,RADHIKAJWE.NS,RADHIKAJWE,1
RADIANTCMS,Radiant Cash Management Services Limited,RADIANTCMS.NS,RADIANTCMS,1
RADICO,Radico Khaitan Limited,RADICO.NS,RADICO,1
RADIOCITY,Music Broadcast Limited,RADIOCITY.NS,RADIOCITY,1
RAILTEL,Railtel Corporation Of India Limited,RAILTEL.NS,RAILTEL,1
RAIN,Rain Industries Limited,RAIN.NS,RAIN,1
RAINBOW,Rainbow Childrens Medicare Limited,RAINBOW.NS,RAINBOW,1
RAJMET,Rajnandini Metal Limited,RAJMET.NS,RAJMET,1
RAJPALAYAM,Rajapalayam Mills Limited,RAJPALAYAM.NS,RAJPALAYAM,1
RAJRATAN,Rajratan Global Wire Limited,RAJRATAN.NS,RAJRATAN,1
RAJSREESUG,Rajshree Sugars & Chemicals Limited,RAJSREESUG.NS,RAJSREESUG,1
RAJTV,Raj Television Network Limited,RAJTV.NS,RAJTV,1
RALLIS,Rallis India Limited,RALLIS.NS,RALLIS,1
RAMANEWS,Shree Rama Newsprint Limited,RAMANEWS.NS,RAMANEWS,1
RAMAPHO,Rama Phosphates Limited,RAMAPHO.NS,RAMAPHO,1
RAMCOCEM,The Ramco Cements Limited,RAMCOCEM.NS,RAMCOCEM,1
RAMCOIND,Ramco Industries Limited,RAMCOIND.NS,RAMCOIND,1
RAMCOSYS,Ramco Systems Limited,RAMCOSYS.NS,RAMCOSYS,1
RAMKY,Ramky Infrastructure Limited,RAMKY.NS,RAMKY,1
RAMRAT,Ram Ratna Wires Limited,RAMRAT.NS,RAMRAT,1
RANASUG,Rana Sugars Limited,RANASUG.NS,RANASUG,1
RANEHOLDIN,Rane Holdings Limited,RANEHOLDIN.NS,RANEHOLDIN,1
RATEGAIN,Rategain Travel Technologies Limited,RATEGAIN.NS,RATEGAIN,1
RATNAMANI,Ratnamani Metals & Tubes Limited,RATNAMANI.NS,RATNAMANI,1
RATNAVEER,Ratnaveer Precision Engineering Limited,RATNAVEER.NS,RATNAVEER,1
RAYMOND,Raymond Limited,RAYMOND.NS,RAYMOND,1
RAYMONDLSL,Raymond Lifestyle Limited,RAYMONDLSL.NS,RAYMONDLSL,1
RAYMONDREL,Raymond Realty Limited,RAYMONDREL.NS,RAYMONDREL,1
RBA,Restaurant Brands Asia Limited,RBA.NS,RBA,1
RBLBANK,RBL Bank Limited,RBLBANK.NS,RBLBANK,1
RBZJEWEL,RBZ Jewellers Limited,RBZJEWEL.NS,RBZJEWEL,1
RCF,Rashtriya Chemicals and Fertilizers Limited,RCF.NS,RCF,1
RECLTD,REC Limited,RECLTD.NS,RECLTD,1
REDINGTON,Redington Limited,REDINGTON.NS,REDINGTON,1
REDTAPE,Redtape Limited,REDTAPE.NS,REDTAPE,1
REFEX,Refex Industries Limited,REFEX.NS,REFEX,1
REGENCERAM,Regency Ceramics Limited,REGENCERAM.NS,REGENCERAM,1
RELAXO,Relaxo Footwears Limited,RELAXO.NS,RELAXO,1
RELCHEMQ,Reliance Chemotex Industries Limited,RELCHEMQ.NS,RELCHEMQ,1
RELIABLE,Reliable Data Services Limited,RELIABLE.NS,RELIABLE,1
RELIANCE,Reliance Industries,RELIANCE.NS,RELIANCE,1
RELIGARE,Religare Enterprises Limited,RELIGARE.NS,RELIGARE,1
RELTD,Ravindra Energy Limited,RELTD.NS,RELTD,1
REMSONSIND,Remsons Industries Limited,REMSONSIND.NS,REMSONSIND,1
RENUKA,Shree Renuka Sugars Limited,RENUKA.NS,RENUKA,1
REPCOHOME,Repco Home Finance Limited,REPCOHOME.NS,REPCOHOME,1
REPRO,Repro India Limited,REPRO.NS,REPRO,1
RESPONIND,Responsive Industries Limited,RESPONIND.NS,RESPONIND,1
RETAIL,JHS Svendgaard Retail Ventures Limited,RETAIL.NS,RETAIL,1
RGL,Renaissance Global Limited,RGL.NS,RGL,1
RHETAN,Rhetan TMT Limited,RHETAN.NS,RHETAN,1
RHIM,RHI MAGNESITA INDIA LIMITED,RHIM.NS,RHIM,1
RHL,Robust Hotels Limited,RHL.NS,RHL,1
RICOAUTO,Rico Auto Industries Limited,RICOAUTO.NS,RICOAUTO,1
RIIL,Reliance Industrial Infrastructure Limited,RIIL.NS,RIIL,1
RISHABH,Rishabh Instruments Limited,RISHABH.NS,RISHABH,1
RITCO,Ritco Logistics Limited,RITCO.NS,RITCO,1
RITES,RITES Limited,RITES.NS,RITES,1
RKDL,Ravi Kumar Distilleries Limited,RKDL.NS,RKDL,1
RKEC,RKEC Projects Limited,RKEC.NS,RKEC,1
RKFORGE,Ramkrishna Forgings Limited,RKFORGE.NS,RKFORGE,1
RKSWAMY,R K Swamy Limited,RKSWAMY.NS,RKSWAMY,1
RMC,RMC Switchgears Limited,RMC.NS,RMC,1
RML,Rane (Madras) Limited,RML.NS,RML,1
RNBDENIMS,R&B Denims Limited,RNBDENIMS.NS,RNBDENIMS,1
ROHLTD,Royal Orchid Hotels Limited,ROHLTD.NS,ROHLTD,1
ROLEXRINGS,Rolex Rings Limited,ROLEXRINGS.NS,ROLEXRINGS,1
ROML,Raj Oil Mills Limited,ROML.NS,ROML,1
ROSSARI,Rossari Biotech Limited,ROSSARI.NS,ROSSARI,1
ROSSELLIND,Rossell India Limited,ROSSELLIND.NS,ROSSELLIND,1
ROSSTECH,Rossell Techsys Limited,ROSSTECH.NS,ROSSTECH,1
ROTO,Roto Pumps Limited,ROTO.NS,ROTO,1
ROUTE,ROUTE MOBILE LIMITED,ROUTE.NS,ROUTE,1
RPEL,Raghav Productivity Enhancers Limited,RPEL.NS,RPEL,1
RPGLIFE,RPG Life Sciences Limited,RPGLIFE.NS,RPGLIFE,1
RPOWER,Reliance Power Limited,RPOWER.NS,RPOWER,1
RPPINFRA,R.P.P. Infra Projects Limited,RPPINFRA.NS,RPPINFRA,1
RPPL,Rajshree Polypack Limited,RPPL.NS,RPPL,1
RPSGVENT,RPSG VENTURES LIMITED,RPSGVENT.NS,RPSGVENT,1
RPTECH,Rashi Peripherals Limited,RPTECH.NS,RPTECH,1
RRIL,RRIL Limited,RRIL.NS,RRIL,1
RRKABEL,R R Kabel Limited,RRKABEL.NS,RRKABEL,1
RSDFIN,RSD Finance Limited,RSDFIN.NS,RSDFIN,1
RSL,Rajputana Stainless Limited,RSL.NS,RSL,1
RSYSTEMS,R Systems International Limited,RSYSTEMS.NS,RSYSTEMS,1
RTNINDIA,RattanIndia Enterprises Limited,RTNINDIA.NS,RTNINDIA,1
RTNPOWER,RattanIndia Power Limited,RTNPOWER.NS,RTNPOWER,1
RUBFILA,Rubfila International Limited,RUBFILA.NS,RUBFILA,1
RUBICON,Rubicon Research Limited,RUBICON.NS,RUBICON,1
RUCHINFRA,Ruchi Infrastructure Limited,RUCHINFRA.NS,RUCHINFRA,1
RUCHIRA,Ruchira Papers Limited,RUCHIRA.NS,RUCHIRA,1
RUDRA,Rudra Global Infra Products Limited,RUDRA.NS,RUDRA,1
RUPA,Rupa & Company Limited,RUPA.NS,RUPA,1
RUSHIL,Rushil Decor Limited,RUSHIL.NS,RUSHIL,1
RUSTOMJEE,Keystone Realtors Limited,RUSTOMJEE.NS,RUSTOMJEE,1
RVHL,Ravinder Heights Limited,RVHL.NS,RVHL,1
RVNL,Rail Vikas Nigam Limited,RVNL.NS,RVNL,1
RVTH,Revathi Equipment India Limited,RVTH.NS,RVTH,1
S&SPOWER,S&S Power Switchgears Limited,S&SPOWER.NS,S_SPOWER,1
SAATVIKGL,Saatvik Green Energy Limited,SAATVIKGL.NS,SAATVIKGL,1
SABEVENTS,Sab Events & Governance Now Media Limited,SABEVENTS.NS,SABEVENTS,0
SADBHAV,Sadbhav Engineering Limited,SADBHAV.NS,SADBHAV,1
SAFARI,Safari Industries (India) Limited,SAFARI.NS,SAFARI,1
SAGARDEEP,Sagardeep Alloys Limited,SAGARDEEP.NS,SAGARDEEP,1
SAGCEM,Sagar Cements Limited,SAGCEM.NS,SAGCEM,1
SAGILITY,SAGILITY LIMITED,SAGILITY.NS,SAGILITY,1
SAHLIBHFI,Shalibhadra Finance Limited,SAHLIBHFI.NS,SAHLIBHFI,1
SAHYADRI,Sahyadri Industries Limited,SAHYADRI.NS,SAHYADRI,1
SAIL,Steel Authority of India Limited,SAIL.NS,SAIL,1
SAILIFE,Sai Life Sciences Limited,SAILIFE.NS,SAILIFE,1
SAIPARENT,Sai Parenterals Limited,SAIPARENT.NS,SAIPARENT,1
SAKAR,Sakar Healthcare Limited,SAKAR.NS,SAKAR,1
SAKHTISUG,Sakthi Sugars Limited,SAKHTISUG.NS,SAKHTISUG,1
SAKSOFT,Saksoft Limited,SAKSOFT.NS,SAKSOFT,1
SAKUMA,Sakuma Exports Limited,SAKUMA.NS,SAKUMA,1
SALASAR,Salasar Techno Engineering Limited,SALASAR.NS,SALASAR,1
SALONA,Salona Cotspin Limited,SALONA.NS,SALONA,1
SALZERELEC,Salzer Electronics Limited,SALZERELEC.NS,SALZERELEC,1
SAMBHAAV,Sambhaav Media Limited,SAMBHAAV.NS,SAMBHAAV,1
SAMBHV,Sambhv Steel Tubes Limited,SAMBHV.NS,SAMBHV,1
SAMHI,Samhi Hotels Limited,SAMHI.NS,SAMHI,1
SAMMAANCAP,Sammaan Capital Limited,SAMMAANCAP.NS,SAMMAANCAP,1
SAMPANN,Sampann Utpadan India Limited,SAMPANN.NS,SAMPANN,1
SANATHAN,Sanathan Textiles Limited,SANATHAN.NS,SANATHAN,1
SANDESH,The Sandesh Limited,SANDESH.NS,SANDESH,1
SANDHAR,Sandhar Technologies Limited,SANDHAR.NS,SANDHAR,1
SANDUMA,Sandur Manganese & Iron Ores Limited,SANDUMA.NS,SANDUMA,1
SANGAMIND,Sangam (India) Limited,SANGAMIND.NS,SANGAMIND,1
SANGHVIMOV,Sanghvi Movers Limited,SANGHVIMOV.NS,SANGHVIMOV,1
SANOFI,Sanofi India Limited,SANOFI.NS,SANOFI,1
SANOFICONR,Sanofi Consumer Healthcare India Limited,SANOFICONR.NS,SANOFICONR,1
SANSERA,Sansera Engineering Limited,SANSERA.NS,SANSERA,1
SANSTAR,Sanstar Limited,SANSTAR.NS,SANSTAR,1
SAPPHIRE,Sapphire Foods India Limited,SAPPHIRE.NS,SAPPHIRE,1
SAPPL,Shree Ajit Pulp & Paper Limited,SAPPL.NS,SAPPL,1
SARDAEN,Sarda Energy & Minerals Limited,SARDAEN.NS,SARDAEN,1
SAREGAMA,Saregama India Limited,SAREGAMA.NS,SAREGAMA,1
SARLAPOLY,Sarla Performance Fibers Limited,SARLAPOLY.NS,SARLAPOLY,1
SARVESHWAR,Sarveshwar Foods Limited,SARVESHWAR.NS,SARVESHWAR,1
SASKEN,Sasken Technologies Limited,SASKEN.NS,SASKEN,1
SATIA,Satia Industries Limited,SATIA.NS,SATIA,1
SATIN,Satin Creditcare Network Limited,SATIN.NS,SATIN,1
SAURASHCEM,Saurashtra Cement Limited,SAURASHCEM.NS,SAURASHCEM,1
SAYAJIHOTL,Sayaji Hotels Limited,SAYAJIHOTL.NS,SAYAJIHOTL,1
SBC,SBC Exports Limited,SBC.NS,SBC,1
SBCL,Shivalik Bimetal Controls Limited,SBCL.NS,SBCL,1
SBFC,SBFC Finance Limited,SBFC.NS,SBFC,1
SBGLP,Suratwwala Business Group Limited,SBGLP.NS,SBGLP,1
SBICARD,SBI Cards and Payment Services Limited,SBICARD.NS,SBICARD,1
SBILIFE,SBI Life Insurance,SBILIFE.NS,SBILIFE,1
SBIN,State Bank of India,SBIN.NS,SBIN,1
SCANSTL,Scan Steels Limited,SCANSTL.NS,SCANSTL,1
SCHAEFFLER,Schaeffler India Limited,SCHAEFFLER.NS,SCHAEFFLER,1
SCHAND,S Chand And Company Limited,SCHAND.NS,SCHAND,1
SCHNEIDER,Schneider Electric Infrastructure Limited,SCHNEIDER.NS,SCHNEIDER,1
SCI,Shipping Corporation Of India Limited,SCI.NS,SCI,1
SCILAL,Shipping Corporation of India Land and Assets Limited,SCILAL.NS,SCILAL,1
SCODATUBES,Scoda Tubes Limited,SCODATUBES.NS,SCODATUBES,1
SCPL,Sheetal Cool Products Limited,SCPL.NS,SCPL,1
SDBL,Som Distilleries & Breweries Limited,SDBL.NS,SDBL,1
SEAMECLTD,Seamec Limited,SEAMECLTD.NS,SEAMECLTD,1
SECMARK,SecMark Consultancy Limited,SECMARK.NS,SECMARK,1
SECURKLOUD,SECUREKLOUD TECHNOLOGIES LIMITED,SECURKLOUD.NS,SECURKLOUD,1
SEDEMAC,SEDEMAC Mechatronics Limited,SEDEMAC.NS,SEDEMAC,1
SEIL,Shanti Educational Initiatives Limited,SEIL.NS,SEIL,1
SELMC,SEL Manufacturing Company Limited,SELMC.NS,SELMC,1
SENCO,Senco Gold Limited,SENCO.NS,SENCO,1
SENORES,Senores Pharmaceuticals Limited,SENORES.NS,SENORES,1
SEPC,SEPC Limited,SEPC.NS,SEPC,1
SERVOTECH,Servotech Renewable Power System Limited,SERVOTECH.NS,SERVOTECH,1
SESHAPAPER,Seshasayee Paper and Boards Limited,SESHAPAPER.NS,SESHAPAPER,1
SETL,Standard Engineering Technology Limited,SETL.NS,SETL,1
SFL,Sheela Foam Limited,SFL.NS,SFL,1
SGFIN,SG Finserve Limited,SGFIN.NS,SGFIN,1
SGIL,Synergy Green Industries Limited,SGIL.NS,SGIL,1
SGL,STL Global Limited,SGL.NS,SGL,1
SGMART,SG Mart Limited,SGMART.NS,SGMART,1
SHADOWFAX,Shadowfax Technologies Limited,SHADOWFAX.NS,SHADOWFAX,1
SHAH,Shah Metacorp Limited,SHAH.NS,SHAH,1
SHAHALLOYS,Shah Alloys Limited,SHAHALLOYS.NS,SHAHALLOYS,1
SHAILY,Shaily Engineering Plastics Limited,SHAILY.NS,SHAILY,1
SHAKTIPUMP,Shakti Pumps (India) Limited,SHAKTIPUMP.NS,SHAKTIPUMP,1
SHALBY,Shalby Limited,SHALBY.NS,SHALBY,1
SHALPAINTS,Shalimar Paints Limited,SHALPAINTS.NS,SHALPAINTS,1
SHANKARA,Shankara Building Products Limited,SHANKARA.NS,SHANKARA,1
SHANTI,Shanti Overseas (India) Limited,SHANTI.NS,SHANTI,1
SHANTIGEAR,Shanthi Gears Limited,SHANTIGEAR.NS,SHANTIGEAR,1
SHANTIGOLD,Shanti Gold International Limited,SHANTIGOLD.NS,SHANTIGOLD,1
SHARDACROP,Sharda Cropchem Limited,SHARDACROP.NS,SHARDACROP,1
SHARDAMOTR,Sharda Motor Industries Limited,SHARDAMOTR.NS,SHARDAMOTR,1
SHAREINDIA,Share India Securities Limited,SHAREINDIA.NS,SHAREINDIA,1
SHBAJRG,Shri Bajrang Alliance Limited,SHBAJRG.NS,SHBAJRG,1
SHEKHAWATI,Shekhawati Industries Limited,SHEKHAWATI.NS,SHEKHAWATI,1
SHILCTECH,Shilchar Technologies Limited,SHILCTECH.NS,SHILCTECH,1
SHILPAMED,Shilpa Medicare Limited,SHILPAMED.NS,SHILPAMED,1
SHINDL,Sharat Industries Limited,SHINDL.NS,SHINDL,1
SHIVATEX,Shiva Texyarn Limited,SHIVATEX.NS,SHIVATEX,1
SHIVAUM,Shiv Aum Steels Limited,SHIVAUM.NS,SHIVAUM,1
SHK,S H Kelkar and Company Limited,SHK.NS,SHK,1
SHOPERSTOP,Shoppers Stop Limited,SHOPERSTOP.NS,SHOPERSTOP,1
SHRADHA,Shradha Realty Limited,SHRADHA.NS,SHRADHA,1
SHREDIGCEM,Shree Digvijay Cement Co.Ltd,SHREDIGCEM.NS,SHREDIGCEM,1
SHREECEM,SHREE CEMENT LIMITED,SHREECEM.NS,SHREECEM,1
SHREEJISPG,Shreeji Shipping Global Limited,SHREEJISPG.NS,SHREEJISPG,1
SHREEPUSHK,Shree Pushkar Chemicals & Fertilisers Limited,SHREEPUSHK.NS,SHREEPUSHK,1
SHREERAMA,Shree Rama Multi-Tech Limited,SHREERAMA.NS,SHREERAMA,1
SHREYANIND,Shreyans Industries Limited,SHREYANIND.NS,SHREYANIND,1
SHRIKRISH,Shri Krishna Devcon Limited,SHRIKRISH.NS,SHRIKRISH,1
SHRINGARMS,Shringar House of Mangalsutra Limited,SHRINGARMS.NS,SHRINGARMS,1
SHRIPISTON,SPR Auto Technologies Limited,SHRIPISTON.NS,SHRIPISTON,1
SHRIRAMFIN,Shriram Finance Limited,SHRIRAMFIN.NS,SHRIRAMFIN,1
SHRIRAMPPS,Shriram Properties Limited,SHRIRAMPPS.NS,SHRIRAMPPS,1
SHYAMMETL,Shyam Metalics and Energy Limited,SHYAMMETL.NS,SHYAMMETL,1
SICAGEN,Sicagen India Limited,SICAGEN.NS,SICAGEN,1
SICALLOG,Sical Logistics Limited,SICALLOG.NS,SICALLOG,1
SIEMENS,Siemens Limited,SIEMENS.NS,SIEMENS,1
SIGIND,Signet Industries Limited,SIGIND.NS,SIGIND,1
SIGMA,Sigma Solve Limited,SIGMA.NS,SIGMA,1
SIGNATURE,Signatureglobal (India) Limited,SIGNATURE.NS,SIGNATURE,1
SIGNPOST,Signpost India Limited,SIGNPOST.NS,SIGNPOST,1
SIKA,Sika Interplant Systems Limited,SIKA.NS,SIKA,1
SIKKO,Sikko Industries Limited,SIKKO.NS,SIKKO,1
SIL,Standard Industries Limited,SIL.NS,SIL,1
SILGO,Silgo Retail Limited,SILGO.NS,SILGO,1
SILINV,SIL Investments Limited,SILINV.NS,SILINV,1
SILLYMONKS,Silly Monks Entertainment Limited,SILLYMONKS.NS,SILLYMONKS,1
SILVERTUC,Silver Touch Technologies Limited,SILVERTUC.NS,SILVERTUC,1
SIMPLEXINF,Simplex Infrastructures Limited,SIMPLEXINF.NS,SIMPLEXINF,1
SINCLAIR,Sinclairs Hotels Limited,SINCLAIR.NS,SINCLAIR,1
SINDHUTRAD,Sindhu Trade Links Limited,SINDHUTRAD.NS,SINDHUTRAD,1
SINGERIND,Singer India Limited,SINGERIND.NS,SINGERIND,1
SINTERCOM,Sintercom India Limited,SINTERCOM.NS,SINTERCOM,1
SIRCA,Sirca Paints India Limited,SIRCA.NS,SIRCA,1
SIS,SIS LIMITED,SIS.NS,SIS,1
SIYSIL,Siyaram Silk Mills Limited,SIYSIL.NS,SIYSIL,1
SJS,S.J.S. Enterprises Limited,SJS.NS,SJS,1
SJVN,SJVN Limited,SJVN.NS,SJVN,1
SKFINDIA,SKF India Limited,SKFINDIA.NS,SKFINDIA,1
SKFINDUS,SKF India (Industrial) Limited,SKFINDUS.NS,SKFINDUS,1
SKIPPER,Skipper Limited,SKIPPER.NS,SKIPPER,1
SKMEGGPROD,SKM Egg Products Export (India) Limited,SKMEGGPROD.NS,SKMEGGPROD,1
SKYGOLD,SKY GOLD AND DIAMONDS LIMITED,SKYGOLD.NS,SKYGOLD,1
SMARTWORKS,Smartworks Coworking Spaces Limited,SMARTWORKS.NS,SMARTWORKS,1
SMCGLOBAL,SMC Global Securities Limited,SMCGLOBAL.NS,SMCGLOBAL,1
SMLMAH,SML Mahindra Limited,SMLMAH.NS,SMLMAH,1
SMLT,Sarthak Metals Limited,SMLT.NS,SMLT,1
SMSPHARMA,SMS Pharmaceuticals Limited,SMSPHARMA.NS,SMSPHARMA,1
SNOWMAN,Snowman Logistics Limited,SNOWMAN.NS,SNOWMAN,1
SOBHA,Sobha Limited,SOBHA.NS,SOBHA,1
SOLARA,Solara Active Pharma Sciences Limited,SOLARA.NS,SOLARA,1
SOLARINDS,Solar Industries India Limited,SOLARINDS.NS,SOLARINDS,1
SOLARWORLD,Solarworld Energy Solutions Limited,SOLARWORLD.NS,SOLARWORLD,1
SOLEX,Solex Energy Limited,SOLEX.NS,SOLEX,1
SOMANYCERA,Somany Ceramics Limited,SOMANYCERA.NS,SOMANYCERA,1
SOMATEX,Soma Textiles & Industries Limited,SOMATEX.NS,SOMATEX,1
SOMICONVEY,Somi Conveyor Beltings Limited,SOMICONVEY.NS,SOMICONVEY,1
SONACOMS,Sona BLW Precision Forgings Limited,SONACOMS.NS,SONACOMS,1
SONAMLTD,SONAM LIMITED,SONAMLTD.NS,SONAMLTD,1
SONATSOFTW,Sonata Software Limited,SONATSOFTW.NS,SONATSOFTW,1
SOTL,Savita Oil Technologies Limited,SOTL.NS,SOTL,1
SOUTHBANK,The South Indian Bank Limited,SOUTHBANK.NS,SOUTHBANK,1
SOUTHWEST,South West Pinnacle Exploration Limited,SOUTHWEST.NS,SOUTHWEST,1
SPAL,S. P. Apparels Limited,SPAL.NS,SPAL,1
SPANDANA,Spandana Sphoorty Financial Limited,SPANDANA.NS,SPANDANA,1
SPARC,Sun Pharma Advanced Research Company Limited,SPARC.NS,SPARC,1
SPCENET,Spacenet Enterprises India Limited,SPCENET.NS,SPCENET,1
SPECIALITY,Speciality Restaurants Limited,SPECIALITY.NS,SPECIALITY,1
SPECTRUM,Spectrum Electrical Industries Limited,SPECTRUM.NS,SPECTRUM,1
SPENCERS,Spencer's Retail Limited,SPENCERS.NS,SPENCERS,1
SPIC,Southern Petrochemicals Industries Corporation  Limited,SPIC.NS,SPIC,1
SPLIL,SPL Industries Limited,SPLIL.NS,SPLIL,1
SPLPETRO,Supreme Petrochem Limited,SPLPETRO.NS,SPLPETRO,1
SPMLINFRA,SPML Infra Limited,SPMLINFRA.NS,SPMLINFRA,1
SPORTKING,Sportking India Limited,SPORTKING.NS,SPORTKING,1
SRD,Shankar Lal Rampal Dye-Chem Limited,SRD.NS,SRD,1
SREEL,Sreeleathers Limited,SREEL.NS,SREEL,1
SRF,SRF Limited,SRF.NS,SRF,1
SRGHFL,SRG Housing Finance Limited,SRGHFL.NS,SRGHFL,1
SRHHYPOLTD,Sree Rayalaseema Hi-Strength Hypo Limited,SRHHYPOLTD.NS,SRHHYPOLTD,1
SRM,SRM Contractors Limited,SRM.NS,SRM,1
SRTL,Shree Ram Twistex Limited,SRTL.NS,SRTL,1
SSDL,Saraswati Saree Depot Limited,SSDL.NS,SSDL,1
SSWL,Steel Strips Wheels Limited,SSWL.NS,SSWL,1
STALLION,Stallion India Fluorochemicals Limited,STALLION.NS,STALLION,1
STANLEY,Stanley Lifestyles Limited,STANLEY.NS,STANLEY,1
STAR,Strides Pharma Science Limited,STAR.NS,STAR,1
STARCEMENT,Star Cement Limited,STARCEMENT.NS,STARCEMENT,1
STARHEALTH,Star Health and Allied Insurance Company Limited,STARHEALTH.NS,STARHEALTH,1
STARPAPER,Star Paper Mills Limited,STARPAPER.NS,STARPAPER,1
STARTECK,Starteck Finance Limited,STARTECK.NS,STARTECK,1
STCINDIA,The State Trading Corporation of India Limited,STCINDIA.NS,STCINDIA,1
STEELCAS,Steelcast Limited,STEELCAS.NS,STEELCAS,1
STEELCITY,Steel City Securities Limited,STEELCITY.NS,STEELCITY,1
STEELXIND,STEEL EXCHANGE INDIA LIMITED,STEELXIND.NS,STEELXIND,1
STEL,Stel Holdings Limited,STEL.NS,STEL,1
STOVEKRAFT,Stove Kraft Limited,STOVEKRAFT.NS,STOVEKRAFT,1
STUDDS,Studds Accessories Limited,STUDDS.NS,STUDDS,1
STYL,Seshaasai Technologies Limited,STYL.NS,STYL,1
STYLAMIND,Stylam Industries Limited,STYLAMIND.NS,STYLAMIND,1
STYRENIX,Styrenix Performance Materials Limited,STYRENIX.NS,STYRENIX,1
SUBROS,Subros Limited,SUBROS.NS,SUBROS,1
SUDARCOLOR,Sudarshan Colorants India Limited,SUDARCOLOR.NS,SUDARCOLOR,1
SUDARSCHEM,Sudarshan Chemical Industries Limited,SUDARSCHEM.NS,SUDARSCHEM,1
SUDEEPPHRM,Sudeep Pharma Limited,SUDEEPPHRM.NS,SUDEEPPHRM,1
SUKHJITS,Sukhjit Starch & Chemicals Limited,SUKHJITS.NS,SUKHJITS,1
SULA,Sula Vineyards Limited,SULA.NS,SULA,1
SUMEETINDS,Sumeet Industries Limited,SUMEETINDS.NS,SUMEETINDS,1
SUMICHEM,Sumitomo Chemical India Limited,SUMICHEM.NS,SUMICHEM,1
SUMMITSEC,Summit Securities Limited,SUMMITSEC.NS,SUMMITSEC,1
SUNCLAY,Sundaram Clayton Limited,SUNCLAY.NS,SUNCLAY,1
SUNDARAM,Sundaram Multi Pap Limited,SUNDARAM.NS,SUNDARAM,1
SUNDARMFIN,Sundaram Finance Limited,SUNDARMFIN.NS,SUNDARMFIN,1
SUNDRMFAST,Sundram Fasteners Limited,SUNDRMFAST.NS,SUNDRMFAST,1
SUNDROP,Sundrop Brands Limited,SUNDROP.NS,SUNDROP,1
SUNFLAG,Sunflag Iron And Steel Company Limited,SUNFLAG.NS,SUNFLAG,1
SUNPHARMA,Sun Pharmaceutical,SUNPHARMA.NS,SUNPHARMA,1
SUNTECK,Sunteck Realty Limited,SUNTECK.NS,SUNTECK,1
SUNTV,Sun TV Network Limited,SUNTV.NS,SUNTV,1
SUPERHOUSE,Superhouse Limited,SUPERHOUSE.NS,SUPERHOUSE,1
SUPRAJIT,Suprajit Engineering Limited,SUPRAJIT.NS,SUPRAJIT,1
SUPREME,Supreme Holdings & Hospitality (India) Limited,SUPREME.NS,SUPREME,1
SUPREMEIND,Supreme Industries Limited,SUPREMEIND.NS,SUPREMEIND,1
SUPREMEINF,Supreme Infrastructure India Limited,SUPREMEINF.NS,SUPREMEINF,1
SUPRIYA,Supriya Lifescience Limited,SUPRIYA.NS,SUPRIYA,1
SURAJEST,Suraj Estate Developers Limited,SURAJEST.NS,SURAJEST,1
SURAJLTD,Suraj Limited,SURAJLTD.NS,SURAJLTD,1
SURAKSHA,Suraksha Diagnostic Limited,SURAKSHA.NS,SURAKSHA,1
SURANASOL,Surana Solar Limited,SURANASOL.NS,SURANASOL,1
SURANAT&P,Surana Telecom and Power Limited,SURANAT&P.NS,SURANAT_P,1
SURYALA,Suryalata Spinning Mills Limited,SURYALA.NS,SURYALA,1
SURYALAXMI,Suryalakshmi Cotton Mills Limited,SURYALAXMI.NS,SURYALAXMI,1
SURYAROSNI,Surya Roshni Limited,SURYAROSNI.NS,SURYAROSNI,1
SURYODAY,Suryoday Small Finance Bank Limited,SURYODAY.NS,SURYODAY,1
SUVEN,Suven Life Sciences Limited,SUVEN.NS,SUVEN,1
SUVIDHAA,Suvidhaa Infoserve Limited,SUVIDHAA.NS,SUVIDHAA,1
SUYOG,Suyog Telematics Limited,SUYOG.NS,SUYOG,1
SUZLON,Suzlon Energy Limited,SUZLON.NS,SUZLON,1
SWANCORP,SWAN CORP LIMITED,SWANCORP.NS,SWANCORP,1
SWARAJENG,Swaraj Engines Limited,SWARAJENG.NS,SWARAJENG,1
SWELECTES,Swelect Energy Systems Limited,SWELECTES.NS,SWELECTES,1
SWIGGY,Swiggy Limited,SWIGGY.NS,SWIGGY,1
SWSOLAR,Sterling and Wilson Renewable Energy Limited,SWSOLAR.NS,SWSOLAR,1
SYMPHONY,Symphony Limited,SYMPHONY.NS,SYMPHONY,1
SYNCOMF,Syncom Formulations (India) Limited,SYNCOMF.NS,SYNCOMF,1
SYNGENE,Syngene International Limited,SYNGENE.NS,SYNGENE,1
SYRMA,Syrma SGS Technology Limited,SYRMA.NS,SYRMA,1
TAALTECH,Taal Tech Limited,TAALTECH.NS,TAALTECH,1
TAINWALCHM,Tainwala Chemical and Plastic (I) Limited,TAINWALCHM.NS,TAINWALCHM,1
TAJGVK,Taj GVK Hotels & Resorts Limited,TAJGVK.NS,TAJGVK,1
TAKE,Take Solutions Limited,TAKE.NS,TAKE,1
TALBROAUTO,Talbros Automotive Components Limited,TALBROAUTO.NS,TALBROAUTO,1
TANLA,Tanla Platforms Limited,TANLA.NS,TANLA,1
TARACHAND,Tara Chand InfraLogistic Solutions Limited,TARACHAND.NS,TARACHAND,1
TARAPUR,Tarapur Transformers Limited,TARAPUR.NS,TARAPUR,1
TARC,TARC Limited,TARC.NS,TARC,1
TARIL,Transformers And Rectifiers (India) Limited,TARIL.NS,TARIL,1
TARMAT,Tarmat Limited,TARMAT.NS,TARMAT,1
TARSONS,Tarsons Products Limited,TARSONS.NS,TARSONS,1
TASTYBITE,Tasty Bite Eatables Limited,TASTYBITE.NS,TASTYBITE,1
TATACAP,Tata Capital Limited,TATACAP.NS,TATACAP,1
TATACHEM,Tata Chemicals Limited,TATACHEM.NS,TATACHEM,1
TATACOMM,Tata Communications Limited,TATACOMM.NS,TATACOMM,1
TATACONSUM,Tata Consumer Products,TATACONSUM.NS,TATACONSUM,1
TATAELXSI,Tata Elxsi Limited,TATAELXSI.NS,TATAELXSI,1
TATAINVEST,Tata Investment Corporation Limited,TATAINVEST.NS,TATAINVEST,1
TATAPOWER,Tata Power Company Limited,TATAPOWER.NS,TATAPOWER,1
TATASTEEL,Tata Steel,TATASTEEL.NS,TATASTEEL,1
TATATECH,Tata Technologies Limited,TATATECH.NS,TATATECH,1
TATVA,Tatva Chintan Pharma Chem Limited,TATVA.NS,TATVA,1
TBOTEK,TBO Tek Limited,TBOTEK.NS,TBOTEK,1
TBZ,Tribhovandas Bhimji Zaveri Limited,TBZ.NS,TBZ,1
TCC,TCC Concept Limited,TCC.NS,TCC,1
TCI,Transport Corporation of India Limited,TCI.NS,TCI,1
TCIEXP,TCI Express Limited,TCIEXP.NS,TCIEXP,1
TCPLPACK,TCPL Packaging Limited,TCPLPACK.NS,TCPLPACK,1
TCS,Tata Consultancy Services,TCS.NS,TCS,1
TDPOWERSYS,TD Power Systems Limited,TDPOWERSYS.NS,TDPOWERSYS,1
TEAMGTY,Team India Guaranty Limited,TEAMGTY.NS,TEAMGTY,1
TEAMLEASE,Teamlease Services Limited,TEAMLEASE.NS,TEAMLEASE,1
TECHM,Tech Mahindra,TECHM.NS,TECHM,1
TECHNOE,Techno Electric & Engineering Company Limited,TECHNOE.NS,TECHNOE,1
TECHNVISN,TechNVision Ventures Limited,TECHNVISN.NS,TECHNVISN,1
TECILCHEM,TECIL Chemicals and Hydro Power Limited,TECILCHEM.NS,TECILCHEM,1
TEGA,Tega Industries Limited,TEGA.NS,TEGA,1
TEJASNET,Tejas Networks Limited,TEJASNET.NS,TEJASNET,1
TEMBO,Tembo Global Industries Limited,TEMBO.NS,TEMBO,1
TENNIND,Tenneco Clean Air India Limited,TENNIND.NS,TENNIND,1
TERASOFT,Tera Software Limited,TERASOFT.NS,TERASOFT,1
TEXINFRA,Texmaco Infrastructure & Holdings Limited,TEXINFRA.NS,TEXINFRA,1
TEXMOPIPES,Texmo Pipes and Products Limited,TEXMOPIPES.NS,TEXMOPIPES,1
TEXRAIL,Texmaco Rail & Engineering Limited,TEXRAIL.NS,TEXRAIL,1
TFCILTD,Tourism Finance Corporation of India Limited,TFCILTD.NS,TFCILTD,1
TFL,Transwarranty Finance Limited,TFL.NS,TFL,1
TGBHOTELS,TGB Banquets And Hotels Limited,TGBHOTELS.NS,TGBHOTELS,1
THANGAMAYL,Thangamayil Jewellery Limited,THANGAMAYL.NS,THANGAMAYL,1
THEINVEST,The Investment Trust Of India Limited,THEINVEST.NS,THEINVEST,1
THEJO,Thejo Engineering Limited,THEJO.NS,THEJO,1
THELEELA,Leela Palaces Hotels & Resorts Limited,THELEELA.NS,THELEELA,1
THEMISMED,Themis Medicare Limited,THEMISMED.NS,THEMISMED,1
THERMAX,Thermax Limited,THERMAX.NS,THERMAX,1
THOMASCOOK,Thomas Cook  (India)  Limited,THOMASCOOK.NS,THOMASCOOK,1
THOMASCOTT,Thomas Scott (India) Limited,THOMASCOTT.NS,THOMASCOTT,1
THYROCARE,Thyrocare Technologies Limited,THYROCARE.NS,THYROCARE,1
TI,Tilaknagar Industries Limited,TI.NS,TI,1
TIIL,Technocraft Industries (India) Limited,TIIL.NS,TIIL,1
TIINDIA,Tube Investments of India Limited,TIINDIA.NS,TIINDIA,1
TIJARIA,Tijaria Polypipes Limited,TIJARIA.NS,TIJARIA,1
TIL,TIL Limited,TIL.NS,TIL,1
TIMETECHNO,Time Technoplast Limited,TIMETECHNO.NS,TIMETECHNO,1
TIMEX,Timex Group India Limited,TIMEX.NS,TIMEX,1
TIMKEN,Timken India Limited,TIMKEN.NS,TIMKEN,1
TINNARUBR,Tinna Rubber and Infrastructure Limited,TINNARUBR.NS,TINNARUBR,1
TIPSFILMS,Tips Films Limited,TIPSFILMS.NS,TIPSFILMS,1
TIPSMUSIC,Tips Music Limited,TIPSMUSIC.NS,TIPSMUSIC,1
TIRUMALCHM,Thirumalai Chemicals Limited,TIRUMALCHM.NS,TIRUMALCHM,1
TITAGARH,TITAGARH RAIL SYSTEMS LIMITED,TITAGARH.NS,TITAGARH,1
TITAN,Titan Company,TITAN.NS,TITAN,1
TMB,Tamilnad Mercantile Bank Limited,TMB.NS,TMB,1
TMCV,Tata Motors Limited,TMCV.NS,TMCV,1
TMPV,Tata Motors Passenger Vehicles Limited,TMPV.NS,TMPV,1
TNPETRO,Tamilnadu PetroProducts Limited,TNPETRO.NS,TNPETRO,1
TNPL,Tamil Nadu Newsprint & Papers Limited,TNPL.NS,TNPL,1
TNTELE,Tamilnadu Telecommunication Limited,TNTELE.NS,TNTELE,1
TOLINS,Tolins Tyres Limited,TOLINS.NS,TOLINS,1
TORNTPHARM,Torrent Pharmaceuticals Limited,TORNTPHARM.NS,TORNTPHARM,1
TORNTPOWER,Torrent Power Limited,TORNTPOWER.NS,TORNTPOWER,1
TOTAL,Total Transport Systems Limited,TOTAL.NS,TOTAL,1
TOUCHWOOD,Touchwood Entertainment Limited,TOUCHWOOD.NS,TOUCHWOOD,1
TPHQ,Teamo Productions HQ Limited,TPHQ.NS,TPHQ,1
TPLPLASTEH,TPL Plastech Limited,TPLPLASTEH.NS,TPLPLASTEH,1
TRACXN,Tracxn Technologies Limited,TRACXN.NS,TRACXN,1
TRANSPEK,Transpek Industry Limited,TRANSPEK.NS,TRANSPEK,1
TRANSRAILL,Transrail Lighting Limited,TRANSRAILL.NS,TRANSRAILL,1
TRAVELFOOD,Travel Food Services Limited,TRAVELFOOD.NS,TRAVELFOOD,1
TREEHOUSE,Tree House Education & Accessories Limited,TREEHOUSE.NS,TREEHOUSE,1
TREJHARA,TREJHARA SOLUTIONS LIMITED,TREJHARA.NS,TREJHARA,1
TREL,Transindia Real Estate Limited,TREL.NS,TREL,1
TRENT,Trent Limited,TRENT.NS,TRENT,1
TRF,TRF Limited,TRF.NS,TRF,1
TRIDENT,Trident Limited,TRIDENT.NS,TRIDENT,1
TRIGYN,Trigyn Technologies Limited,TRIGYN.NS,TRIGYN,1
TRITURBINE,Triveni Turbine Limited,TRITURBINE.NS,TRITURBINE,1
TRU,TruCap Finance Limited,TRU.NS,TRU,1
TRUALT,TruAlt Bioenergy Limited,TRUALT.NS,TRUALT,1
TSFINV,TSF INVESTMENTS LIMITED,TSFINV.NS,TSFINV,1
TTKHLTCARE,TTK Healthcare Limited,TTKHLTCARE.NS,TTKHLTCARE,1
TTKPRESTIG,TTK Prestige Limited,TTKPRESTIG.NS,TTKPRESTIG,1
TTL,T T Limited,TTL.NS,TTL,1
TTML,Tata Teleservices (Maharashtra) Limited,TTML.NS,TTML,1
TVSELECT,TVS Electronics Limited,TVSELECT.NS,TVSELECT,1
TVSHLTD,TVS Holdings Limited,TVSHLTD.NS,TVSHLTD,1
TVSMOTOR,TVS Motor Company Limited,TVSMOTOR.NS,TVSMOTOR,1
TVSSCS,TVS Supply Chain Solutions Limited,TVSSCS.NS,TVSSCS,1
TVSSRICHAK,TVS Srichakra Limited,TVSSRICHAK.NS,TVSSRICHAK,1
TVTODAY,TV Today Network Limited,TVTODAY.NS,TVTODAY,1
TVVISION,TV Vision Limited,TVVISION.NS,TVVISION,1
UBL,United Breweries Limited,UBL.NS,UBL,1
UCAL,UCAL LIMITED,UCAL.NS,UCAL,1
UCOBANK,UCO Bank,UCOBANK.NS,UCOBANK,1
UDS,Updater Services Limited,UDS.NS,UDS,1
UEL,Ujaas Energy Limited,UEL.NS,UEL,1
UFBL,United Foodbrands Limited,UFBL.NS,UFBL,1
UFLEX,UFLEX Limited,UFLEX.NS,UFLEX,1
UFO,UFO Moviez India Limited,UFO.NS,UFO,1
UGARSUGAR,The Ugar Sugar Works Limited,UGARSUGAR.NS,UGARSUGAR,1
UGROCAP,Ugro Capital Limited,UGROCAP.NS,UGROCAP,1
UJJIVANSFB,Ujjivan Small Finance Bank Limited,UJJIVANSFB.NS,UJJIVANSFB,1
ULTRACEMCO,UltraTech Cement,ULTRACEMCO.NS,ULTRACEMCO,1
ULTRAMAR,Ultramarine & Pigments Limited,ULTRAMAR.NS,ULTRAMAR,1
UMESLTD,Usha Martin Education & Solutions Limited,UMESLTD.NS,UMESLTD,1
UMIYA-MRO,UMIYA BUILDCON LIMITED,UMIYA-MRO.NS,UMIYA.MRO,1
UNICHEMLAB,Unichem Laboratories Limited,UNICHEMLAB.NS,UNICHEMLAB,1
UNIECOM,Unicommerce Esolutions Limited,UNIECOM.NS,UNIECOM,1
UNIENTER,Uniphos Enterprises Limited,UNIENTER.NS,UNIENTER,1
UNIMECH,Unimech Aerospace and Manufacturing Limited,UNIMECH.NS,UNIMECH,1
UNIONBANK,Union Bank of India,UNIONBANK.NS,UNIONBANK,1
UNIPARTS,Uniparts India Limited,UNIPARTS.NS,UNIPARTS,1
UNITDSPR,United Spirits Limited,UNITDSPR.NS,UNITDSPR,1
UNITECH,Unitech Limited,UNITECH.NS,UNITECH,1
UNITEDTEA,The United Nilgiri Tea Estates Company Limited,UNITEDTEA.NS,UNITEDTEA,1
UNIVCABLES,Universal Cables Limited,UNIVCABLES.NS,UNIVCABLES,1
UNOMINDA,UNO Minda Limited,UNOMINDA.NS,UNOMINDA,1
UPL,UPL Limited,UPL.NS,UPL,1
URBANCO,Urban Company Limited,URBANCO.NS,URBANCO,1
URJA,Urja Global Limited,URJA.NS,URJA,1
USHAMART,Usha Martin Limited,USHAMART.NS,USHAMART,1
USK,Udayshivakumar Infra Limited,USK.NS,USK,1
UTIAMC,UTI Asset Management Company Limited,UTIAMC.NS,UTIAMC,1
UTKARSHBNK,Utkarsh Small Finance Bank Limited,UTKARSHBNK.NS,UTKARSHBNK,1
UTLSOLAR,Fujiyama Power Systems Limited,UTLSOLAR.NS,UTLSOLAR,1
UTTAMSUGAR,Uttam Sugar Mills Limited,UTTAMSUGAR.NS,UTTAMSUGAR,1
UYFINCORP,U. Y. Fincorp Limited,UYFINCORP.NS,UYFINCORP,1
V2RETAIL,V2 Retail Limited,V2RETAIL.NS,V2RETAIL,1
VADILALIND,Vadilal Industries Limited,VADILALIND.NS,VADILALIND,1
VAIBHAVGBL,Vaibhav Global Limited,VAIBHAVGBL.NS,VAIBHAVGBL,1
VAISHALI,Vaishali Pharma Limited,VAISHALI.NS,VAISHALI,1
VAKRANGEE,Vakrangee Limited,VAKRANGEE.NS,VAKRANGEE,1
VARDMNPOLY,Vardhman Polytex Limited,VARDMNPOLY.NS,VARDMNPOLY,1
VARROC,Varroc Engineering Limited,VARROC.NS,VARROC,1
VASWANI,Vaswani Industries Limited,VASWANI.NS,VASWANI,1
VBL,Varun Beverages Limited,VBL.NS,VBL,1
VCL,Vaxtex Cotfab Limited,VCL.NS,VCL,1
VEDL,Vedanta Limited,VEDL.NS,VEDL,1
VEEDOL,Veedol Corporation Limited,VEEDOL.NS,VEEDOL,1
VENKEYS,Venky's (India) Limited,VENKEYS.NS,VENKEYS,1
VENTIVE,Ventive Hospitality Limited,VENTIVE.NS,VENTIVE,1
VENUSPIPES,Venus Pipes & Tubes Limited,VENUSPIPES.NS,VENUSPIPES,1
VERANDA,Veranda Learning Solutions Limited,VERANDA.NS,VERANDA,1
VESUVIUS,Vesuvius India Limited,VESUVIUS.NS,VESUVIUS,1
VGL,VARVEE GLOBAL LIMITED,VGL.NS,VGL,1
VGUARD,V-Guard Industries Limited,VGUARD.NS,VGUARD,1
VHL,Vardhman Holdings Limited,VHL.NS,VHL,1
VIDHIING,Vidhi Specialty Food Ingredients Limited,VIDHIING.NS,VIDHIING,1
VIDYAWIRES,Vidya Wires Limited,VIDYAWIRES.NS,VIDYAWIRES,1
VIJAYA,Vijaya Diagnostic Centre Limited,VIJAYA.NS,VIJAYA,1
VIKASECO,Vikas EcoTech Limited,VIKASECO.NS,VIKASECO,1
VIKASLIFE,Vikas Lifecare Limited,VIKASLIFE.NS,VIKASLIFE,1
VIKRAMSOLR,Vikram Solar Limited,VIKRAMSOLR.NS,VIKRAMSOLR,1
VIKRAN,Vikran Engineering Limited,VIKRAN.NS,VIKRAN,1
VIMTALABS,Vimta Labs Limited,VIMTALABS.NS,VIMTALABS,1
VINATIORGA,Vinati Organics Limited,VINATIORGA.NS,VINATIORGA,1
VINCOFE,Vintage Coffee And Beverages Limited,VINCOFE.NS,VINCOFE,1
VINDHYATEL,Vindhya Telelinks Limited,VINDHYATEL.NS,VINDHYATEL,1
VINNY,Vinny Overseas Limited,VINNY.NS,VINNY,1
VINYLINDIA,Vinyl Chemicals (India) Limited,VINYLINDIA.NS,VINYLINDIA,1
VIPIND,VIP Industries Limited,VIPIND.NS,VIPIND,1
VIRINCHI,Virinchi Limited,VIRINCHI.NS,VIRINCHI,1
VISAKAIND,Visaka Industries Limited,VISAKAIND.NS,VISAKAIND,1
VISHNU,Vishnu Chemicals Limited,VISHNU.NS,VISHNU,1
VISHWARAJ,Vishwaraj Sugar Industries Limited,VISHWARAJ.NS,VISHWARAJ,1
VIVIDHA,Visagar Polytex Limited,VIVIDHA.NS,VIVIDHA,1
VIYASH,Viyash Scientific Limited,VIYASH.NS,VIYASH,1
VLSFINANCE,VLS Finance Limited,VLSFINANCE.NS,VLSFINANCE,1
VMART,V-Mart Retail Limited,VMART.NS,VMART,1
VMM,Vishal Mega Mart Limited,VMM.NS,VMM,1
VOLTAMP,Voltamp Transformers Limited,VOLTAMP.NS,VOLTAMP,1
VOLTAS,Voltas Limited,VOLTAS.NS,VOLTAS,1
VRAJ,Vraj Iron and Steel Limited,VRAJ.NS,VRAJ,1
VRLLOG,VRL Logistics Limited,VRLLOG.NS,VRLLOG,1
VSSL,Vardhman Special Steels Limited,VSSL.NS,VSSL,1
VSTIND,VST Industries Limited,VSTIND.NS,VSTIND,1
VSTL,Vibhor Steel Tubes Limited,VSTL.NS,VSTL,1
VSTTILLERS,V.S.T Tillers Tractors Limited,VSTTILLERS.NS,VSTTILLERS,1
VTL,Vardhman Textiles Limited,VTL.NS,VTL,1
WAAREEENER,Waaree Energies Limited,WAAREEENER.NS,WAAREEENER,1
WAAREEINDO,Indosolar Limited,WAAREEINDO.NS,WAAREEINDO,1
WAAREERTL,Waaree Renewable Technologies Limited,WAAREERTL.NS,WAAREERTL,1
WABAG,VA Tech Wabag Limited,WABAG.NS,WABAG,1
WAKEFIT,Wakefit Innovations Limited,WAKEFIT.NS,WAKEFIT,1
WALCHANNAG,Walchandnagar Industries Limited,WALCHANNAG.NS,WALCHANNAG,1
WANBURY,Wanbury Limited,WANBURY.NS,WANBURY,1
WCIL,Western Carriers (India) Limited,WCIL.NS,WCIL,1
WEALTH,Wealth First Portfolio Managers Limited,WEALTH.NS,WEALTH,1
WEBELSOLAR,Websol Energy System Limited,WEBELSOLAR.NS,WEBELSOLAR,1
WEIZMANIND,Weizmann Limited,WEIZMANIND.NS,WEIZMANIND,1
WEL,Wonder Electricals Limited,WEL.NS,WEL,1
WELCORP,Welspun Corp Limited,WELCORP.NS,WELCORP,1
WELENT,Welspun Enterprises Limited,WELENT.NS,WELENT,1
WELSPLSOL,Welspun Specialty Solutions Limited,WELSPLSOL.NS,WELSPLSOL,1
WELSPUNLIV,Welspun Living Limited,WELSPUNLIV.NS,WELSPUNLIV,1
WENDT,Wendt (India) Limited,WENDT.NS,WENDT,1
WESTLIFE,WESTLIFE FOODWORLD LIMITED,WESTLIFE.NS,WESTLIFE,1
WEWORK,WeWork India Management Limited,WEWORK.NS,WEWORK,1
WHEELS,Wheels India Limited,WHEELS.NS,WHEELS,1
WHIRLPOOL,Whirlpool of India Limited,WHIRLPOOL.NS,WHIRLPOOL,1
WILLAMAGOR,Williamson Magor & Company Limited,WILLAMAGOR.NS,WILLAMAGOR,1
WINDLAS,Windlas Biotech Limited,WINDLAS.NS,WINDLAS,1
WINDMACHIN,Windsor Machines Limited,WINDMACHIN.NS,WINDMACHIN,1
WIPL,The Western India Plywoods Limited,WIPL.NS,WIPL,1
WIPRO,Wipro,WIPRO.NS,WIPRO,1
WOCKPHARMA,Wockhardt Limited,WOCKPHARMA.NS,WOCKPHARMA,1
WONDERLA,Wonderla Holidays Limited,WONDERLA.NS,WONDERLA,1
WORTHPERI,Worth Peripherals Limited,WORTHPERI.NS,WORTHPERI,1
WPIL,WPIL Limited,WPIL.NS,WPIL,1
WSI,W S Industries (I) Limited,WSI.NS,WSI,1
WSTCSTPAPR,West Coast Paper Mills Limited,WSTCSTPAPR.NS,WSTCSTPAPR,1
XCHANGING,Xchanging Solutions Limited,XCHANGING.NS,XCHANGING,1
XELPMOC,Xelpmoc Design And Tech Limited,XELPMOC.NS,XELPMOC,1
XPROINDIA,Xpro India Limited,XPROINDIA.NS,XPROINDIA,1
XTGLOBAL,Xtglobal Infotech Limited,XTGLOBAL.NS,XTGLOBAL,1
YASHO,Yasho Industries Limited,YASHO.NS,YASHO,1
YATHARTH,Yatharth Hospital & Trauma Care Services Limited,YATHARTH.NS,YATHARTH,1
YATRA,Yatra Online Limited,YATRA.NS,YATRA,1
YESBANK,Yes Bank Limited,YESBANK.NS,YESBANK,1
YUKEN,Yuken India Limited,YUKEN.NS,YUKEN,1
ZAGGLE,Zaggle Prepaid Ocean Services Limited,ZAGGLE.NS,ZAGGLE,1
ZEEL,Zee Entertainment Enterprises Limited,ZEEL.NS,ZEEL,1
ZEEMEDIA,Zee Media Corporation Limited,ZEEMEDIA.NS,ZEEMEDIA,1
ZENITHEXPO,Zenith Exports Limited,ZENITHEXPO.NS,ZENITHEXPO,1
ZENITHSTL,Zenith Steel Pipes & Industries Limited,ZENITHSTL.NS,ZENITHSTL,1
ZENSARTECH,Zensar Technologies Limited,ZENSARTECH.NS,ZENSARTECH,1
ZENTEC,Zen Technologies Limited,ZENTEC.NS,ZENTEC,1
ZFCVINDIA,ZF Commercial Vehicle Control Systems India Limited,ZFCVINDIA.NS,ZFCVINDIA,1
ZFSTEERING,ZF Steering Gear (India) Limited,ZFSTEERING.NS,ZFSTEERING,1
ZODIACLOTH,Zodiac Clothing Company Limited,ZODIACLOTH.NS,ZODIACLOTH,1
ZOTA,Zota Health Care LImited,ZOTA.NS,ZOTA,1
ZSARACOM,Saraswati Commercial India Limited,ZSARACOM.NS,ZSARACOM,1
ZUARI,Zuari Agro Chemicals Limited,ZUARI.NS,ZUARI,1
ZUARIIND,ZUARI INDUSTRIES LIMITED,ZUARIIND.NS,ZUARIIND,1
ZYDUSLIFE,Zydus Lifesciences Limited,ZYDUSLIFE.NS,ZYDUSLIFE,1
ZYDUSWELL,Zydus Wellness Limited,ZYDUSWELL.NS,ZYDUSWELL,1
